AÑO,UNIVERSIDAD,CARRERA,MATRICULADOS,REGION_PLANIFICACION_SEDE,GAM_SEDE,GRADO_ACADEMICO,NIVEL_ACADEMICO,NIVEL_CINE,AREA_CONOCIMIENTO,DISCIPLINA,AREA_UNESCO,DISCIPLINA_UNESCO,STEM_MICITT
2021,Tecnológico de Costa Rica,Administración de Empresas,2006,Región Central,GAM,Bachillerato,Grado,CINE 6,Ciencias Económicas,Administración,Administración de Empresas y Derecho,Educación Comercial y Administración,NO STEM
2021,Tecnológico de Costa Rica,Administración de Empresas énfasis Administración Financiera,98,Región Central,GAM,Licenciatura,Grado,CINE 6,Ciencias Económicas,Finanzas,Administración de Empresas y Derecho,Educación Comercial y Administración,NO STEM
2021,Tecnológico de Costa Rica,Administración de Empresas énfasis Contaduría Pública,46,Región Central,GAM,Licenciatura,Grado,CINE 6,Ciencias Económicas,Contaduría,Administración de Empresas y Derecho,Educación Comercial y Administración,NO STEM
2021,Tecnológico de Costa Rica,Administración de Empresas énfasis Mercadeo,53,Región Central,GAM,Licenciatura,Grado,CINE 6,Ciencias Económicas,Mercadeo,Administración de Empresas y Derecho,Educación Comercial y Administración,NO STEM
2021,Tecnológico de Costa Rica,Administración de Empresas énfasis Recursos Humanos,1,Región Central,GAM,Licenciatura,Grado,CINE 6,Ciencias Económicas,Administración de Recursos Humanos,Administración de Empresas y Derecho,Educación Comercial y Administración,NO STEM
2021,Tecnológico de Costa Rica,Administración de Ingeniería Electromecánica énfasis Administración de Energía,11,Sin Información,Sin información,Maestría,Posgrado,CINE 7,Ingeniería,Ingeniería Mecánica,"Ingeniería, Industria y Construcción",Ingeniería y Profesiones Afines,STEM
2021,Tecnológico de Costa Rica,Administración de Ingeniería Electromecánica énfasis Gerencia de Mantenimiento,38,Sin Información,Sin información,Maestría,Posgrado,CINE 7,Ingeniería,Ingeniería Mecánica,"Ingeniería, Industria y Construcción",Ingeniería y Profesiones Afines,STEM
2021,Tecnológico de Costa Rica,Administración de Tecnologías de Información,393,Región Central,GAM,Licenciatura,Grado,CINE 6,Computación,Tecnologías de Información,Tecnologías de la Información y Comunicación,Tecnologías de la Información y la Comunicación (TIC),STEM
2021,Tecnológico de Costa Rica,Arquitectura y Urbanismo,260,Región Central,GAM,Licenciatura,Grado,CINE 6,Ingeniería,Arquitectura,"Ingeniería, Industria y Construcción",Arquitectura y Construcción,STEM
2021,Tecnológico de Costa Rica,Cadena de Abastecimiento,42,Sin Información,Sin información,Maestría,Posgrado,CINE 7,Ingeniería,Ingeniería Industrial,"Ingeniería, Industria y Construcción",Industria y Producción,STEM
2021,Tecnológico de Costa Rica,Ciencia y Tecnología para la Sostenibilidad,13,Sin Información,Sin información,Maestría,Posgrado,CINE 7,Ciencias Básicas,Ciencias,"Ciencias Naturales, Matemáticas y Estadística",Medio Ambiente,STEM
2021,Tecnológico de Costa Rica,Ciencias Forestales,6,Sin Información,Sin información,Maestría,Posgrado,CINE 7,Recursos Naturales,Forestales,"Ciencias Naturales, Matemáticas y Estadística",Medio Ambiente,STEM
2021,Tecnológico de Costa Rica,Ciencias Naturales para el Desarrollo énfasis Gestión y Cultura Ambiental,1,Sin Información,Sin información,Doctorado,Posgrado,CINE 8,Ciencias Básicas,Ciencias,"Ciencias Naturales, Matemáticas y Estadística",Medio Ambiente,STEM
2021,Tecnológico de Costa Rica,Ciencias Naturales para el Desarrollo énfasis Sistemas de Producción Agrícola,6,Sin Información,Sin información,Doctorado,Posgrado,CINE 8,Ciencias Básicas,Ciencias,"Ciencias Naturales, Matemáticas y Estadística",Medio Ambiente,STEM
2021,Tecnológico de Costa Rica,Ciencias Naturales para el Desarrollo énfasis Tecnologías Electrónicas Aplicadas,1,Sin Información,Sin información,Doctorado,Posgrado,CINE 8,Ciencias Básicas,Ciencias,"Ciencias Naturales, Matemáticas y Estadística",Medio Ambiente,STEM
2021,Tecnológico de Costa Rica,Computación,1,Sin Información,Sin información,Maestría,Posgrado,CINE 7,Computación,Ciencias de la Computación,Tecnologías de la Información y Comunicación,Tecnologías de la Información y la Comunicación (TIC),STEM
2021,Tecnológico de Costa Rica,Computación énfasis Ciencias de la Computación,107,Sin Información,Sin información,Maestría,Posgrado,CINE 7,Computación,Ciencias de la Computación,Tecnologías de la Información y Comunicación,Tecnologías de la Información y la Comunicación (TIC),STEM
2021,Tecnológico de Costa Rica,Computación énfasis Sistemas de Información,11,Sin Información,Sin información,Maestría,Posgrado,CINE 7,Computación,Sistemas de Información,Tecnologías de la Información y Comunicación,Tecnologías de la Información y la Comunicación (TIC),STEM
2021,Tecnológico de Costa Rica,Computación énfasis Telemática,1,Sin Información,Sin información,Maestría,Posgrado,CINE 7,Computación,Ingeniería en Computadores,Tecnologías de la Información y Comunicación,Tecnologías de la Información y la Comunicación (TIC),STEM
2021,Tecnológico de Costa Rica,Dirección de Empresas,91,Sin Información,Sin información,Maestría,Posgrado,CINE 7,Ciencias Económicas,Administración,Administración de Empresas y Derecho,Educación Comercial y Administración,NO STEM
2021,Tecnológico de Costa Rica,Educación Técnica,6,Región Central,GAM,Licenciatura,Grado,CINE 6,Educación,Educación Técnica,Educación,Educación,NO STEM
2021,Tecnológico de Costa Rica,Electrónica énfasis Microsistemas,7,Sin Información,Sin información,Maestría,Posgrado,CINE 7,Ingeniería,Ingeniería Electrónica,"Ingeniería, Industria y Construcción",Ingeniería y Profesiones Afines,STEM
2021,Tecnológico de Costa Rica,Enseñanza de la Matemática con Entornos Tecnológicos,176,Región Central,GAM,Bachillerato,Grado,CINE 6,Educación,Enseñanza de Matemática,Educación,Educación,NO STEM
2021,Tecnológico de Costa Rica,Gerencia de Proyectos Ingeniería de la Construcción,34,Sin Información,Sin información,Maestría,Posgrado,CINE 7,Ciencias Económicas,Administración de Proyectos,Administración de Empresas y Derecho,Educación Comercial y Administración,NO STEM
2021,Tecnológico de Costa Rica,Gerencia de Proyectos énfasis Proyectos Empresariales,192,Sin Información,Sin información,Maestría,Posgrado,CINE 7,Ciencias Económicas,Administración de Proyectos,Administración de Empresas y Derecho,Educación Comercial y Administración,NO STEM
2021,Tecnológico de Costa Rica,Gerencia de Proyectos énfasis Proyectos de Tecnologías de Información,15,Sin Información,Sin información,Maestría,Posgrado,CINE 7,Ciencias Económicas,Administración de Proyectos,Administración de Empresas y Derecho,Educación Comercial y Administración,NO STEM
2021,Tecnológico de Costa Rica,Gerencias de Tecnologías de Información,48,Sin Información,Sin información,Maestría,Posgrado,CINE 7,Computación,Tecnologías de Información,Tecnologías de la Información y Comunicación,Tecnologías de la Información y la Comunicación (TIC),NO STEM
2021,Tecnológico de Costa Rica,Gestión de Recursos Naturales y Tecnologías de Producción,20,Sin Información,Sin información,Maestría,Posgrado,CINE 7,Recursos Naturales,Ecología,"Ciencias Naturales, Matemáticas y Estadística",Medio Ambiente,STEM
2021,Tecnológico de Costa Rica,Gestión de Turismo Rural,17,Región Huetar Norte,No GAM,Bachillerato,Grado,CINE 6,Ciencias Sociales,Turismo,Servicios,Servicios Personales,NO STEM
2021,Tecnológico de Costa Rica,Gestión del Turismo Sostenible,36,Región Central,GAM,Bachillerato,Grado,CINE 6,Ciencias Sociales,Turismo,Servicios,Servicios Personales,NO STEM
2021,Tecnológico de Costa Rica,Ingeniería,8,Sin Información,Sin información,Doctorado,Posgrado,CINE 8,Ingeniería,Ingeniería,"Ingeniería, Industria y Construcción",Ingeniería y Profesiones Afines,STEM
2021,Tecnológico de Costa Rica,Ingeniería Agronegocios,168,Región Central,GAM,Licenciatura,Grado,CINE 6,Recursos Naturales,Economía Agrícola,"Agricultura, Silvicultura, Pesca y Veterinaria",Agricultura,STEM
2021,Tecnológico de Costa Rica,Ingeniería Agrícola,145,Región Central,GAM,Licenciatura,Grado,CINE 6,Ingeniería,Ingeniería Agrícola,"Agricultura, Silvicultura, Pesca y Veterinaria",Agricultura,STEM
2021,Tecnológico de Costa Rica,Ingeniería Ambiental,231,Región Central,GAM,Licenciatura,Grado,CINE 6,Ingeniería,Ingeniería Ambiental,"Ingeniería, industria y construcción",Ingeniería y Profesiones afines,STEM
2021,Tecnológico de Costa Rica,Ingeniería Biotecnología,320,Región Central,GAM,Bachillerato,Grado,CINE 6,Recursos Naturales,Biotecnología,"Ingeniería, Industria y Construcción",Ingeniería y Profesiones Afines,STEM
2021,Tecnológico de Costa Rica,Ingeniería Construcción,525,Región Central,GAM,Licenciatura,Grado,CINE 6,Ingeniería,Ingeniería Civil,"Ingeniería, Industria y Construcción",Arquitectura y Construcción,STEM
2021,Tecnológico de Costa Rica,Ingeniería Diseño Industrial énfasis Comunicación Visual,20,Región Central,GAM,Licenciatura,Grado,CINE 6,Ingeniería,Diseño Industrial,"Ingeniería, Industria y Construcción",Industria y Producción,STEM
2021,Tecnológico de Costa Rica,Ingeniería Diseño Industrial énfasis Desarrollo de Productos,414,Región Central,GAM,Licenciatura,Grado,CINE 6,Ingeniería,Diseño Industrial,"Ingeniería, Industria y Construcción",Industria y Producción,STEM
2021,Tecnológico de Costa Rica,Ingeniería Dispositivos Médicos,57,Sin Información,Sin información,Maestría,Posgrado,CINE 7,Ingeniería,Ingeniería Electrónica,"Ingeniería, Industria y Construcción",Ingeniería y Profesiones Afines,STEM
2021,Tecnológico de Costa Rica,Ingeniería Electrónica,1115,Región Central,GAM,Licenciatura,Grado,CINE 6,Ingeniería,Ingeniería Electrónica,"Ingeniería, Industria y Construcción",Ingeniería y Profesiones Afines,STEM
2021,Tecnológico de Costa Rica,Ingeniería Electrónica énfasis Procesamiento Digital de Señales,9,Sin Información,Sin información,Maestría,Posgrado,CINE 7,Ingeniería,Ingeniería Electrónica,"Ingeniería, Industria y Construcción",Ingeniería y Profesiones Afines,STEM
2021,Tecnológico de Costa Rica,Ingeniería Electrónica énfasis Sistemas Empotrados,20,Sin Información,Sin información,Maestría,Posgrado,CINE 7,Ingeniería,Ingeniería Electrónica,"Ingeniería, Industria y Construcción",Ingeniería y Profesiones Afines,STEM
2021,Tecnológico de Costa Rica,Ingeniería Forestal,10,Región Central,GAM,Licenciatura,Grado,CINE 6,Recursos Naturales,Forestales,"Ciencias Naturales, Matemáticas y Estadística",Medio Ambiente,STEM
2021,Tecnológico de Costa Rica,Ingeniería Forestal énfasis Conservación y Restauración de Ecosistemas Forestales,16,Región Central,GAM,Licenciatura,Grado,CINE 6,Recursos Naturales,Forestales,"Ciencias Naturales, Matemáticas y Estadística",Medio Ambiente,STEM
2021,Tecnológico de Costa Rica,Ingeniería Forestal énfasis Manejo y Producción Forestal,119,Región Central,GAM,Licenciatura,Grado,CINE 6,Recursos Naturales,Forestales,"Ciencias Naturales, Matemáticas y Estadística",Medio Ambiente,STEM
2021,Tecnológico de Costa Rica,Ingeniería Física,161,Región Central,GAM,Licenciatura,Grado,CINE 6,Ciencias Básicas,Física,"Ciencias Naturales, Matemáticas y Estadística",Ciencias Físicas,STEM
2021,Tecnológico de Costa Rica,Ingeniería Mantenimiento Industrial,655,Región Central,GAM,Licenciatura,Grado,CINE 6,Ingeniería,Ingeniería Mecánica,"Ingeniería, Industria y Construcción",Ingeniería y Profesiones Afines,STEM
2021,Tecnológico de Costa Rica,Ingeniería Materiales,391,Región Central,GAM,Licenciatura,Grado,CINE 6,Ingeniería,Ingeniería de Materiales,"Ingeniería, Industria y Construcción",Industria y Producción,STEM
2021,Tecnológico de Costa Rica,Ingeniería Materiales énfasis Metalurgia,8,Región Central,GAM,Licenciatura,Grado,CINE 6,Ingeniería,Ingeniería de Materiales,"Ingeniería, Industria y Construcción",Industria y Producción,STEM
2021,Tecnológico de Costa Rica,Ingeniería Materiales énfasis Microelectrónica,10,Región Central,GAM,Licenciatura,Grado,CINE 6,Ingeniería,Ingeniería de Materiales,"Ingeniería, Industria y Construcción",Industria y Producción,STEM
2021,Tecnológico de Costa Rica,Ingeniería Materiales énfasis Procesos Industriales,9,Región Central,GAM,Licenciatura,Grado,CINE 6,Ingeniería,Ingeniería de Materiales,"Ingeniería, Industria y Construcción",Industria y Producción,STEM
2021,Tecnológico de Costa Rica,Ingeniería Mecatrónica,546,Región Central,GAM,Licenciatura,Grado,CINE 6,Ingeniería,Ingeniería Mecánica,"Ingeniería, Industria y Construcción",Ingeniería y Profesiones Afines,STEM
2021,Tecnológico de Costa Rica,Ingeniería Producción Industrial,1132,Región Central,GAM,Licenciatura,Grado,CINE 6,Ingeniería,Ingeniería Industrial,"Ingeniería, Industria y Construcción",Industria y Producción,STEM
2021,Tecnológico de Costa Rica,Ingeniería Seguridad Laboral e Higiene Ambiental,214,Región Central,GAM,Licenciatura,Grado,CINE 6,Ingeniería,Seguridad Laboral,Servicios,Servicios de Higiene y Salud Ocupacional,STEM
2021,Tecnológico de Costa Rica,Ingeniería Vial,14,Sin Información,Sin información,Maestría,Posgrado,CINE 7,Ingeniería,Ingeniería Civil,"Ingeniería, Industria y Construcción",Arquitectura y Construcción,STEM
2021,Tecnológico de Costa Rica,Ingeniería en Agronomía,220,Región Huetar Norte,No GAM,Licenciatura,Grado,CINE 6,Recursos Naturales,Agronomía General,"Agricultura, Silvicultura, Pesca y Veterinaria",Agricultura,STEM
2021,Tecnológico de Costa Rica,Ingeniería en Computación,1504,Región Central,GAM,Bachillerato,Grado,CINE 6,Computación,Ciencias de la Computación,Tecnologías de la Información y Comunicación,Tecnologías de la Información y la Comunicación (TIC),STEM
2021,Tecnológico de Costa Rica,Ingeniería en Computadores,632,Región Central,GAM,Licenciatura,Grado,CINE 6,Computación,Ingeniería en Computadores,Tecnologías de la Información y Comunicación,Tecnologías de la Información y la Comunicación (TIC),STEM
2021,Tecnológico de Costa Rica,Investigación Empresarial,27,Sin Información,Sin información,Maestría,Posgrado,CINE 7,Ciencias Económicas,Administración,Administración de Empresas y Derecho,Educación Comercial y Administración,NO STEM
2021,Tecnológico de Costa Rica,Salud Ocupacional,19,Sin Información,Sin información,Maestría,Posgrado,CINE 7,Ingeniería,Seguridad Laboral,Servicios,Servicios de Higiene y Salud Ocupacional,STEM
2021,Tecnológico de Costa Rica,Sistemas Modernos de Manufactura,55,Sin Información,Sin información,Maestría,Posgrado,CINE 7,Ingeniería,Ingeniería Industrial,"Ingeniería, Industria y Construcción",Industria y Producción,STEM
2021,Universidad Estatal a Distancia,Administración Educativa,144,Región Central,No GAM,Sin información,Sin información,Sin información,Educación,Administración Educativa,Educación,Educación,NO STEM
2021,Universidad Estatal a Distancia,Administración Policial y Prevención del Delito,8,Región Central,No GAM,Sin información,Sin información,Sin información,Ciencias Sociales,Criminología,"Ciencias Sociales, Periodismo e Información",Ciencias Sociales y del Comportamiento,NO STEM
2021,Universidad Estatal a Distancia,Administración de Empresas,6622,Región Central,GAM,Sin información,Sin información,Sin información,Ciencias Económicas,Administración,Administración de Empresas y Derecho,Educación Comercial y Administración,NO STEM
2021,Universidad Estatal a Distancia,Administración de Empresas Agropecuarias,59,Región Central,No GAM,Sin información,Sin información,Sin información,Ciencias Económicas,Administración de Empresas Agropecuarias,Administración de Empresas y Derecho,Educación Comercial y Administración,NO STEM
2021,Universidad Estatal a Distancia,Administración de Empresas énfasis Banca y Finanzas,335,Región Central,GAM,Sin información,Sin información,Sin información,Ciencias Económicas,Finanzas,Administración de Empresas y Derecho,Educación Comercial y Administración,NO STEM
2021,Universidad Estatal a Distancia,Administración de Empresas énfasis Contaduría,389,Región Central,GAM,Sin información,Sin información,Sin información,Ciencias Económicas,Contaduría,Administración de Empresas y Derecho,Educación Comercial y Administración,NO STEM
2021,Universidad Estatal a Distancia,Administración de Empresas énfasis Dirección Empresas,253,Región Central,GAM,Sin información,Sin información,Sin información,Ciencias Económicas,Administración,Administración de Empresas y Derecho,Educación Comercial y Administración,NO STEM
2021,Universidad Estatal a Distancia,Administración de Empresas énfasis Empresas Cooperativas y Asociativas,1,Región Central,GAM,Sin información,Sin información,Sin información,Ciencias Económicas,Administración de Cooperativas,Administración de Empresas y Derecho,Educación Comercial y Administración,NO STEM
2021,Universidad Estatal a Distancia,Administración de Empresas énfasis Mercadeo,119,Región Central,GAM,Sin información,Sin información,Sin información,Ciencias Económicas,Mercadeo,Administración de Empresas y Derecho,Educación Comercial y Administración,NO STEM
2021,Universidad Estatal a Distancia,Administración de Empresas énfasis Negocios Internacionales,81,Región Central,GAM,Sin información,Sin información,Sin información,Ciencias Económicas,Comercio Internacional,Administración de empresas y derecho,Educación Comercial y Administración,NO STEM
2021,Universidad Estatal a Distancia,Administración de Empresas énfasis Producción,64,Región Central,GAM,Sin información,Sin información,Sin información,Ciencias Económicas,Administración de la Producción,Administración de Empresas y Derecho,Educación Comercial y Administración,NO STEM
2021,Universidad Estatal a Distancia,Administración de Empresas énfasis Recursos Humanos,190,Región Central,GAM,Sin información,Sin información,Sin información,Ciencias Económicas,Administración de Recursos Humanos,Administración de Empresas y Derecho,Educación Comercial y Administración,NO STEM
2021,Universidad Estatal a Distancia,Administración de Medios de Comunicación,1,Región Central,GAM,Maestría,Posgrado,CINE 7,Ciencias Sociales,Comunicación,"Ciencias Sociales, Periodismo e Información",Periodismo e Información,NO STEM
2021,Universidad Estatal a Distancia,Administración de Negocios,36,Región Central,GAM,Maestría,Posgrado,CINE 7,Ciencias Económicas,Administración,Administración de Empresas y Derecho,Educación Comercial y Administración,NO STEM
2021,Universidad Estatal a Distancia,Administración de Servicios de Salud,749,Región Central,No GAM,Sin información,Sin información,Sin información,Ciencias Económicas,Administración de Servicios de Salud,Administración de Empresas y Derecho,Educación Comercial y Administración,NO STEM
2021,Universidad Estatal a Distancia,Administración de Servicios de Salud Sostenible,44,Región Central,GAM,Maestría,Posgrado,CINE 7,Ciencias Económicas,Administración de Servicios de Salud,Administración de Empresas y Derecho,Educación Comercial y Administración,NO STEM
2021,Universidad Estatal a Distancia,Agroindustria,1,Región Central,GAM,Sin información,Sin información,Sin información,Ingeniería,Ingeniería Agroindustrial,"Ingeniería, Industria y Construcción",Industria y Producción,STEM
2021,Universidad Estatal a Distancia,Auditoría Gubernamental,16,Región Central,GAM,Maestría,Posgrado,CINE 7,Ciencias Económicas,Administración Pública,Administración de Empresas y Derecho,Educación Comercial y Administración,NO STEM
2021,Universidad Estatal a Distancia,Bibliotecología Bibliotecas Educativas y Centros de Recursos para Aprendizaje,676,Región Central,No GAM,Sin información,Sin información,Sin información,Ciencias Sociales,Bibliotecología,"Ciencias Sociales, Periodismo e Información",Periodismo e Información,NO STEM
2021,Universidad Estatal a Distancia,Bibliotecología y Nuevas Tecnologías de Información y Comunicación,324,Región Central,No GAM,Sin información,Sin información,Sin información,Ciencias Sociales,Bibliotecología,"Ciencias Sociales, Periodismo e Información",Periodismo e Información,NO STEM
2021,Universidad Estatal a Distancia,Ciencias Criminológicas,1125,Región Central,No GAM,Bachillerato,Grado,CINE 6,Ciencias Sociales,Criminología,"Ciencias Sociales, Periodismo e Información",Ciencias Sociales y del Comportamiento,NO STEM
2021,Universidad Estatal a Distancia,Ciencias Naturales para el Desarrollo,6,Región Central,GAM,Doctorado,Posgrado,CINE 8,Ciencias Básicas,Ciencias,"Ciencias Naturales, Matemáticas y Estadística",Medio Ambiente,STEM
2021,Universidad Estatal a Distancia,Ciencias Policiales,165,Región Central,No GAM,Bachillerato,Grado,CINE 6,Ciencias Sociales,Criminología,"Ciencias Sociales, Periodismo e Información",Ciencias Sociales y del Comportamiento,NO STEM
2021,Universidad Estatal a Distancia,Ciencias de la Administración,7,Región Central,GAM,Doctorado,Posgrado,CINE 8,Ciencias Económicas,Administración,Administración de Empresas y Derecho,Educación Comercial y Administración,NO STEM
2021,Universidad Estatal a Distancia,Ciencias de la Educación I y II Ciclo énfasis Enseñanza del Inglés,4,Región Central,GAM,Sin información,Sin información,Sin información,Educación,Educación Primaria Inglés,Educación,Educación,NO STEM
2021,Universidad Estatal a Distancia,Ciencias de la Educación énfasis Administración Educativa,1,Región Huetar Norte,No GAM,Sin información,Sin información,Sin información,Educación,Administración Educativa,Educación,Educación,NO STEM
2021,Universidad Estatal a Distancia,Ciencias de la Educación énfasis Docencia,5,Región Central,GAM,Sin información,Sin información,Sin información,Educación,Docencia,Educación,Educación,NO STEM
2021,Universidad Estatal a Distancia,Ciencias de la Educación énfasis Educación Especial,2,Región Central,GAM,Sin información,Sin información,Sin información,Educación,Educación Especial,Educación,Educación,NO STEM
2021,Universidad Estatal a Distancia,Ciencias de la Educación énfasis I y II Ciclo,9,Región Central,GAM,Sin información,Sin información,Sin información,Educación,Educación Primaria,Educación,Educación,NO STEM
2021,Universidad Estatal a Distancia,Ciencias de la Educación énfasis Preescolar,7,Región Central,GAM,Sin información,Sin información,Sin información,Educación,Educación Preescolar,Educación,Educación,NO STEM
2021,Universidad Estatal a Distancia,Criminalística,20,Región Central,GAM,Sin información,Sin información,Sin información,Ciencias Sociales,Criminología,"Ciencias Sociales, Periodismo e Información",Ciencias Sociales y del Comportamiento,NO STEM
2021,Universidad Estatal a Distancia,Criminología,40,Región Central,GAM,Sin información,Sin información,Sin información,Ciencias Sociales,Criminología,"Ciencias Sociales, Periodismo e Información",Ciencias Sociales y del Comportamiento,NO STEM
2021,Universidad Estatal a Distancia,Derecho,2,Región Central,GAM,Doctorado,Posgrado,CINE 8,Derecho,Derecho,Administración de Empresas y Derecho,Derecho,NO STEM
2021,Universidad Estatal a Distancia,Derecho Constitucional,12,Región Central,GAM,Maestría,Posgrado,CINE 7,Derecho,Derecho Constitucional,Administración de Empresas y Derecho,Derecho,NO STEM
2021,Universidad Estatal a Distancia,Derecho del Trabajo y de la Seguridad Social,1,Región Central,GAM,Maestría,Posgrado,CINE 7,Derecho,Derecho Laboral,Administración de Empresas y Derecho,Derecho,NO STEM
2021,Universidad Estatal a Distancia,Derechos Humanos,18,Región Central,GAM,Maestría,Posgrado,CINE 7,Derecho,Derechos Humanos,Administración de Empresas y Derecho,Derecho,NO STEM
2021,Universidad Estatal a Distancia,Docencia,246,Región Central,GAM,Sin información,Sin información,Sin información,Educación,Docencia,Educación,Educación,NO STEM
2021,Universidad Estatal a Distancia,Educación,18,Región Central,GAM,Doctorado,Posgrado,CINE 8,Educación,Educación Generalista,Educación,Educación,NO STEM
2021,Universidad Estatal a Distancia,Educación Especial,117,Región Central,No GAM,Sin información,Sin información,Sin información,Educación,Educación Especial,Educación,Educación,NO STEM
2021,Universidad Estatal a Distancia,Educación General Básica I y II Ciclos,3650,Región Central,No GAM,Sin información,Sin información,Sin información,Educación,Educación Primaria,Educación,Educación,NO STEM
2021,Universidad Estatal a Distancia,Educación Preescolar,2314,Región Central,No GAM,Sin información,Sin información,Sin información,Educación,Educación Preescolar,Educación,Educación,NO STEM
2021,Universidad Estatal a Distancia,Educación Preescolar Estimulación y Corrección del Lenguaje,36,Región Central,GAM,Sin información,Sin información,Sin información,Educación,Educación Preescolar,Educación,Educación,NO STEM
2021,Universidad Estatal a Distancia,Educación a Distancia,11,Región Central,GAM,Maestría,Posgrado,CINE 7,Educación,Educación Generalista,Educación,Educación,NO STEM
2021,Universidad Estatal a Distancia,Ejecución y Docencia Musical énfasis Instrumento,37,Región Central,GAM,Sin información,Sin información,Sin información,Educación,Enseñanza de Música,Educación,Educación,NO STEM
2021,Universidad Estatal a Distancia,Enseñanza de la Matemática,405,Región Central,No GAM,Sin información,Sin información,Sin información,Educación,Enseñanza de Matemática,Educación,Educación,NO STEM
2021,Universidad Estatal a Distancia,Enseñanza de las Ciencias,1,Región Central,No GAM,Sin información,Sin información,Sin información,Educación,Enseñanza de Ciencias,Educación,Educación,NO STEM
2021,Universidad Estatal a Distancia,Enseñanza de las Ciencias Naturales,778,Región Central,No GAM,Sin información,Sin información,Sin información,Educación,Enseñanza de Ciencias,Educación,Educación,NO STEM
2021,Universidad Estatal a Distancia,Enseñanza de los Estudios Sociales y la Educación Cívica,14,Región Central,GAM,Sin información,Sin información,Sin información,Educación,Enseñanza de Estudios Sociales,Educación,Educación,NO STEM
2021,Universidad Estatal a Distancia,Enseñanza del Francés,55,Región Central,No GAM,Sin información,Sin información,Sin información,Educación,Enseñanza de Francés,Educación,Educación,NO STEM
2021,Universidad Estatal a Distancia,Enseñanza del Francés énfasis Secundaria,1,Región Pacífico Central,No GAM,Sin información,Sin información,Sin información,Educación,Enseñanza de Francés,Educación,Educación,NO STEM
2021,Universidad Estatal a Distancia,Enseñanza del Inglés I y II Ciclos,270,Región Central,GAM,Sin información,Sin información,Sin información,Educación,Educación Primaria Inglés,Educación,Educación,NO STEM
2021,Universidad Estatal a Distancia,Estudio de la Violencia Social y Familiar,9,Región Central,GAM,Maestría,Posgrado,CINE 7,Ciencias Sociales,Estudios de Género,"Ciencias Sociales, Periodismo e Información",Ciencias Sociales y del Comportamiento,NO STEM
2021,Universidad Estatal a Distancia,Estudio de las adicciones,14,Región Central,GAM,Maestría,Posgrado,CINE 7,Ciencias Sociales,Estudios de Discapacidad,Salud y Bienestar,Bienestar,NO STEM
2021,Universidad Estatal a Distancia,Estudios Generales,4949,Región Central,No GAM,Sin información,Sin información,Sin información,Artes y Letras,Formación General,Artes y Humanidades,Humanidades,NO STEM
2021,Universidad Estatal a Distancia,Estudios Universitarios,49,Región Central,GAM,Sin información,Sin información,Sin información,Artes y Letras,Formación General,Artes y Humanidades,Humanidades,NO STEM
2021,Universidad Estatal a Distancia,Extensión Agrícola,1,Región Central,GAM,Maestría,Posgrado,CINE 7,Recursos Naturales,Agronomía General,"Agricultura, Silvicultura, Pesca y Veterinaria",Agricultura,STEM
2021,Universidad Estatal a Distancia,Formación para la Educación Infantil,4,Región Central,GAM,Sin información,Sin información,Sin información,Educación,Educación Preescolar,Educación,Educación,NO STEM
2021,Universidad Estatal a Distancia,Gerencia y Negociaciones Internacionales,1,Región Central,GAM,Maestría,Posgrado,CINE 7,Ciencias Económicas,Comercio Internacional,Administración de Empresas y Derecho,Educación Comercial y Administración,NO STEM
2021,Universidad Estatal a Distancia,Gestión Secretarial de la Oficina,352,Región Central,No GAM,Sin información,Sin información,Sin información,Ciencias Sociales,Secretariado Profesional,Administración de Empresas y Derecho,Educación Comercial y Administración,NO STEM
2021,Universidad Estatal a Distancia,Gestión Turística Sostenible,556,Región Central,No GAM,Sin información,Sin información,Sin información,Ciencias Sociales,Turismo,Servicios,Servicios Personales,NO STEM
2021,Universidad Estatal a Distancia,Gestión de la Calidad en Educación Superior,8,Región Central,GAM,Sin información,Sin información,Sin información,Educación,Administración Educativa,Educación,Educación,NO STEM
2021,Universidad Estatal a Distancia,Informática,2670,Región Central,GAM,Diplomado,Pregrado,CINE 5,Computación,Ingeniería del Software,Tecnologías de la Información y Comunicación,Tecnologías de la Información y la Comunicación (TIC),STEM
2021,Universidad Estatal a Distancia,Informática Administrativa,6,Región Central,GAM,Sin información,Sin información,Sin información,Computación,Sistemas de Información,Tecnologías de la Información y Comunicación,Tecnologías de la Información y la Comunicación (TIC),STEM
2021,Universidad Estatal a Distancia,Informática Educativa,250,Región Central,No GAM,Sin información,Sin información,Sin información,Educación,Enseñanza de Computación,Educación,Educación,NO STEM
2021,Universidad Estatal a Distancia,Ingeniería Agroindustrial,195,Región Central,No GAM,Sin información,Sin información,Sin información,Ingeniería,Ingeniería Agroindustrial,"Ingeniería, Industria y Construcción",Industria y Producción,STEM
2021,Universidad Estatal a Distancia,Ingeniería Agronómica,669,Región Central,No GAM,Sin información,Sin información,Sin información,Recursos Naturales,Agronomía General,"Agricultura, Silvicultura, Pesca y Veterinaria",Agricultura,STEM
2021,Universidad Estatal a Distancia,Ingeniería Industrial,110,Región Central,GAM,Sin información,Sin información,Sin información,Ingeniería,Ingeniería Industrial,"Ingeniería, Industria y Construcción",Industria y Producción,STEM
2021,Universidad Estatal a Distancia,Ingeniería Informática,207,Región Central,GAM,Bachillerato,Grado,CINE 6,Computación,Ingeniería del Software,Tecnologías de la Información y Comunicación,Tecnologías de la Información y la Comunicación (TIC),STEM
2021,Universidad Estatal a Distancia,Ingeniería Informática y Administración de Proyectos,110,Región Central,GAM,Sin información,Sin información,Sin información,Computación,Sistemas de Información,Tecnologías de la Información y Comunicación,Tecnologías de la Información y la Comunicación (TIC),STEM
2021,Universidad Estatal a Distancia,Ingeniería Informática y Calidad de Software,39,Región Central,GAM,Sin información,Sin información,Sin información,Computación,Sistemas de Información,Tecnologías de la Información y Comunicación,Tecnologías de la Información y la Comunicación (TIC),STEM
2021,Universidad Estatal a Distancia,Ingeniería Informática y Desarrollo de Aplicaciones Web,57,Región Central,GAM,Sin información,Sin información,Sin información,Computación,Ingeniería del Software,Tecnologías de la Información y Comunicación,Tecnologías de la Información y la Comunicación (TIC),STEM
2021,Universidad Estatal a Distancia,Ingeniería Telecomunicaciones,19,Región Central,GAM,Sin información,Sin información,Sin información,Ingeniería,Ingeniería Electrónica,"Ingeniería, Industria y Construcción",Ingeniería y Profesiones Afines,STEM
2021,Universidad Estatal a Distancia,Investigación Criminal,9,Región Central,No GAM,Sin información,Sin información,Sin información,Ciencias Sociales,Criminología,"Ciencias Sociales, Periodismo e Información",Ciencias Sociales y del Comportamiento,NO STEM
2021,Universidad Estatal a Distancia,Manejo de Recursos Naturales,575,Región Central,No GAM,Sin información,Sin información,Sin información,Recursos Naturales,Ecología,"Ciencias naturales, matemáticas y estadística",Medio Ambiente,STEM
2021,Universidad Estatal a Distancia,Manejo y Protección de Recursos Naturales,24,Región Central,GAM,Sin información,Sin información,Sin información,Recursos Naturales,Ecología,"Ciencias Naturales, Matemáticas y Estadística",Medio Ambiente,STEM
2021,Universidad Estatal a Distancia,Música énfasis Estudios Instrumentales,4,Región Central,GAM,Sin información,Sin información,Sin información,Artes y Letras,Artes Musicales,Artes y Humanidades,Artes,NO STEM
2021,Universidad Estatal a Distancia,Psicopedagogía,50,Región Central,GAM,Maestría,Posgrado,CINE 7,Educación,Psicopedagogía,Educación,Educación,NO STEM
2021,Universidad Estatal a Distancia,Registros y Estadísticas en Salud,1013,Región Central,No GAM,Sin información,Sin información,Sin información,Ciencias de la Salud,Registros en Salud,Salud y Bienestar,Bienestar,STEM
2021,Universidad Estatal a Distancia,Tecnología Educativa,22,Región Central,GAM,Maestría,Posgrado,CINE 7,Educación,Tecnología Educativa,Educación,Educación,NO STEM
2021,Universidad Estatal a Distancia,Teología,4,Región Central,GAM,Sin información,Sin información,Sin información,Artes y Letras,Teología,Artes y Humanidades,Humanidades,NO STEM
2021,Universidad Estatal a Distancia,Valuación,26,Región Central,GAM,Maestría,Posgrado,CINE 7,Ciencias Económicas,Valuación,Administración de Empresas y Derecho,Educación Comercial y Administración,NO STEM
2021,Universidad Nacional,Abastecimiento y Logística Global,12,Región Central,GAM,Maestría,Posgrado,CINE 7,Ingeniería,Ingeniería Industrial,"Ingeniería, Industria y Construcción",Industria y Producción,STEM
2021,Universidad Nacional,Administración,3439,Región Central,GAM,Bachillerato,Grado,CINE 6,Ciencias Económicas,Administración,Administración de Empresas y Derecho,Educación Comercial y Administración,NO STEM
2021,Universidad Nacional,Administración Educativa,47,Región Central,GAM,Licenciatura,Grado,CINE 6,Educación,Administración Educativa,Educación,Educación,NO STEM
2021,Universidad Nacional,Administración de Oficinas,577,Región Central,GAM,Bachillerato,Grado,CINE 6,Ciencias Sociales,Secretariado Profesional,Administración de Empresas y Derecho,Educación Comercial y Administración,NO STEM
2021,Universidad Nacional,Administración de Recursos Humanos,19,Región Central,GAM,Maestría,Posgrado,CINE 7,Ciencias Económicas,Administración de Recursos Humanos,Administración de Empresas y Derecho,Educación Comercial y Administración,NO STEM
2021,Universidad Nacional,Agricultura Ecológica,3,Región Central,GAM,Maestría,Posgrado,CINE 7,Recursos Naturales,Agronomía General,"Agricultura, Silvicultura, Pesca y Veterinaria",Agricultura,STEM
2021,Universidad Nacional,Apicultura Tropical,9,Región Central,GAM,Maestría,Posgrado,CINE 7,Recursos Naturales,Zootecnia,"Agricultura, Silvicultura, Pesca y Veterinaria",Agricultura,STEM
2021,Universidad Nacional,Arte y Comunicación Visual,304,Región Central,GAM,Bachillerato,Grado,CINE 6,Artes y Letras,Artes Plásticas,Artes y Humanidades,Artes,NO STEM
2021,Universidad Nacional,Artes Escénicas,116,Región Central,GAM,Bachillerato,Grado,CINE 6,Artes y Letras,Artes Dramáticas,Artes y Humanidades,Artes,NO STEM
2021,Universidad Nacional,Bibliotecología y Documentación,61,Región Central,GAM,Licenciatura,Grado,CINE 6,Ciencias Sociales,Bibliotecología,"Ciencias Sociales, Periodismo e Información",Periodismo e Información,NO STEM
2021,Universidad Nacional,Bibliotecología y Documentación énfasis Gestión de la Información,225,Región Central,GAM,Bachillerato,Grado,CINE 6,Ciencias Sociales,Bibliotecología,"Ciencias Sociales, Periodismo e Información",Periodismo e Información,NO STEM
2021,Universidad Nacional,Biología,429,Región Central,GAM,Bachillerato,Grado,CINE 6,Ciencias Básicas,Biología,"Ciencias Naturales, Matemáticas y Estadística",Ciencias Biológicas y Afines,STEM
2021,Universidad Nacional,Bioprocesos Industriales,128,Región Central,GAM,Bachillerato,Grado,CINE 6,Ingeniería,Ingeniería Química,"Ingeniería, Industria y Construcción",Ingeniería y Profesiones Afines,STEM
2021,Universidad Nacional,Biotecnología,7,Región Central,GAM,Licenciatura,Grado,CINE 6,Recursos Naturales,Biotecnología,"Ingeniería, Industria y Construcción",Ingeniería y Profesiones Afines,STEM
2021,Universidad Nacional,Cartografía y Diseño Digital,116,Región Central,GAM,Diplomado,Pregrado,CINE 5,Recursos Naturales,Geografía,"Ciencias Naturales, Matemáticas y Estadística",Ciencias Físicas,STEM
2021,Universidad Nacional,Ciencias Geográficas,180,Región Central,GAM,Bachillerato,Grado,CINE 6,Recursos Naturales,Geografía,"Ciencias Naturales, Matemáticas y Estadística",Ciencias Físicas,STEM
2021,Universidad Nacional,Ciencias Naturales para el Desarrollo,14,Región Central,GAM,Doctorado,Posgrado,CINE 8,Ciencias Básicas,Ciencias,"Ciencias Naturales, Matemáticas y Estadística",Medio Ambiente,STEM
2021,Universidad Nacional,Ciencias Sociales,7,Región Central,GAM,Doctorado,Posgrado,CINE 8,Ciencias Sociales,Ciencias Sociales,"Ciencias Sociales, Periodismo e Información",Ciencias Sociales y del Comportamiento,NO STEM
2021,Universidad Nacional,Ciencias del Deporte,64,Región Central,GAM,Licenciatura,Grado,CINE 6,Educación,Educación Física,Educación,Educación,NO STEM
2021,Universidad Nacional,Ciencias del Movimiento Humano,69,Región Central,GAM,Bachillerato,Grado,CINE 6,Educación,Educación Física,Educación,Educación,NO STEM
2021,Universidad Nacional,Comercio y Negocios Internacionales,894,Región Central,GAM,Bachillerato,Grado,CINE 6,Ciencias Económicas,Comercio Internacional,Administración de Empresas y Derecho,Educación Comercial y Administración,NO STEM
2021,Universidad Nacional,Conservación y Manejo de Vida Silvestre,8,Región Central,GAM,Maestría,Posgrado,CINE 7,Recursos Naturales,Ecología,"Ciencias Naturales, Matemáticas y Estadística",Medio Ambiente,STEM
2021,Universidad Nacional,Conservación y Manejo de Áreas Protegidas para Guardaparques,22,Región Central,GAM,Diplomado,Pregrado,CINE 5,Recursos Naturales,Ecología,"Ciencias Naturales, Matemáticas y Estadística",Medio Ambiente,STEM
2021,Universidad Nacional,Danza,111,Región Central,GAM,Bachillerato,Grado,CINE 6,Artes y Letras,Danza,Artes y Humanidades,Artes,NO STEM
2021,Universidad Nacional,Derechos Humanos y Educación para la Paz,22,Región Central,GAM,Maestría,Posgrado,CINE 7,Derecho,Derechos Humanos,Administración de Empresas y Derecho,Derecho,NO STEM
2021,Universidad Nacional,Desarrollo Comunitario Sustentable,29,Región Central,GAM,Maestría,Posgrado,CINE 7,Ciencias Sociales,Sociología,"Ciencias Sociales, Periodismo e Información",Ciencias Sociales y del Comportamiento,NO STEM
2021,Universidad Nacional,Desarrollo Rural,20,Región Central,GAM,Maestría,Posgrado,CINE 7,Ciencias Sociales,Sociología,"Ciencias Sociales, Periodismo e Información",Ciencias Sociales y del Comportamiento,NO STEM
2021,Universidad Nacional,Economía,683,Región Central,GAM,Bachillerato,Grado,CINE 6,Ciencias Económicas,Economía,"Ciencias Sociales, Periodismo e Información",Ciencias Sociales y del Comportamiento,NO STEM
2021,Universidad Nacional,Economía del Desarrollo,16,Región Central,GAM,Maestría,Posgrado,CINE 7,Ciencias Económicas,Economía,"Ciencias Sociales, Periodismo e Información",Ciencias Sociales y del Comportamiento,NO STEM
2021,Universidad Nacional,Educación,60,Región Central,GAM,Maestría,Posgrado,CINE 7,Educación,Educación Generalista,Educación,Educación,NO STEM
2021,Universidad Nacional,Educación Comercial,151,Región Central,GAM,Bachillerato,Grado,CINE 6,Educación,Enseñanza del Secretariado,Educación,Educación,NO STEM
2021,Universidad Nacional,Educación Especial,169,Región Central,GAM,Bachillerato,Grado,CINE 6,Educación,Educación Especial,Educación,Educación,NO STEM
2021,Universidad Nacional,Educación Física Deporte y Recreación,162,Región Central,GAM,Bachillerato,Grado,CINE 6,Educación,Educación Física,Educación,Educación,NO STEM
2021,Universidad Nacional,Educación Rural Centroamericana,21,Región Central,GAM,Maestría,Posgrado,CINE 7,Educación,Educación Rural,Educación,Educación,NO STEM
2021,Universidad Nacional,Educación Rural I y II Ciclos,344,Región Central,GAM,Bachillerato,Grado,CINE 6,Educación,Educación Rural,Educación,Educación,NO STEM
2021,Universidad Nacional,Enfermedades Tropicales,11,Región Central,GAM,Maestría,Posgrado,CINE 7,Ciencias de la Salud,Salud Pública,Salud y bienestar,Salud,STEM
2021,Universidad Nacional,Enseñanza de la Filosofía,11,Región Central,GAM,Bachillerato,Grado,CINE 6,Educación,Enseñanza de Filosofía,Educación,Educación,NO STEM
2021,Universidad Nacional,Enseñanza de la Matemática,267,Región Central,GAM,Bachillerato,Grado,CINE 6,Educación,Enseñanza de Matemática,Educación,Educación,NO STEM
2021,Universidad Nacional,Enseñanza de la Religión,86,Región Central,GAM,Bachillerato,Grado,CINE 6,Educación,Educación Religiosa,Educación,Educación,NO STEM
2021,Universidad Nacional,Enseñanza de las Ciencias,207,Región Central,GAM,Bachillerato,Grado,CINE 6,Educación,Enseñanza de Ciencias,Educación,Educación,NO STEM
2021,Universidad Nacional,Enseñanza de los Estudios Sociales,57,Región Central,GAM,Licenciatura,Grado,CINE 6,Educación,Enseñanza de Estudios Sociales,Educación,Educación,NO STEM
2021,Universidad Nacional,Enseñanza de los Estudios Sociales y la Educación Cívica,144,Región Central,GAM,Bachillerato,Grado,CINE 6,Educación,Enseñanza de Estudios Sociales,Educación,Educación,NO STEM
2021,Universidad Nacional,Enseñanza del Arte y Comunicación Visual,129,Región Central,GAM,Bachillerato,Grado,CINE 6,Educación,Enseñanza de Artes Plásticas,Educación,Educación,NO STEM
2021,Universidad Nacional,Enseñanza del Español,89,Región Central,GAM,Bachillerato,Grado,CINE 6,Educación,Enseñanza de Castellano,Educación,Educación,NO STEM
2021,Universidad Nacional,Enseñanza del Francés,80,Región Central,GAM,Bachillerato,Grado,CINE 6,Educación,Enseñanza de Francés,Educación,Educación,NO STEM
2021,Universidad Nacional,Enseñanza del Inglés,753,Región Chorotega,No GAM,Bachillerato,Grado,CINE 6,Educación,Enseñanza de Inglés,Educación,Educación,NO STEM
2021,Universidad Nacional,Enseñanza del Inglés I y II Ciclos,114,Región Central,GAM,Bachillerato,Grado,CINE 6,Educación,Educación Primaria Inglés,Educación,Educación,NO STEM
2021,Universidad Nacional,Epidemiología,29,Región Central,GAM,Maestría,Posgrado,CINE 7,Ciencias de la Salud,Salud Pública,Salud y Bienestar,Salud,STEM
2021,Universidad Nacional,Estudios Latinoamericanos,14,Región Central,GAM,Maestría,Posgrado,CINE 7,Ciencias Sociales,Estudios Latinoamericanos,"Ciencias Sociales, Periodismo e Información",Ciencias Sociales y del Comportamiento,NO STEM
2021,Universidad Nacional,"Estudios Socioreligiosos, Género y Diversidades",9,Región Central,GAM,Doctorado,Posgrado,CINE 8,Ciencias Sociales,Sociología,"Ciencias Sociales, Periodismo e Información",Ciencias Sociales y del Comportamiento,NO STEM
2021,Universidad Nacional,Estudios Teológicos,15,Región Central,GAM,Maestría,Posgrado,CINE 7,Artes y Letras,Teología,Artes y Humanidades,Humanidades,NO STEM
2021,Universidad Nacional,Estudios de Cultura Centroamericana,3,Región Central,GAM,Maestría,Posgrado,CINE 7,Ciencias Sociales,Estudios Latinoamericanos,"Ciencias Sociales, Periodismo e Información",Ciencias Sociales y del Comportamiento,NO STEM
2021,Universidad Nacional,Filosofía,93,Región Central,GAM,Bachillerato,Grado,CINE 6,Artes y Letras,Filosofía,Artes y Humanidades,Humanidades,NO STEM
2021,Universidad Nacional,Francés,37,Región Central,GAM,Licenciatura,Grado,CINE 6,Artes y Letras,Francés,Artes y Humanidades,Idiomas,NO STEM
2021,Universidad Nacional,Física Médica,7,Región Central,GAM,Maestría,Posgrado,CINE 7,Ciencias de la Salud,Medicina,Salud y Bienestar,Salud,STEM
2021,Universidad Nacional,Gerencia de Seguridad Alimentaria y Nutricional,5,Región Central,GAM,Maestría,Posgrado,CINE 7,Ciencias de la Salud,Nutrición,Salud y Bienestar,Salud,STEM
2021,Universidad Nacional,Gerencia del Comercio Internacional,26,Región Central,GAM,Maestría,Posgrado,CINE 7,Ciencias Económicas,Comercio Internacional,Administración de empresas y derecho,Educación Comercial y Administración,NO STEM
2021,Universidad Nacional,Gestión Ambiental,1,Región Central,GAM,Licenciatura,Grado,CINE 6,Recursos Naturales,Ecología,"Ciencias naturales, matemáticas y estadística",Medio Ambiente,STEM
2021,Universidad Nacional,Gestión Educativa,26,Región Central,GAM,Maestría,Posgrado,CINE 7,Educación,Administración Educativa,Educación,Educación,NO STEM
2021,Universidad Nacional,Gestión Empresarial del Turismo Sostenible,450,Región Chorotega,No GAM,Bachillerato,Grado,CINE 6,Ciencias Sociales,Turismo,Servicios,Servicios Personales,NO STEM
2021,Universidad Nacional,Gestión Integral de Fincas,2,Región Huetar Norte,No GAM,Diplomado,Pregrado,CINE 5,Recursos Naturales,Agronomía General,"Agricultura, Silvicultura, Pesca y Veterinaria",Agricultura,STEM
2021,Universidad Nacional,Gestión de la Innovación Tecnológica,14,Región Central,GAM,Maestría,Posgrado,CINE 7,Computación,Tecnologías de Información,Tecnologías de la Información y Comunicación,Tecnologías de la Información y la Comunicación (TIC),STEM
2021,Universidad Nacional,Gestión y Estudios Ambientales,11,Región Central,GAM,Maestría,Posgrado,CINE 7,Recursos Naturales,Ecología,"Ciencias Naturales, Matemáticas y Estadística",Medio Ambiente,STEM
2021,Universidad Nacional,Gestión y Finanzas Públicas,28,Región Central,GAM,Maestría,Posgrado,CINE 7,Ciencias Económicas,Administración Pública,Administración de Empresas y Derecho,Educación Comercial y Administración,NO STEM
2021,Universidad Nacional,Gestión y Recreación Turística,67,Región Huetar Norte,No GAM,Bachillerato,Grado,CINE 6,Ciencias Sociales,Turismo,Servicios,Servicios Personales,NO STEM
2021,Universidad Nacional,Género y Desarrollo,50,Región Central,GAM,Bachillerato,Grado,CINE 6,Ciencias Sociales,Estudios de Género,"Ciencias Sociales, Periodismo e Información",Ciencias Sociales y del Comportamiento,NO STEM
2021,Universidad Nacional,Historia,122,Región Central,GAM,Bachillerato,Grado,CINE 6,Ciencias Sociales,Historia,Artes y Humanidades,Humanidades,NO STEM
2021,Universidad Nacional,Historia Aplicada,1,Región Central,GAM,Maestría,Posgrado,CINE 7,Ciencias Sociales,Historia,Artes y Humanidades,Humanidades,NO STEM
2021,Universidad Nacional,Humanismo y Sociedad,1,Región Central,GAM,Maestría,Posgrado,CINE 7,Artes y Letras,Formación General,Artes y Humanidades,Humanidades,NO STEM
2021,Universidad Nacional,Informática,657,Región Central,GAM,Licenciatura,Grado,CINE 6,Computación,Ingeniería del Software,Tecnologías de la Información y Comunicación,Tecnologías de la Información y la Comunicación (TIC),STEM
2021,Universidad Nacional,Informática Educativa,1,Región Central,GAM,Bachillerato,Grado,CINE 6,Educación,Enseñanza de Computación,Educación,Educación,NO STEM
2021,Universidad Nacional,Ingeniería Agronómica,122,Región Central,GAM,Licenciatura,Grado,CINE 6,Recursos Naturales,Agronomía General,"Agricultura, Silvicultura, Pesca y Veterinaria",Agricultura,STEM
2021,Universidad Nacional,Ingeniería Ciencias Forestales,130,Región Central,GAM,Bachillerato,Grado,CINE 6,Recursos Naturales,Forestales,"Ciencias Naturales, Matemáticas y Estadística",Medio Ambiente,STEM
2021,Universidad Nacional,Ingeniería Gestión Ambiental,210,Región Central,GAM,Bachillerato,Grado,CINE 6,Recursos Naturales,Ecología,"Ciencias Naturales, Matemáticas y Estadística",Medio Ambiente,STEM
2021,Universidad Nacional,Ingeniería Hidrológica,181,Región Chorotega,No GAM,Bachillerato,Grado,CINE 6,Recursos Naturales,Manejo de Recursos Hídricos,"Ciencias Naturales, Matemáticas y Estadística",Medio Ambiente,STEM
2021,Universidad Nacional,Ingeniería de Ciencias Forestales,91,Región Central,GAM,Licenciatura,Grado,CINE 6,Recursos Naturales,Ecología,"Ciencias naturales, matemáticas y estadística",Medio Ambiente,STEM
2021,Universidad Nacional,Ingeniería en Agronomía,163,Región Central,GAM,Bachillerato,Grado,CINE 6,Recursos Naturales,Agronomía General,"Agricultura, Silvicultura, Pesca y Veterinaria",Agricultura,STEM
2021,Universidad Nacional,Ingeniería en Calidad e Innovación Agroalimentaria,40,Región Brunca,No GAM,Bachillerato,Grado,CINE 6,Recursos Naturales,Economía Agrícola,"Agricultura, Silvicultura, Pesca y Veterinaria",Agricultura,STEM
2021,Universidad Nacional,Inglés,424,Región Central,GAM,Bachillerato,Grado,CINE 6,Artes y Letras,Inglés,Artes y Humanidades,Idiomas,NO STEM
2021,Universidad Nacional,Instrucción y Promoción de la Salud Física,1,Región Central,GAM,Diplomado,Pregrado,CINE 5,Educación,Educación Física,Educación,Educación,NO STEM
2021,Universidad Nacional,Lengua Francesa,72,Región Central,GAM,Bachillerato,Grado,CINE 6,Artes y Letras,Francés,Artes y Humanidades,Idiomas,NO STEM
2021,Universidad Nacional,Lingüística Aplicada énfasis Inglés,34,Región Central,GAM,Maestría,Posgrado,CINE 7,Artes y Letras,Inglés,Artes y Humanidades,Idiomas,NO STEM
2021,Universidad Nacional,Literatura y Lingüística,25,Región Central,GAM,Licenciatura,Grado,CINE 6,Artes y Letras,Literatura y Lingüística (Español),Artes y Humanidades,Idiomas,NO STEM
2021,Universidad Nacional,Literatura y Lingüística Español,48,Región Central,GAM,Bachillerato,Grado,CINE 6,Artes y Letras,Literatura y Lingüística (Español),Artes y Humanidades,Idiomas,NO STEM
2021,Universidad Nacional,Medicina Veterinaria,250,Región Central,GAM,Licenciatura,Grado,CINE 6,Ciencias de la Salud,Veterinaria,"Agricultura, Silvicultura, Pesca y Veterinaria",Veterinaria,STEM
2021,Universidad Nacional,Mercadeo y Ventas,3,Región Central,GAM,Maestría,Posgrado,CINE 7,Ciencias Económicas,Mercadeo,Administración de Empresas y Derecho,Educación Comercial y Administración,NO STEM
2021,Universidad Nacional,Metrología y Calidad,12,Región Central,GAM,Maestría,Posgrado,CINE 7,Ingeniería,Ingeniería Industrial,"Ingeniería, Industria y Construcción",Industria y Producción,STEM
2021,Universidad Nacional,Música Ejecución y Enseñanza de Instrumento,80,Región Central,GAM,Bachillerato,Grado,CINE 6,Educación,Enseñanza de Música,Educación,Educación,NO STEM
2021,Universidad Nacional,Música énfasis Dirección Coral,10,Región Central,GAM,Bachillerato,Grado,CINE 6,Artes y Letras,Artes Musicales,Artes y Humanidades,Artes,NO STEM
2021,Universidad Nacional,Música énfasis Educación Musical,142,Región Central,GAM,Bachillerato,Grado,CINE 6,Educación,Enseñanza de Música,Educación,Educación,NO STEM
2021,Universidad Nacional,Música énfasis Enseñanza e Interpretación de Canto,1,Región Central,GAM,Licenciatura,Grado,CINE 6,Educación,Enseñanza de Música,Educación,Educación,NO STEM
2021,Universidad Nacional,Música énfasis Interpretación y Enseñanza del Canto,3,Región Central,GAM,Bachillerato,Grado,CINE 6,Educación,Enseñanza de Música,Educación,Educación,NO STEM
2021,Universidad Nacional,Orientación,368,Región Central,GAM,Bachillerato,Grado,CINE 6,Educación,Orientación,Salud y Bienestar,Bienestar,NO STEM
2021,Universidad Nacional,Pedagogía,26,Región Central,GAM,Maestría,Posgrado,CINE 7,Educación,Educación Generalista,Educación,Educación,NO STEM
2021,Universidad Nacional,Pedagogía énfasis Didáctica,57,Región Central,GAM,Licenciatura,Grado,CINE 6,Educación,Educación Generalista,Educación,Educación,NO STEM
2021,Universidad Nacional,Pedagogía énfasis Educación Preescolar,169,Región Central,GAM,Bachillerato,Grado,CINE 6,Educación,Educación Preescolar,Educación,Educación,NO STEM
2021,Universidad Nacional,Pedagogía énfasis I y II Ciclos de la Educación General Básica,374,Región Chorotega,No GAM,Bachillerato,Grado,CINE 6,Educación,Educación Primaria,Educación,Educación,NO STEM
2021,Universidad Nacional,Planificación,14,Región Central,GAM,Maestría,Posgrado,CINE 7,Ciencias Económicas,Planificación,Administración de Empresas y Derecho,Educación Comercial y Administración,NO STEM
2021,Universidad Nacional,Planificación Económica y Social,531,Región Central,GAM,Bachillerato,Grado,CINE 6,Ciencias Económicas,Planificación,Administración de Empresas y Derecho,Educación Comercial y Administración,NO STEM
2021,Universidad Nacional,Política Económica,12,Región Central,GAM,Maestría,Posgrado,CINE 7,Ciencias Económicas,Economía,"Ciencias Sociales, Periodismo e Información",Ciencias Sociales y del Comportamiento,NO STEM
2021,Universidad Nacional,Programación de Aplicaciones Informáticas,4,Región Brunca,No GAM,Diplomado,Pregrado,CINE 5,Computación,Ingeniería del Software,Tecnologías de la Información y Comunicación,Tecnologías de la Información y la Comunicación (TIC),STEM
2021,Universidad Nacional,Promoción de la Salud Física,112,Región Central,GAM,Bachillerato,Grado,CINE 6,Educación,Educación Física,Educación,Educación,NO STEM
2021,Universidad Nacional,Psicología,309,Región Central,GAM,Bachillerato,Grado,CINE 6,Ciencias Sociales,Psicología,"Ciencias Sociales, Periodismo e Información",Ciencias Sociales y del Comportamiento,NO STEM
2021,Universidad Nacional,Química Industrial,307,Región Central,GAM,Bachillerato,Grado,CINE 6,Ciencias Básicas,Química,"Ciencias Naturales, Matemáticas y Estadística",Ciencias Físicas,STEM
2021,Universidad Nacional,Relaciones Internacionales,359,Región Central,GAM,Bachillerato,Grado,CINE 6,Ciencias Sociales,Relaciones Internacionales,"Ciencias Sociales, Periodismo e Información",Ciencias Sociales y del Comportamiento,NO STEM
2021,Universidad Nacional,Relaciones Internacionales y Diplomacia,15,Región Central,GAM,Maestría,Posgrado,CINE 7,Ciencias Sociales,Relaciones Internacionales,"Ciencias Sociales, Periodismo e Información",Ciencias Sociales y del Comportamiento,NO STEM
2021,Universidad Nacional,Responsabilidad Social y Sostenibilidad,10,Región Central,GAM,Maestría,Posgrado,CINE 7,Ciencias Sociales,Relaciones Internacionales,"Ciencias Sociales, Periodismo e Información",Ciencias Sociales y del Comportamiento,NO STEM
2021,Universidad Nacional,Salud Integral y Movimiento Humano,20,Región Central,GAM,Maestría,Posgrado,CINE 7,Educación,Educación Física,Educación,Educación,NO STEM
2021,Universidad Nacional,Secretariado Profesional,18,Región Brunca,No GAM,Diplomado,Pregrado,CINE 5,Ciencias Sociales,Secretariado Profesional,Administración de Empresas y Derecho,Educación Comercial y Administración,NO STEM
2021,Universidad Nacional,Segundas Lenguas y Culturas,1,Región Central,GAM,Maestría,Posgrado,CINE 7,Artes y Letras,Inglés,Artes y Humanidades,Idiomas,NO STEM
2021,Universidad Nacional,Sistemas de Información,2007,Región Central,GAM,Bachillerato,Grado,CINE 6,Computación,Ingeniería del Software,Tecnologías de la Información y Comunicación,Tecnologías de la Información y la Comunicación (TIC),STEM
2021,Universidad Nacional,Sistemas de Información Geográfica y Teledetección,13,Región Central,GAM,Maestría,Posgrado,CINE 7,Recursos Naturales,Geografía,"Ciencias Naturales, Matemáticas y Estadística",Ciencias Físicas,STEM
2021,Universidad Nacional,Sociología,409,Región Central,GAM,Bachillerato,Grado,CINE 6,Ciencias Sociales,Sociología,"Ciencias Sociales, Periodismo e Información",Ciencias Sociales y del Comportamiento,NO STEM
2021,Universidad Nacional,Tecnología e Innovación Educativa,36,Región Central,GAM,Maestría,Posgrado,CINE 7,Educación,Tecnología Educativa,Educación,Educación,NO STEM
2021,Universidad Nacional,Tecnologías de Información,25,Región Central,GAM,Maestría,Posgrado,CINE 7,Computación,Tecnologías de Información,Tecnologías de la Información y Comunicación,Tecnologías de la Información y la Comunicación (TIC),STEM
2021,Universidad Nacional,Teología,49,Región Central,GAM,Bachillerato,Grado,CINE 6,Artes y Letras,Teología,Artes y Humanidades,Humanidades,NO STEM
2021,Universidad Nacional,Topografía y Catastro,153,Región Central,GAM,Bachillerato,Grado,CINE 6,Ingeniería,Ingeniería Topográfica,"Ingeniería, Industria y Construcción",Arquitectura y Construcción,STEM
2021,Universidad Nacional,Topografía y Geodesia,114,Región Central,GAM,Licenciatura,Grado,CINE 6,Ingeniería,Ingeniería Topográfica,"Ingeniería, Industria y Construcción",Arquitectura y Construcción,STEM
2021,Universidad Nacional,Traducción Inglés-Español,47,Región Central,GAM,Maestría,Posgrado,CINE 7,Artes y Letras,Inglés,Artes y Humanidades,Idiomas,NO STEM
2021,Universidad Técnica Nacional,Administración Aduanera,710,Región Central,GAM,Diplomado,Pregrado,CINE 5,Ciencias Económicas,Administración Pública,Administración de Empresas y Derecho,Educación Comercial y Administración,NO STEM
2021,Universidad Técnica Nacional,Administración de Compras y Control de Inventarios,259,Región Central,GAM,Diplomado,Pregrado,CINE 5,Ciencias Económicas,Proveeduría,Administración de Empresas y Derecho,Educación Comercial y Administración,NO STEM
2021,Universidad Técnica Nacional,Administración del Comercio Exterior,39,Región Central,GAM,Licenciatura,Grado,CINE 6,Ciencias Económicas,Comercio Internacional,Administración de Empresas y Derecho,Educación Comercial y Administración,NO STEM
2021,Universidad Técnica Nacional,Administración y Gestión de Recursos Humanos,923,Región Central,GAM,Diplomado,Pregrado,CINE 5,Ciencias Económicas,Administración de Recursos Humanos,Administración de Empresas y Derecho,Educación Comercial y Administración,NO STEM
2021,Universidad Técnica Nacional,Asistencia Administrativa,408,Región Central,No GAM,Diplomado,Pregrado,CINE 5,Ciencias Sociales,Secretariado Profesional,Administración de Empresas y Derecho,Educación Comercial y Administración,NO STEM
2021,Universidad Técnica Nacional,Asistencia Veterinaria,122,Región Central,GAM,Diplomado,Pregrado,CINE 5,Ciencias de la Salud,Asistente Veterinaria,"Agricultura, Silvicultura, Pesca y Veterinaria",Veterinaria,STEM
2021,Universidad Técnica Nacional,Comercio Exterior,389,Región Central,GAM,Diplomado,Pregrado,CINE 5,Ciencias Económicas,Comercio Internacional,Administración de Empresas y Derecho,Educación Comercial y Administración,NO STEM
2021,Universidad Técnica Nacional,Contabilidad y Finanzas,1368,Región Central,GAM,Diplomado,Pregrado,CINE 5,Ciencias Económicas,Finanzas,Administración de empresas y derecho,Educación Comercial y Administración,NO STEM
2021,Universidad Técnica Nacional,Contaduría Pública,198,Región Central,GAM,Licenciatura,Grado,CINE 6,Ciencias Económicas,Contaduría,Administración de Empresas y Derecho,Educación Comercial y Administración,NO STEM
2021,Universidad Técnica Nacional,Diseño Gráfico,147,Región Pacífico Central,No GAM,Diplomado,Pregrado,CINE 5,Artes y Letras,Diseño Gráfico,Artes y Humanidades,Artes,NO STEM
2021,Universidad Técnica Nacional,Enseñanza de Especialidad Técnica,194,Región Central,No GAM,Profesorado,Pregrado,CINE 5,Educación,Educación Técnica,Educación,Educación,NO STEM
2021,Universidad Técnica Nacional,Entornos Virtuales de Aprendizaje,43,Región Central,GAM,Maestría,Posgrado,CINE 7,Educación,Tecnología Educativa,Educación,Educación,NO STEM
2021,Universidad Técnica Nacional,Gestión Ecoturística,356,Región Chorotega,No GAM,Diplomado,Pregrado,CINE 5,Ciencias Sociales,Turismo,Servicios,Servicios Personales,NO STEM
2021,Universidad Técnica Nacional,Gestión Empresarial,117,Región Chorotega,No GAM,Licenciatura,Grado,CINE 6,Ciencias Económicas,Administración,Administración de Empresas y Derecho,Educación Comercial y Administración,NO STEM
2021,Universidad Técnica Nacional,Gestión de Empresas de Hospedaje y Gastronómicas,391,Región Central,GAM,Diplomado,Pregrado,CINE 5,Ciencias Sociales,Turismo,Servicios,Servicios Personales,NO STEM
2021,Universidad Técnica Nacional,Gestión y Administración Empresarial,681,Región Chorotega,No GAM,Diplomado,Pregrado,CINE 5,Ciencias Económicas,Administración,Administración de Empresas y Derecho,Educación Comercial y Administración,NO STEM
2021,Universidad Técnica Nacional,Ingeniería Acuicultura,104,Región Pacífico Central,No GAM,Diplomado,Pregrado,CINE 5,Recursos Naturales,Zootecnia,"Agricultura, Silvicultura, Pesca y Veterinaria",Agricultura,STEM
2021,Universidad Técnica Nacional,Ingeniería Agricultura Integrada Bajo Riego,3,Región Chorotega,No GAM,Bachillerato,Grado,CINE 6,Recursos Naturales,Agronomía General,"Agricultura, Silvicultura, Pesca y Veterinaria",Agricultura,STEM
2021,Universidad Técnica Nacional,Ingeniería Agronómica,168,Región Chorotega,No GAM,Diplomado,Pregrado,CINE 5,Recursos Naturales,Agronomía General,"Agricultura, Silvicultura, Pesca y Veterinaria",Agricultura,STEM
2021,Universidad Técnica Nacional,Ingeniería Electromecánica,426,Región Central,GAM,Diplomado,Pregrado,CINE 5,Ingeniería,Ingeniería Mecánica,"Ingeniería, Industria y Construcción",Ingeniería y Profesiones Afines,STEM
2021,Universidad Técnica Nacional,Ingeniería Electrónica,574,Región Central,GAM,Diplomado,Pregrado,CINE 5,Ingeniería,Ingeniería Electrónica,"Ingeniería, Industria y Construcción",Ingeniería y Profesiones Afines,STEM
2021,Universidad Técnica Nacional,Ingeniería Eléctrica,312,Región Pacífico Central,No GAM,Diplomado,Pregrado,CINE 5,Ingeniería,Ingeniería Eléctrica,"Ingeniería, Industria y Construcción",Ingeniería y Profesiones Afines,STEM
2021,Universidad Técnica Nacional,Ingeniería Gestión Ambiental,660,Región Chorotega,No GAM,Diplomado,Pregrado,CINE 5,Recursos Naturales,Ecología,"Ciencias Naturales, Matemáticas y Estadística",Medio Ambiente,STEM
2021,Universidad Técnica Nacional,Ingeniería Manejo del Recurso Hídrico,237,Región Central,GAM,Diplomado,Pregrado,CINE 5,Recursos Naturales,Manejo de Recursos Hídricos,"Ciencias Naturales, Matemáticas y Estadística",Medio Ambiente,STEM
2021,Universidad Técnica Nacional,Ingeniería Procesos y Calidad,371,Región Central,GAM,Diplomado,Pregrado,CINE 5,Ingeniería,Ingeniería Industrial,"Ingeniería, Industria y Construcción",Industria y Producción,STEM
2021,Universidad Técnica Nacional,Ingeniería Producción Animal,3,Región Central,GAM,Diplomado,Pregrado,CINE 5,Recursos Naturales,Producción Animal,"Agricultura, Silvicultura, Pesca y Veterinaria",Agricultura,STEM
2021,Universidad Técnica Nacional,Ingeniería Producción Industrial,649,Región Central,GAM,Diplomado,Pregrado,CINE 5,Ingeniería,Ingeniería Industrial,"Ingeniería, industria y construcción",Industria y Producción,STEM
2021,Universidad Técnica Nacional,Ingeniería Salud Ocupacional y Ambiente,737,Región Central,GAM,Diplomado,Pregrado,CINE 5,Ingeniería,Seguridad Laboral,Servicios,Servicios de Higiene y Salud Ocupacional,STEM
2021,Universidad Técnica Nacional,Ingeniería Sistemas de Producción Animal,310,Región Central,GAM,Diplomado,Pregrado,CINE 5,Recursos Naturales,Producción Animal,"Agricultura, Silvicultura, Pesca y Veterinaria",Agricultura,STEM
2021,Universidad Técnica Nacional,Ingeniería Tecnología de Alimentos,376,Región Central,GAM,Diplomado,Pregrado,CINE 5,Ingeniería,Ingeniería de Alimentos,"Ingeniería, Industria y Construcción",Industria y Producción,STEM
2021,Universidad Técnica Nacional,Ingeniería Tecnologías de Información,643,Región Chorotega,No GAM,Diplomado,Pregrado,CINE 5,Computación,Tecnologías de Información,Tecnologías de la Información y Comunicación,Tecnologías de la Información y la Comunicación (TIC),STEM
2021,Universidad Técnica Nacional,Ingeniería de Software,1129,Región Central,GAM,Diplomado,Pregrado,CINE 5,Computación,Ingeniería del Software,Tecnologías de la Información y Comunicación,Tecnologías de la Información y la Comunicación (TIC),STEM
2021,Universidad Técnica Nacional,Ingeniería en Ciencias Forestales y Vida Silvestre,215,Región Central,GAM,Diplomado,Pregrado,CINE 5,Recursos Naturales,Forestales,"Ciencias Naturales, Matemáticas y Estadística",Medio Ambiente,STEM
2021,Universidad Técnica Nacional,Inglés como Lengua Extranjera,1057,Región Central,No GAM,Diplomado,Pregrado,CINE 5,Educación,Enseñanza de Inglés,Educación,Educación,NO STEM
2021,Universidad Técnica Nacional,Logística Internacional,38,Región Central,GAM,Licenciatura,Grado,CINE 6,Ciencias Económicas,Administración Pública,Administración de Empresas y Derecho,Educación Comercial y Administración,NO STEM
2021,Universidad Técnica Nacional,Mediación Pedagógica,121,Región Central,No GAM,Licenciatura,Grado,CINE 6,Educación,Educación Generalista,Educación,Educación,NO STEM
2021,Universidad Técnica Nacional,Medicina Veterinaria,180,Región Central,GAM,Diplomado,Pregrado,CINE 5,Ciencias de la Salud,Veterinaria,"Agricultura, Silvicultura, Pesca y Veterinaria",Veterinaria,STEM
2021,Universidad Técnica Nacional,Tecnología de la Imagen,166,Región Central,GAM,Diplomado,Pregrado,CINE 5,Artes y Letras,Fotografía,Artes y Humanidades,Artes,NO STEM
2021,Universidad Técnica Nacional,Tecnologías Informáticas,1,Región Central,GAM,Diplomado,Pregrado,CINE 5,Computación,Tecnologías de Información,Tecnologías de la Información y Comunicación,Tecnologías de la Información y la Comunicación (TIC),STEM
2021,Universidad de Costa Rica,Administración Aduanera y Comercio Exterior,817,Región Central,GAM,Licenciatura,Grado,CINE 6,Ciencias Económicas,Administración Pública,Administración de Empresas y Derecho,Educación Comercial y Administración,NO STEM
2021,Universidad de Costa Rica,Administración Aduanera y Comercio Exterior énfasis Comercio Internacional,78,Región Central,GAM,Licenciatura,Grado,CINE 6,Ciencias Económicas,Administración Pública,Administración de Empresas y Derecho,Educación Comercial y Administración,NO STEM
2021,Universidad de Costa Rica,Administración Aduanera y Comercio Exterior énfasis Logística y Cadena de Abastecimiento,152,Región Central,GAM,Licenciatura,Grado,CINE 6,Ciencias Económicas,Administración Pública,Administración de Empresas y Derecho,Educación Comercial y Administración,NO STEM
2021,Universidad de Costa Rica,Administración Educativa,59,Región Central,GAM,Maestría,Posgrado,CINE 7,Educación,Administración Educativa,Educación,Educación,NO STEM
2021,Universidad de Costa Rica,Administración Pública,526,Región Central,GAM,Licenciatura,Grado,CINE 6,Ciencias Económicas,Administración Pública,Administración de Empresas y Derecho,Educación Comercial y Administración,NO STEM
2021,Universidad de Costa Rica,Administración Pública énfasis Gestión Pública,1,Región Central,GAM,Maestría,Posgrado,CINE 7,Ciencias Económicas,Administración Pública,Administración de Empresas y Derecho,Educación Comercial y Administración,NO STEM
2021,Universidad de Costa Rica,Administración Pública énfasis Gestión de Banca y Finanzas,60,Región Central,GAM,Licenciatura,Grado,CINE 6,Ciencias Económicas,Administración Pública,Administración de Empresas y Derecho,Educación Comercial y Administración,NO STEM
2021,Universidad de Costa Rica,Administración Pública énfasis Gestión del Desarrollo,38,Región Central,GAM,Licenciatura,Grado,CINE 6,Ciencias Económicas,Administración Pública,Administración de Empresas y Derecho,Educación Comercial y Administración,NO STEM
2021,Universidad de Costa Rica,Administración Universitaria,1,Región Central,GAM,Maestría,Posgrado,CINE 7,Educación,Administración Educativa,Educación,Educación,NO STEM
2021,Universidad de Costa Rica,Administración e Ingeniería de la Construcción,7,Región Central,GAM,Maestría,Posgrado,CINE 7,Ingeniería,Ingeniería Civil,"Ingeniería, Industria y Construcción",Arquitectura y Construcción,STEM
2021,Universidad de Costa Rica,Administración y Dirección de Empresas énfasis Finanzas,4,Región Central,GAM,Maestría,Posgrado,CINE 7,Ciencias Económicas,Finanzas,Administración de Empresas y Derecho,Educación Comercial y Administración,NO STEM
2021,Universidad de Costa Rica,Agronomía,808,Región Central,GAM,Licenciatura,Grado,CINE 6,Recursos Naturales,Agronomía General,"Agricultura, Silvicultura, Pesca y Veterinaria",Agricultura,STEM
2021,Universidad de Costa Rica,Anatomía Patológica,11,Región Central,GAM,Especialidad Profesional,Posgrado,CINE 7,Ciencias de la Salud,Medicina,Salud y Bienestar,Salud,STEM
2021,Universidad de Costa Rica,Anestesiología y Recuperación,66,Región Central,GAM,Especialidad Profesional,Posgrado,CINE 7,Ciencias de la Salud,Medicina,Salud y Bienestar,Salud,STEM
2021,Universidad de Costa Rica,Antropología,351,Región Central,GAM,Bachillerato,Grado,CINE 6,Ciencias Sociales,Antropología,"Ciencias Sociales, Periodismo e Información",Ciencias Sociales y del Comportamiento,NO STEM
2021,Universidad de Costa Rica,Antropología varios énfasis,37,Región Central,GAM,Licenciatura,Grado,CINE 6,Ciencias Sociales,Antropología,"Ciencias Sociales, Periodismo e Información",Ciencias Sociales y del Comportamiento,NO STEM
2021,Universidad de Costa Rica,Antropología énfasis Antropología Social,18,Región Central,GAM,Licenciatura,Grado,CINE 6,Ciencias Sociales,Antropología,"Ciencias Sociales, Periodismo e Información",Ciencias Sociales y del Comportamiento,NO STEM
2021,Universidad de Costa Rica,Antropología énfasis Arqueología,4,Región Central,GAM,Licenciatura,Grado,CINE 6,Ciencias Sociales,Antropología,"Ciencias Sociales, Periodismo e Información",Ciencias Sociales y del Comportamiento,NO STEM
2021,Universidad de Costa Rica,Análisis y Control de Calidad Medicamentos,2,Región Central,GAM,Maestría,Posgrado,CINE 7,Ciencias de la Salud,Farmacia,Salud y Bienestar,Salud,STEM
2021,Universidad de Costa Rica,Archivística,337,Región Central,GAM,Licenciatura,Grado,CINE 6,Ciencias Sociales,Archivística,"Ciencias Sociales, Periodismo e Información",Periodismo e Información,NO STEM
2021,Universidad de Costa Rica,Arquitectura,731,Región Central,GAM,Licenciatura,Grado,CINE 6,Ingeniería,Arquitectura,"Ingeniería, Industria y Construcción",Arquitectura y Construcción,STEM
2021,Universidad de Costa Rica,Arquitectura Tropical,5,Región Central,GAM,Maestría,Posgrado,CINE 7,Ingeniería,Arquitectura,"Ingeniería, Industria y Construcción",Arquitectura y Construcción,STEM
2021,Universidad de Costa Rica,Arquitectura y Construcción,6,Región Central,GAM,Maestría,Posgrado,CINE 7,Ingeniería,Arquitectura,"Ingeniería, Industria y Construcción",Arquitectura y Construcción,STEM
2021,Universidad de Costa Rica,Artes,17,Región Central,GAM,Maestría,Posgrado,CINE 7,Artes y Letras,Artes y Letras,Artes y Humanidades,Artes,NO STEM
2021,Universidad de Costa Rica,Artes Dramáticas,145,Región Central,GAM,Licenciatura,Grado,CINE 6,Artes y Letras,Artes Dramáticas,Artes y Humanidades,Artes,NO STEM
2021,Universidad de Costa Rica,Artes Plásticas énfasis Cerámica,1,Región Central,GAM,Licenciatura,Grado,CINE 6,Artes y Letras,Artes Plásticas,Artes y Humanidades,Artes,NO STEM
2021,Universidad de Costa Rica,Artes Plásticas énfasis Diseño Gráfico,6,Región Central,GAM,Licenciatura,Grado,CINE 6,Artes y Letras,Diseño Gráfico,Artes y Humanidades,Artes,NO STEM
2021,Universidad de Costa Rica,Artes Plásticas énfasis Escultura,5,Región Central,GAM,Licenciatura,Grado,CINE 6,Artes y Letras,Artes Plásticas,Artes y Humanidades,Artes,NO STEM
2021,Universidad de Costa Rica,Artes Plásticas énfasis Grabado,1,Región Central,GAM,Licenciatura,Grado,CINE 6,Artes y Letras,Artes Plásticas,Artes y Humanidades,Artes,NO STEM
2021,Universidad de Costa Rica,Artes Plásticas énfasis Pintura,5,Región Central,GAM,Licenciatura,Grado,CINE 6,Artes y Letras,Artes Plásticas,Artes y Humanidades,Artes,NO STEM
2021,Universidad de Costa Rica,Artes Visuales,1,Región Central,GAM,Maestría,Posgrado,CINE 7,Artes y Letras,Artes Plásticas,Artes y Humanidades,Artes,NO STEM
2021,Universidad de Costa Rica,Artes énfasis Artes Escénicas,15,Región Central,GAM,Maestría,Posgrado,CINE 7,Artes y Letras,Artes Dramáticas,Artes y Humanidades,Artes,NO STEM
2021,Universidad de Costa Rica,Artes énfasis Artes Visuales,1,Región Central,GAM,Maestría,Posgrado,CINE 7,Artes y Letras,Artes Plásticas,Artes y Humanidades,Artes,NO STEM
2021,Universidad de Costa Rica,Artes énfasis Cinematografía,4,Región Central,GAM,Maestría,Posgrado,CINE 7,Artes y Letras,Producción de Cine y Televisión,Artes y Humanidades,Artes,NO STEM
2021,Universidad de Costa Rica,Asistente de Laboratorio,109,Región Central,GAM,Diplomado,Pregrado,CINE 5,Ciencias de la Salud,Asistente de Laboratorio,"Ciencias naturales, matemáticas y estadística",Ciencias Biológicas y afines,STEM
2021,Universidad de Costa Rica,Astrofísica,8,Región Central,GAM,Maestría,Posgrado,CINE 7,Ciencias Básicas,Física,"Ciencias Naturales, Matemáticas y Estadística",Ciencias Físicas,STEM
2021,Universidad de Costa Rica,Audiología,151,Región Central,GAM,Licenciatura,Grado,CINE 6,Ciencias de la Salud,Audiología,Salud y Bienestar,Salud,STEM
2021,Universidad de Costa Rica,Bacteriología Médica,10,Región Central,GAM,Especialidad Profesional,Posgrado,CINE 7,Ciencias de la Salud,Microbiología,"Ciencias Naturales, Matemáticas y Estadística",Ciencias Biológicas y Afines,STEM
2021,Universidad de Costa Rica,Bibliotecología y Ciencias de la Información,54,Región Central,GAM,Licenciatura,Grado,CINE 6,Ciencias Sociales,Bibliotecología,"Ciencias Sociales, Periodismo e Información",Periodismo e Información,NO STEM
2021,Universidad de Costa Rica,Bibliotecología énfasis Bibliotecas Educativas,292,Región Central,GAM,Bachillerato,Grado,CINE 6,Ciencias Sociales,Bibliotecología,"Ciencias Sociales, Periodismo e Información",Periodismo e Información,NO STEM
2021,Universidad de Costa Rica,Bibliotecología énfasis Ciencias de la Información,196,Región Central,GAM,Bachillerato,Grado,CINE 6,Ciencias Sociales,Bibliotecología,"Ciencias Sociales, Periodismo e Información",Periodismo e Información,NO STEM
2021,Universidad de Costa Rica,Bioinformática y Biología de Sistemas,16,Región Central,GAM,Maestría,Posgrado,CINE 7,Ciencias Básicas,Biología,"Ciencias Naturales, Matemáticas y Estadística",Ciencias Biológicas y Afines,STEM
2021,Universidad de Costa Rica,Biología,373,Región Central,GAM,Licenciatura,Grado,CINE 6,Ciencias Básicas,Biología,"Ciencias Naturales, Matemáticas y Estadística",Ciencias Biológicas y Afines,STEM
2021,Universidad de Costa Rica,Biología énfasis Biología Molecular y Biotecnología,11,Región Central,GAM,Licenciatura,Grado,CINE 6,Ciencias Básicas,Biología,"Ciencias Naturales, Matemáticas y Estadística",Ciencias Biológicas y Afines,STEM
2021,Universidad de Costa Rica,Biología énfasis Botánica,6,Región Central,GAM,Licenciatura,Grado,CINE 6,Ciencias Básicas,Biología,"Ciencias Naturales, Matemáticas y Estadística",Ciencias Biológicas y Afines,STEM
2021,Universidad de Costa Rica,Biología énfasis Ecología y Gestión de Ambientes Acuáticos,6,Región Central,GAM,Licenciatura,Grado,CINE 6,Ciencias Básicas,Biología,"Ciencias Naturales, Matemáticas y Estadística",Ciencias Biológicas y Afines,STEM
2021,Universidad de Costa Rica,Biología énfasis Genética Humana,1,Región Central,GAM,Licenciatura,Grado,CINE 6,Ciencias Básicas,Biología,"Ciencias Naturales, Matemáticas y Estadística",Ciencias Biológicas y Afines,STEM
2021,Universidad de Costa Rica,Biología énfasis Genética y Biología Molecular,19,Región Central,GAM,Maestría,Posgrado,CINE 7,Ciencias Básicas,Biología,"Ciencias Naturales, Matemáticas y Estadística",Ciencias Biológicas y Afines,STEM
2021,Universidad de Costa Rica,Biología énfasis Interpretación Ambiental,9,Región Central,GAM,Licenciatura,Grado,CINE 6,Ciencias Básicas,Biología,"Ciencias Naturales, Matemáticas y Estadística",Ciencias Biológicas y Afines,STEM
2021,Universidad de Costa Rica,Biología énfasis Zoología,12,Región Central,GAM,Licenciatura,Grado,CINE 6,Ciencias Básicas,Biología,"Ciencias Naturales, Matemáticas y Estadística",Ciencias Biológicas y Afines,STEM
2021,Universidad de Costa Rica,Cardiología,21,Región Central,GAM,Especialidad Profesional,Posgrado,CINE 7,Ciencias de la Salud,Medicina,Salud y Bienestar,Salud,STEM
2021,Universidad de Costa Rica,Cardiología Pediátrica,1,Región Central,GAM,Especialidad Profesional,Posgrado,CINE 7,Ciencias de la Salud,Medicina,Salud y Bienestar,Salud,STEM
2021,Universidad de Costa Rica,Ciencia de Alimentos,18,Región Central,GAM,Maestría,Posgrado,CINE 7,Ingeniería,Ingeniería de Alimentos,"Ingeniería, Industria y Construcción",Industria y Producción,STEM
2021,Universidad de Costa Rica,Ciencias,10,Región Central,GAM,Doctorado,Posgrado,CINE 8,Ciencias Básicas,Ciencias,"Ciencias Naturales, Matemáticas y Estadística",Medio Ambiente,STEM
2021,Universidad de Costa Rica,Ciencias Actuariales,226,Región Central,GAM,Licenciatura,Grado,CINE 6,Ciencias Básicas,Ciencias Actuariales,"Ciencias Naturales, Matemáticas y Estadística",Matemáticas y Estadística,STEM
2021,Universidad de Costa Rica,Ciencias Agrícolas,5,Región Central,GAM,Doctorado,Posgrado,CINE 8,Recursos Naturales,Agronomía General,"Agricultura, Silvicultura, Pesca y Veterinaria",Agricultura,STEM
2021,Universidad de Costa Rica,Ciencias Agrícolas y Recursos Naturales énfasis Biotecnología,4,Región Central,GAM,Maestría,Posgrado,CINE 7,Recursos Naturales,Agronomía General,"Agricultura, Silvicultura, Pesca y Veterinaria",Agricultura,STEM
2021,Universidad de Costa Rica,Ciencias Agrícolas y Recursos Naturales énfasis Nutrición Animal,6,Región Central,GAM,Maestría,Posgrado,CINE 7,Recursos Naturales,Zootecnia,"Agricultura, Silvicultura, Pesca y Veterinaria",Agricultura,STEM
2021,Universidad de Costa Rica,Ciencias Agrícolas y Recursos Naturales énfasis Protección de Cultivos,8,Región Central,GAM,Maestría,Posgrado,CINE 7,Recursos Naturales,Agronomía General,"Agricultura, Silvicultura, Pesca y Veterinaria",Agricultura,STEM
2021,Universidad de Costa Rica,Ciencias Agrícolas y Recursos Naturales énfasis Suelos,8,Región Central,GAM,Maestría,Posgrado,CINE 7,Recursos Naturales,Agronomía General,"Agricultura, Silvicultura, Pesca y Veterinaria",Agricultura,STEM
2021,Universidad de Costa Rica,Ciencias Biomédicas énfasis Bioquímica y Fisiología Celular,7,Región Central,GAM,Maestría,Posgrado,CINE 7,Ciencias de la Salud,Biomédica,Salud y Bienestar,Salud,STEM
2021,Universidad de Costa Rica,Ciencias Cognoscitivas,6,Región Central,GAM,Maestría,Posgrado,CINE 7,Artes y Letras,Ciencias Cognoscitivas,Artes y Humanidades,Artes,NO STEM
2021,Universidad de Costa Rica,Ciencias Morfológicas,6,Región Central,GAM,Maestría,Posgrado,CINE 7,Ciencias de la Salud,Medicina,Salud y Bienestar,Salud,STEM
2021,Universidad de Costa Rica,Ciencias Médicas y Quirúrgicas,5,Región Central,GAM,Maestría,Posgrado,CINE 7,Ciencias de la Salud,Medicina,Salud y Bienestar,Salud,STEM
2021,Universidad de Costa Rica,Ciencias Neurológicas,5,Región Central,GAM,Maestría,Posgrado,CINE 7,Ciencias de la Salud,Medicina,Salud y Bienestar,Salud,STEM
2021,Universidad de Costa Rica,Ciencias Penales,18,Región Central,GAM,Maestría,Posgrado,CINE 7,Derecho,Derecho Penal,Administración de Empresas y Derecho,Derecho,NO STEM
2021,Universidad de Costa Rica,Ciencias Políticas,703,Región Central,GAM,Licenciatura,Grado,CINE 6,Ciencias Sociales,Ciencias Políticas,"Ciencias Sociales, Periodismo e Información",Ciencias Sociales y del Comportamiento,NO STEM
2021,Universidad de Costa Rica,Ciencias Sociales sobre América Central,9,Región Central,GAM,Doctorado,Posgrado,CINE 8,Ciencias Sociales,Ciencias Sociales,"Ciencias Sociales, Periodismo e Información",Ciencias Sociales y del Comportamiento,NO STEM
2021,Universidad de Costa Rica,Ciencias de la Atmósfera,3,Región Central,GAM,Maestría,Posgrado,CINE 7,Ciencias Básicas,Meteorología,"Ciencias Naturales, Matemáticas y Estadística",Ciencias Físicas,STEM
2021,Universidad de Costa Rica,"Ciencias de la Comunicación Colectiva con énfasis en Publicidad, Relaciones Públicas, Periodismo, Comunicación Audiovisual y Multimedial, Diseño y Producción de contenidos Transmedia, y Comunicación Estratégica",147,Región Central,GAM,Licenciatura,Grado,CINE 6,Ciencias Sociales,Comunicación,"Ciencias Sociales, Periodismo e Información",Periodismo e Información,NO STEM
2021,Universidad de Costa Rica,Ciencias de la Comunicación Colectiva énfasis Comunicación Audiovisual y Multimedial,125,Región Central,GAM,Licenciatura,Grado,CINE 6,Ciencias Sociales,Producción Audiovisual,Artes y Humanidades,Artes,NO STEM
2021,Universidad de Costa Rica,Ciencias de la Comunicación Colectiva énfasis Comunicación Estratégica,46,Región Central,GAM,Licenciatura,Grado,CINE 6,Ciencias Sociales,Comunicación,"Ciencias Sociales, Periodismo e Información",Periodismo e Información,NO STEM
2021,Universidad de Costa Rica,Ciencias de la Comunicación Colectiva énfasis Comunicación Social,17,Región Central,GAM,Licenciatura,Grado,CINE 6,Ciencias Sociales,Comunicación,"Ciencias Sociales, Periodismo e Información",Periodismo e Información,NO STEM
2021,Universidad de Costa Rica,Ciencias de la Comunicación Colectiva énfasis Periodismo,43,Región Central,GAM,Licenciatura,Grado,CINE 6,Ciencias Sociales,Periodismo,"Ciencias Sociales, Periodismo e Información",Periodismo e Información,NO STEM
2021,Universidad de Costa Rica,Ciencias de la Comunicación Colectiva énfasis Producción Audiovisual,2,Región Central,GAM,Licenciatura,Grado,CINE 6,Ciencias Sociales,Producción Audiovisual,Artes y Humanidades,Artes,NO STEM
2021,Universidad de Costa Rica,Ciencias de la Comunicación Colectiva énfasis Publicidad,51,Región Central,GAM,Licenciatura,Grado,CINE 6,Ciencias Sociales,Publicidad,Artes y Humanidades,Artes,NO STEM
2021,Universidad de Costa Rica,Ciencias de la Comunicación Colectiva énfasis Relaciones Públicas,74,Región Central,GAM,Licenciatura,Grado,CINE 6,Ciencias Sociales,Relaciones Públicas,"Ciencias Sociales, Periodismo e Información",Ciencias Sociales y del Comportamiento,NO STEM
2021,Universidad de Costa Rica,Ciencias de la Educación Inicial,181,Región Central,No GAM,Bachillerato,Grado,CINE 6,Educación,Educación Preescolar,Educación,Educación,NO STEM
2021,Universidad de Costa Rica,Ciencias de la Educación Lengua y Cultura Cabécar I y II Ciclos,1,Región Central,No GAM,Bachillerato,Grado,CINE 6,Educación,Educación Rural,Educación,Educación,NO STEM
2021,Universidad de Costa Rica,Ciencias de la Educación Preescolar énfasis Inglés,144,Región Central,No GAM,Bachillerato,Grado,CINE 6,Educación,Educación Preescolar Inglés,Educación,Educación,NO STEM
2021,Universidad de Costa Rica,Ciencias de la Educación Primaria,294,Región Central,No GAM,Bachillerato,Grado,CINE 6,Educación,Educación Primaria,Educación,Educación,NO STEM
2021,Universidad de Costa Rica,Ciencias de la Educación Primaria énfasis Inglés,387,Región Chorotega,No GAM,Bachillerato,Grado,CINE 6,Educación,Educación Primaria Inglés,Educación,Educación,NO STEM
2021,Universidad de Costa Rica,Ciencias de la Educación énfasis Administración de la Educación,78,Región Central,GAM,Licenciatura,Grado,CINE 6,Educación,Administración Educativa,Educación,Educación,NO STEM
2021,Universidad de Costa Rica,Ciencias de la Educación énfasis Administración de la Educación No Formal,115,Región Central,GAM,Licenciatura,Grado,CINE 6,Educación,Educación Generalista,Educación,Educación,NO STEM
2021,Universidad de Costa Rica,Ciencias de la Educación énfasis Educación Especial,144,Región Central,GAM,Bachillerato,Grado,CINE 6,Educación,Educación Especial,Educación,Educación,NO STEM
2021,Universidad de Costa Rica,Ciencias de la Educación énfasis Orientación,207,Región Central,GAM,Licenciatura,Grado,CINE 6,Educación,Orientación,Salud y Bienestar,Bienestar,NO STEM
2021,Universidad de Costa Rica,Ciencias del Movimiento Humano,424,Región Central,GAM,Bachillerato,Grado,CINE 6,Educación,Educación Física,Educación,Educación,NO STEM
2021,Universidad de Costa Rica,Ciencias del Movimiento Humano en el Medio Natural,1,Región Central,No GAM,Licenciatura,Grado,CINE 6,Educación,Educación Física,Educación,Educación,NO STEM
2021,Universidad de Costa Rica,Cirugía Cardiovascular Toráxica,7,Región Central,GAM,Especialidad Profesional,Posgrado,CINE 7,Ciencias de la Salud,Medicina,Salud y Bienestar,Salud,STEM
2021,Universidad de Costa Rica,Cirugía General,33,Región Central,GAM,Especialidad Profesional,Posgrado,CINE 7,Ciencias de la Salud,Medicina,Salud y Bienestar,Salud,STEM
2021,Universidad de Costa Rica,Cirugía Pediátrica,7,Región Central,GAM,Especialidad Profesional,Posgrado,CINE 7,Ciencias de la Salud,Medicina,Salud y Bienestar,Salud,STEM
2021,Universidad de Costa Rica,Cirugía Plástica y Reconstructiva,4,Región Central,GAM,Especialidad Profesional,Posgrado,CINE 7,Ciencias de la Salud,Medicina,Salud y Bienestar,Salud,STEM
2021,Universidad de Costa Rica,Cirugía Toráxica General,2,Región Central,GAM,Especialidad Profesional,Posgrado,CINE 7,Ciencias de la Salud,Medicina,Salud y Bienestar,Salud,STEM
2021,Universidad de Costa Rica,Computación e Informática,74,Región Central,GAM,Maestría,Posgrado,CINE 7,Computación,Ciencias de la Computación,Tecnologías de la Información y Comunicación,Tecnologías de la Información y la Comunicación (TIC),STEM
2021,Universidad de Costa Rica,Computación varios énfasis,567,Región Central,GAM,Bachillerato,Grado,CINE 6,Computación,Ciencias de la Computación,Tecnologías de la Información y Comunicación,Tecnologías de la Información y la Comunicación (TIC),STEM
2021,Universidad de Costa Rica,Computación énfasis Ciencias de la Computación,53,Región Central,GAM,Bachillerato,Grado,CINE 6,Computación,Ciencias de la Computación,Tecnologías de la Información y Comunicación,Tecnologías de la Información y la Comunicación (TIC),STEM
2021,Universidad de Costa Rica,Computación énfasis Ingeniería de Software,77,Región Central,GAM,Bachillerato,Grado,CINE 6,Computación,Ingeniería del Software,Tecnologías de la Información y Comunicación,Tecnologías de la Información y la Comunicación (TIC),STEM
2021,Universidad de Costa Rica,Computación énfasis Ingeniería de Tecnologías de la Información,67,Región Central,GAM,Bachillerato,Grado,CINE 6,Computación,Tecnologías de Información,Tecnologías de la Información y Comunicación,Tecnologías de la Información y la Comunicación (TIC),STEM
2021,Universidad de Costa Rica,Comunicación Sociales énfasis Estudios de la Mujer,1,Región Central,GAM,Maestría,Posgrado,CINE 7,Ciencias Sociales,Estudios de Género,"Ciencias Sociales, Periodismo e Información",Ciencias Sociales y del Comportamiento,NO STEM
2021,Universidad de Costa Rica,Comunicación y Desarrollo,21,Región Central,GAM,Maestría,Posgrado,CINE 7,Ciencias Sociales,Comunicación,"Ciencias Sociales, Periodismo e Información",Periodismo e Información,NO STEM
2021,Universidad de Costa Rica,Comunicación énfasis Diseño del Lenguaje Audiovisual y Multimedia,37,Región Central,GAM,Maestría,Posgrado,CINE 7,Ciencias Sociales,Producción Audiovisual,Artes y Humanidades,Artes,NO STEM
2021,Universidad de Costa Rica,Contaduría Pública,1940,Región Central,GAM,Licenciatura,Grado,CINE 6,Ciencias Económicas,Contaduría,Administración de Empresas y Derecho,Educación Comercial y Administración,NO STEM
2021,Universidad de Costa Rica,Derecho,1599,Región Central,GAM,Licenciatura,Grado,CINE 6,Derecho,Derecho,Administración de Empresas y Derecho,Derecho,NO STEM
2021,Universidad de Costa Rica,Derecho Agrario y Ambiental,15,Región Central,GAM,Especialidad Profesional,Posgrado,CINE 7,Derecho,Derecho Agrario,Administración de Empresas y Derecho,Derecho,NO STEM
2021,Universidad de Costa Rica,Derecho Comercial,19,Región Central,GAM,Especialidad Profesional,Posgrado,CINE 7,Derecho,Derecho Empresarial,Administración de Empresas y Derecho,Derecho,NO STEM
2021,Universidad de Costa Rica,Derecho Notarial y Registral,14,Región Central,No GAM,Especialidad Profesional,Posgrado,CINE 7,Derecho,Derecho Notarial,Administración de Empresas y Derecho,Derecho,NO STEM
2021,Universidad de Costa Rica,Derecho Público,26,Región Central,GAM,Maestría,Posgrado,CINE 7,Derecho,Derecho Público,Administración de Empresas y Derecho,Derecho,NO STEM
2021,Universidad de Costa Rica,Dermatología,9,Región Central,GAM,Especialidad Profesional,Posgrado,CINE 7,Ciencias de la Salud,Medicina,Salud y Bienestar,Salud,STEM
2021,Universidad de Costa Rica,Desarrollo Sostenible énfasis Conservación de los Recursos Biológicos,20,Región Central,No GAM,Maestría,Posgrado,CINE 7,Recursos Naturales,Ecología,"Ciencias Naturales, Matemáticas y Estadística",Medio Ambiente,STEM
2021,Universidad de Costa Rica,Desarrollo Sostenible énfasis Formación y Promoción Ecológica,8,Región Central,No GAM,Maestría,Posgrado,CINE 7,Recursos Naturales,Ecología,"Ciencias Naturales, Matemáticas y Estadística",Medio Ambiente,STEM
2021,Universidad de Costa Rica,Diplomacia,8,Región Central,GAM,Maestría,Posgrado,CINE 7,Ciencias Sociales,Relaciones Internacionales,"Ciencias Sociales, Periodismo e Información",Ciencias Sociales y del Comportamiento,NO STEM
2021,Universidad de Costa Rica,Dirección de Empresas,2930,Región Central,GAM,Licenciatura,Grado,CINE 6,Ciencias Económicas,Administración,Administración de Empresas y Derecho,Educación Comercial y Administración,NO STEM
2021,Universidad de Costa Rica,Diseño Gráfico,567,Región Central,GAM,Licenciatura,Grado,CINE 6,Artes y Letras,Diseño Gráfico,Artes y Humanidades,Artes,NO STEM
2021,Universidad de Costa Rica,Diseño Plástico énfasis Diseño Cerámico,43,Región Central,GAM,Licenciatura,Grado,CINE 6,Artes y Letras,Artes Plásticas,Artes y Humanidades,Artes,NO STEM
2021,Universidad de Costa Rica,Diseño Plástico énfasis Diseño Escultórico,21,Región Central,GAM,Licenciatura,Grado,CINE 6,Artes y Letras,Artes Plásticas,Artes y Humanidades,Artes,NO STEM
2021,Universidad de Costa Rica,Diseño Plástico énfasis Diseño Pictórico,373,Región Central,GAM,Licenciatura,Grado,CINE 6,Artes y Letras,Artes Plásticas,Artes y Humanidades,Artes,NO STEM
2021,Universidad de Costa Rica,Diseño Plástico énfasis Diseño de la Estampa,36,Región Central,GAM,Licenciatura,Grado,CINE 6,Artes y Letras,Artes Plásticas,Artes y Humanidades,Artes,NO STEM
2021,Universidad de Costa Rica,Diseño Urbano y Gestión Territorial,12,Región Central,GAM,Maestría,Posgrado,CINE 7,Ingeniería,Arquitectura,"Ingeniería, Industria y Construcción",Arquitectura y Construcción,STEM
2021,Universidad de Costa Rica,Docencia Universitaria,51,Región Central,GAM,Licenciatura,Grado,CINE 6,Educación,Docencia,Educación,Educación,NO STEM
2021,Universidad de Costa Rica,Economía,584,Región Central,GAM,Bachillerato,Grado,CINE 6,Ciencias Económicas,Economía,"Ciencias Sociales, Periodismo e Información",Ciencias Sociales y del Comportamiento,NO STEM
2021,Universidad de Costa Rica,Economía Agrícola,4,Región Central,GAM,Licenciatura,Grado,CINE 6,Recursos Naturales,Agronomía General,"Agricultura, Silvicultura, Pesca y Veterinaria",Agricultura,STEM
2021,Universidad de Costa Rica,Economía Agrícola y Agronegocios énfasis Agroambiente,557,Región Central,GAM,Licenciatura,Grado,CINE 6,Recursos Naturales,Economía Agrícola,"Agricultura, Silvicultura, Pesca y Veterinaria",Agricultura,STEM
2021,Universidad de Costa Rica,Economía Varios énfasis,1,Región Central,GAM,Licenciatura,Grado,CINE 6,Ciencias Económicas,Economía,"Ciencias Sociales, Periodismo e Información",Ciencias Sociales y del Comportamiento,NO STEM
2021,Universidad de Costa Rica,Educación,12,Región Central,GAM,Doctorado,Posgrado,CINE 8,Educación,Educación Generalista,Educación,Educación,NO STEM
2021,Universidad de Costa Rica,Educación Especial énfasis Aprendizaje Diverso,25,Región Central,GAM,Licenciatura,Grado,CINE 6,Educación,Educación Especial,Educación,Educación,NO STEM
2021,Universidad de Costa Rica,Educación Especial énfasis Educación de Personas Trastornos,14,Región Central,GAM,Licenciatura,Grado,CINE 6,Educación,Educación Especial,Educación,Educación,NO STEM
2021,Universidad de Costa Rica,Educación Especial énfasis Educación de Personas con Discapacidad Múltiple,12,Región Central,GAM,Licenciatura,Grado,CINE 6,Educación,Educación Especial,Educación,Educación,NO STEM
2021,Universidad de Costa Rica,Educación Matemática,205,Región Central,GAM,Licenciatura,Grado,CINE 6,Educación,Enseñanza de Matemática,Educación,Educación,NO STEM
2021,Universidad de Costa Rica,Educación Preescolar,33,Región Chorotega,No GAM,Licenciatura,Grado,CINE 6,Educación,Educación Preescolar,Educación,Educación,NO STEM
2021,Universidad de Costa Rica,Educación Preescolar énfasis Gestión de Proyectos Educativos para  la Primera Infancia y en la Atención a la Niñez Temprana,159,Región Central,GAM,Licenciatura,Grado,CINE 6,Educación,Educación Preescolar,Educación,Educación,NO STEM
2021,Universidad de Costa Rica,Educación Primaria,266,Región Central,GAM,Licenciatura,Grado,CINE 6,Educación,Educación Primaria,Educación,Educación,NO STEM
2021,Universidad de Costa Rica,Educación énfasis Docencia Universitaria,13,Región Central,GAM,Maestría,Posgrado,CINE 7,Educación,Docencia,Educación,Educación,NO STEM
2021,Universidad de Costa Rica,Educación énfasis Evaluación Educativa,8,Región Central,GAM,Maestría,Posgrado,CINE 7,Educación,Evaluación Educativa,Educación,Educación,NO STEM
2021,Universidad de Costa Rica,Educación énfasis Orientación Área Familiar,5,Región Central,GAM,Maestría,Posgrado,CINE 7,Educación,Orientación,Salud y Bienestar,Bienestar,NO STEM
2021,Universidad de Costa Rica,Electrocardiografía,1,Región Central,No GAM,Diplomado,Pregrado,CINE 5,Ciencias de la Salud,Electrografía,Salud y Bienestar,Salud,STEM
2021,Universidad de Costa Rica,Emergencias Médicas,17,Región Central,GAM,Diplomado,Pregrado,CINE 5,Ciencias de la Salud,Emergencias Médicas,Salud y Bienestar,Salud,STEM
2021,Universidad de Costa Rica,Endocrinología,7,Región Central,GAM,Especialidad Profesional,Posgrado,CINE 7,Ciencias de la Salud,Medicina,Salud y Bienestar,Salud,STEM
2021,Universidad de Costa Rica,Enfermería,499,Región Central,GAM,Licenciatura,Grado,CINE 6,Ciencias de la Salud,Enfermería,Salud y Bienestar,Salud,STEM
2021,Universidad de Costa Rica,Enfermería Ginecológica Obstetricia y Perinatal,29,Región Central,GAM,Maestría,Posgrado,CINE 7,Ciencias de la Salud,Enfermería,Salud y Bienestar,Salud,STEM
2021,Universidad de Costa Rica,Enfermería Oncológica y Hematología,19,Región Central,GAM,Maestría,Posgrado,CINE 7,Ciencias de la Salud,Enfermería,Salud y Bienestar,Salud,STEM
2021,Universidad de Costa Rica,Enfermería Quirúrgica,23,Región Central,GAM,Maestría,Posgrado,CINE 7,Ciencias de la Salud,Enfermería,Salud y Bienestar,Salud,STEM
2021,Universidad de Costa Rica,Enfermería de Salud Mental,18,Región Central,GAM,Maestría,Posgrado,CINE 7,Ciencias de la Salud,Enfermería,Salud y Bienestar,Salud,STEM
2021,Universidad de Costa Rica,Enfermería de Salud Ocupacional,1,Región Central,GAM,Maestría,Posgrado,CINE 7,Ciencias de la Salud,Enfermería,Salud y Bienestar,Salud,STEM
2021,Universidad de Costa Rica,Enseñanza de la Filosofía,122,Región Central,GAM,Bachillerato,Grado,CINE 6,Educación,Enseñanza de Filosofía,Educación,Educación,NO STEM
2021,Universidad de Costa Rica,Enseñanza de la Física Química Biología,3,Región Central,GAM,Licenciatura,Grado,CINE 6,Educación,Enseñanza de Ciencias,Educación,Educación,NO STEM
2021,Universidad de Costa Rica,Enseñanza de la Matemática,432,Región Central,GAM,Licenciatura,Grado,CINE 6,Educación,Enseñanza de Matemática,Educación,Educación,NO STEM
2021,Universidad de Costa Rica,Enseñanza de la Música,246,Región Central,GAM,Licenciatura,Grado,CINE 6,Educación,Enseñanza de Música,Educación,Educación,NO STEM
2021,Universidad de Costa Rica,Enseñanza de la Psicología,151,Región Central,GAM,Bachillerato,Grado,CINE 6,Educación,Enseñanza de Psicología,Educación,Educación,NO STEM
2021,Universidad de Costa Rica,Enseñanza de las Artes Plásticas,1,Región Central,GAM,Bachillerato,Grado,CINE 6,Educación,Enseñanza de Artes Plásticas,Educación,Educación,NO STEM
2021,Universidad de Costa Rica,Enseñanza de las Ciencias Naturales,211,Región Central,GAM,Bachillerato,Grado,CINE 6,Educación,Enseñanza de Ciencias,Educación,Educación,NO STEM
2021,Universidad de Costa Rica,Enseñanza de los Estudios Sociales y la Educación Cívica,419,Región Central,GAM,Licenciatura,Grado,CINE 6,Educación,Enseñanza de Estudios Sociales,Educación,Educación,NO STEM
2021,Universidad de Costa Rica,Enseñanza del Castellano y Literatura,374,Región Central,GAM,Licenciatura,Grado,CINE 6,Educación,Enseñanza de Castellano,Educación,Educación,NO STEM
2021,Universidad de Costa Rica,Enseñanza del Francés,187,Región Central,GAM,Bachillerato,Grado,CINE 6,Educación,Enseñanza de Francés,Educación,Educación,NO STEM
2021,Universidad de Costa Rica,Enseñanza del Francés como Lengua Extranjera,5,Región Central,GAM,Licenciatura,Grado,CINE 6,Educación,Enseñanza de Francés,Educación,Educación,NO STEM
2021,Universidad de Costa Rica,Enseñanza del Francés énfasis Secundaria,3,Región Central,GAM,Bachillerato,Grado,CINE 6,Educación,Enseñanza de Francés,Educación,Educación,NO STEM
2021,Universidad de Costa Rica,Enseñanza del Inglés,722,Región Central,No GAM,Bachillerato,Grado,CINE 6,Educación,Enseñanza de Inglés,Educación,Educación,NO STEM
2021,Universidad de Costa Rica,Enseñanza del Inglés como Lengua Extranjera,50,Región Central,GAM,Maestría,Posgrado,CINE 7,Educación,Enseñanza de Inglés,Educación,Educación,NO STEM
2021,Universidad de Costa Rica,Español como Segunda Lengua,8,Región Central,GAM,Maestría,Posgrado,CINE 7,Artes y Letras,Lenguas,Artes y Humanidades,Idiomas,NO STEM
2021,Universidad de Costa Rica,Estadística,514,Región Central,GAM,Bachillerato,Grado,CINE 6,Ciencias Básicas,Estadística,"Ciencias Naturales, Matemáticas y Estadística",Matemáticas y Estadística,STEM
2021,Universidad de Costa Rica,Estudios Interdisciplinarios sobre Discapacidad,15,Región Central,GAM,Maestría,Posgrado,CINE 7,Ciencias Sociales,Estudios de Discapacidad,Salud y Bienestar,Bienestar,NO STEM
2021,Universidad de Costa Rica,Estudios de la Sociedad y la Cultura,25,Región Central,GAM,Doctorado,Posgrado,CINE 8,Ciencias Sociales,Sociología,"Ciencias Sociales, Periodismo e Información",Ciencias Sociales y del Comportamiento,NO STEM
2021,Universidad de Costa Rica,Estudios de las Mujeres Géneros y Sexualidades,18,Región Central,GAM,Maestría,Posgrado,CINE 7,Ciencias Sociales,Estudios de Género,"Ciencias Sociales, Periodismo e Información",Ciencias Sociales y del Comportamiento,NO STEM
2021,Universidad de Costa Rica,Evaluación de Programas y Proyectos de Desarrollo,2,Región Central,GAM,Maestría,Posgrado,CINE 7,Ciencias Económicas,Administración Pública,Administración de Empresas y Derecho,Educación Comercial y Administración,NO STEM
2021,Universidad de Costa Rica,Farmacia,636,Región Central,GAM,Licenciatura,Grado,CINE 6,Ciencias de la Salud,Farmacia,Salud y Bienestar,Salud,STEM
2021,Universidad de Costa Rica,Filología Clásica,216,Región Central,GAM,Licenciatura,Grado,CINE 6,Artes y Letras,Literatura y Lingüística (Español),Artes y Humanidades,Idiomas,NO STEM
2021,Universidad de Costa Rica,Filología Española,408,Región Central,GAM,Licenciatura,Grado,CINE 6,Artes y Letras,Literatura y Lingüística (Español),Artes y Humanidades,Idiomas,NO STEM
2021,Universidad de Costa Rica,Filosofía,251,Región Central,GAM,Licenciatura,Grado,CINE 6,Artes y Letras,Filosofía,Artes y Humanidades,Humanidades,NO STEM
2021,Universidad de Costa Rica,Finanzas y Riesgo,2,Región Central,GAM,Maestría,Posgrado,CINE 7,Ciencias Económicas,Economía,"Ciencias Sociales, Periodismo e Información",Ciencias Sociales y del Comportamiento,NO STEM
2021,Universidad de Costa Rica,Francés,253,Región Central,GAM,Bachillerato,Grado,CINE 6,Artes y Letras,Francés,Artes y Humanidades,Idiomas,NO STEM
2021,Universidad de Costa Rica,Física,486,Región Central,GAM,Bachillerato,Grado,CINE 6,Ciencias Básicas,Física,"Ciencias Naturales, Matemáticas y Estadística",Ciencias Físicas,STEM
2021,Universidad de Costa Rica,Física Médica,9,Región Central,GAM,Maestría,Posgrado,CINE 7,Ciencias de la Salud,Medicina,Salud y Bienestar,Salud,STEM
2021,Universidad de Costa Rica,Gastroenterología y Endoscopía Diagnóstica,18,Región Central,GAM,Especialidad Profesional,Posgrado,CINE 7,Ciencias de la Salud,Medicina,Salud y Bienestar,Salud,STEM
2021,Universidad de Costa Rica,Geografía,324,Región Central,GAM,Licenciatura,Grado,CINE 6,Recursos Naturales,Geografía,"Ciencias Naturales, Matemáticas y Estadística",Ciencias Físicas,STEM
2021,Universidad de Costa Rica,Geología,272,Región Central,GAM,Licenciatura,Grado,CINE 6,Ciencias Básicas,Geología,"Ciencias Naturales, Matemáticas y Estadística",Ciencias Físicas,STEM
2021,Universidad de Costa Rica,Gerencia Agroempresarial,45,Región Brunca,No GAM,Maestría,Posgrado,CINE 7,Recursos Naturales,Ingeniería Agropecuaria Administrativa,"Agricultura, Silvicultura, Pesca y Veterinaria",Agricultura,STEM
2021,Universidad de Costa Rica,Geriatría y Gerontología,59,Región Central,GAM,Especialidad Profesional,Posgrado,CINE 7,Ciencias de la Salud,Medicina,Salud y Bienestar,Salud,STEM
2021,Universidad de Costa Rica,Gerontología,26,Región Central,GAM,Maestría,Posgrado,CINE 7,Ciencias Sociales,Gerontología,Salud y Bienestar,Bienestar,NO STEM
2021,Universidad de Costa Rica,Gestión Ambiental y Ecoturismo,1,Región Central,GAM,Maestría,Posgrado,CINE 7,Recursos Naturales,Ecología,"Ciencias Naturales, Matemáticas y Estadística",Medio Ambiente,STEM
2021,Universidad de Costa Rica,Gestión Cultural,112,Región Pacífico Central,No GAM,Bachillerato,Grado,CINE 6,Ciencias Sociales,Antropología,"Ciencias Sociales, Periodismo e Información",Ciencias Sociales y del Comportamiento,NO STEM
2021,Universidad de Costa Rica,Gestión Ecoturística,656,Región Central,No GAM,Licenciatura,Grado,CINE 6,Ciencias Sociales,Turismo,Servicios,Servicios Personales,NO STEM
2021,Universidad de Costa Rica,Gestión Integrada Áreas Costeras Tropicales,7,Región Central,GAM,Maestría,Posgrado,CINE 7,Recursos Naturales,Ecología,"Ciencias Naturales, Matemáticas y Estadística",Medio Ambiente,STEM
2021,Universidad de Costa Rica,Gestión Integral del Recurso Hídrico,128,Región Central,No GAM,Bachillerato,Grado,CINE 6,Recursos Naturales,Manejo de Recursos Hídricos,"Ciencias Naturales, Matemáticas y Estadística",Medio Ambiente,STEM
2021,Universidad de Costa Rica,Gestión Jurídica de la Educación,7,Región Central,GAM,Maestría,Posgrado,CINE 7,Educación,Educación Generalista,Educación,Educación,NO STEM
2021,Universidad de Costa Rica,Gestión de Recursos Naturales,115,Región Central,No GAM,Bachillerato,Grado,CINE 6,Recursos Naturales,Ecología,"Ciencias Naturales, Matemáticas y Estadística",Medio Ambiente,STEM
2021,Universidad de Costa Rica,Gestión del Riesgo en Desastres y Atención de Emergencias,14,Región Central,GAM,Maestría,Posgrado,CINE 7,Ciencias de la Salud,Salud Pública,Salud y Bienestar,Salud,STEM
2021,Universidad de Costa Rica,Ginecología Oncológica,5,Región Central,GAM,Especialidad Profesional,Posgrado,CINE 7,Ciencias de la Salud,Medicina,Salud y Bienestar,Salud,STEM
2021,Universidad de Costa Rica,Ginecología y Obstetricia,77,Región Central,GAM,Especialidad Profesional,Posgrado,CINE 7,Ciencias de la Salud,Medicina,Salud y Bienestar,Salud,STEM
2021,Universidad de Costa Rica,Gobierno y Políticas Públicas,17,Región Central,GAM,Doctorado,Posgrado,CINE 8,Ciencias Sociales,Ciencias Políticas,"Ciencias Sociales, Periodismo e Información",Ciencias Sociales y del Comportamiento,NO STEM
2021,Universidad de Costa Rica,Hematología,16,Región Central,GAM,Especialidad Profesional,Posgrado,CINE 7,Ciencias de la Salud,Microbiología,"Ciencias Naturales, Matemáticas y Estadística",Ciencias Biológicas y Afines,STEM
2021,Universidad de Costa Rica,Hematología Pediátrica,3,Región Central,GAM,Especialidad Profesional,Posgrado,CINE 7,Ciencias de la Salud,Microbiología,"Ciencias Naturales, Matemáticas y Estadística",Ciencias Biológicas y Afines,STEM
2021,Universidad de Costa Rica,Hidrología,1,Región Central,GAM,Maestría,Posgrado,CINE 7,Recursos Naturales,Manejo de Recursos Hídricos,"Ciencias Naturales, Matemáticas y Estadística",Medio Ambiente,STEM
2021,Universidad de Costa Rica,Histocitotecnología,16,Región Central,GAM,Licenciatura,Grado,CINE 6,Ciencias de la Salud,Biomédica,Salud y Bienestar,Salud,STEM
2021,Universidad de Costa Rica,Historia,387,Región Central,GAM,Licenciatura,Grado,CINE 6,Ciencias Sociales,Historia,Artes y Humanidades,Humanidades,NO STEM
2021,Universidad de Costa Rica,Historia del Arte,100,Región Central,GAM,Licenciatura,Grado,CINE 6,Artes y Letras,Historia del Arte,Artes y Humanidades,Artes,NO STEM
2021,Universidad de Costa Rica,Imagenología Diagnóstica y Terapéutica,149,Región Central,GAM,Licenciatura,Grado,CINE 6,Ciencias de la Salud,Imagenología,Salud y Bienestar,Salud,STEM
2021,Universidad de Costa Rica,Infectología,4,Región Central,GAM,Especialidad Profesional,Posgrado,CINE 7,Ciencias de la Salud,Medicina,Salud y Bienestar,Salud,STEM
2021,Universidad de Costa Rica,Informática Empresarial,1892,Región Central,No GAM,Bachillerato,Grado,CINE 6,Computación,Tecnologías de Información,Tecnologías de la Información y Comunicación,Tecnologías de la Información y la Comunicación (TIC),STEM
2021,Universidad de Costa Rica,Informática y Tecnología Multimedia,268,Región Pacífico Central,No GAM,Licenciatura,Grado,CINE 6,Artes y Letras,Diseño Gráfico,Artes y Humanidades,Artes,NO STEM
2021,Universidad de Costa Rica,Ingeniería,4,Región Central,GAM,Doctorado,Posgrado,CINE 8,Ingeniería,Ingeniería,"Ingeniería, Industria y Construcción",Ingeniería y Profesiones Afines,STEM
2021,Universidad de Costa Rica,Ingeniería Agronómica énfasis Fitotecnia,5,Región Central,GAM,Licenciatura,Grado,CINE 6,Recursos Naturales,Fitotecnia,"Agricultura, Silvicultura, Pesca y Veterinaria",Agricultura,STEM
2021,Universidad de Costa Rica,Ingeniería Agronómica énfasis Zootecnia,385,Región Central,GAM,Licenciatura,Grado,CINE 6,Recursos Naturales,Zootecnia,"Agricultura, Silvicultura, Pesca y Veterinaria",Agricultura,STEM
2021,Universidad de Costa Rica,Ingeniería Agrícola y de Biosistemas,599,Región Central,GAM,Licenciatura,Grado,CINE 6,Ingeniería,Ingeniería Agrícola,"Agricultura, Silvicultura, Pesca y Veterinaria",Agricultura,STEM
2021,Universidad de Costa Rica,Ingeniería Civil,1061,Región Central,GAM,Licenciatura,Grado,CINE 6,Ingeniería,Ingeniería Civil,"Ingeniería, Industria y Construcción",Arquitectura y Construcción,STEM
2021,Universidad de Costa Rica,Ingeniería Desarrollo Sostenible,164,Región Central,No GAM,Licenciatura,Grado,CINE 6,Ingeniería,Ingeniería Ambiental,"Ingeniería, Industria y Construcción",Ingeniería y Profesiones Afines,STEM
2021,Universidad de Costa Rica,Ingeniería Electromecánica Industrial,128,Región Pacífico Central,No GAM,Licenciatura,Grado,CINE 6,Ingeniería,Ingeniería Mecánica,"Ingeniería, Industria y Construcción",Ingeniería y Profesiones Afines,STEM
2021,Universidad de Costa Rica,Ingeniería Electríca sistemas de Comunicación,32,Región Central,GAM,Licenciatura,Grado,CINE 6,Ingeniería,Ingeniería Eléctrica,"Ingeniería, Industria y Construcción",Ingeniería y Profesiones Afines,STEM
2021,Universidad de Costa Rica,Ingeniería Eléctrica,27,Región Central,GAM,Maestría,Posgrado,CINE 7,Ingeniería,Ingeniería Eléctrica,"Ingeniería, Industria y Construcción",Ingeniería y Profesiones Afines,STEM
2021,Universidad de Costa Rica,Ingeniería Eléctrica Computadoras y Redes,241,Región Central,GAM,Licenciatura,Grado,CINE 6,Ingeniería,Ingeniería Eléctrica,"Ingeniería, Industria y Construcción",Ingeniería y Profesiones Afines,STEM
2021,Universidad de Costa Rica,Ingeniería Eléctrica Profundización en Electrónica y Telecomunicación,777,Región Central,GAM,Licenciatura,Grado,CINE 6,Ingeniería,Ingeniería Eléctrica,"Ingeniería, Industria y Construcción",Ingeniería y Profesiones Afines,STEM
2021,Universidad de Costa Rica,Ingeniería Eléctrica Profundización en Sistemas de Energía,289,Región Central,GAM,Licenciatura,Grado,CINE 6,Ingeniería,Ingeniería Eléctrica,"Ingeniería, Industria y Construcción",Ingeniería y Profesiones Afines,STEM
2021,Universidad de Costa Rica,Ingeniería Eléctrica énfasis Sistemas Digitales,55,Región Central,GAM,Licenciatura,Grado,CINE 6,Ingeniería,Ingeniería Eléctrica,"Ingeniería, Industria y Construcción",Ingeniería y Profesiones Afines,STEM
2021,Universidad de Costa Rica,Ingeniería Eléctrica énfasis Sistemas de Potencia,71,Región Central,GAM,Licenciatura,Grado,CINE 6,Ingeniería,Ingeniería Eléctrica,"Ingeniería, Industria y Construcción",Ingeniería y Profesiones Afines,STEM
2021,Universidad de Costa Rica,Ingeniería Geotécnica,11,Región Central,GAM,Maestría,Posgrado,CINE 7,Ingeniería,Ingeniería Civil,"Ingeniería, Industria y Construcción",Arquitectura y Construcción,STEM
2021,Universidad de Costa Rica,Ingeniería Hidráulica,13,Región Central,GAM,Maestría,Posgrado,CINE 7,Recursos Naturales,Manejo de Recursos Hídricos,"Ciencias Naturales, Matemáticas y Estadística",Medio Ambiente,STEM
2021,Universidad de Costa Rica,Ingeniería Industrial,1138,Región Central,GAM,Licenciatura,Grado,CINE 6,Ingeniería,Ingeniería Industrial,"Ingeniería, Industria y Construcción",Industria y Producción,STEM
2021,Universidad de Costa Rica,Ingeniería Industrial énfasis Administración Industrial,2,Región Central,GAM,Maestría,Posgrado,CINE 7,Ingeniería,Ingeniería Industrial,"Ingeniería, Industria y Construcción",Industria y Producción,STEM
2021,Universidad de Costa Rica,Ingeniería Mecánica,655,Región Central,GAM,Licenciatura,Grado,CINE 6,Ingeniería,Ingeniería Mecánica,"Ingeniería, Industria y Construcción",Ingeniería y Profesiones Afines,STEM
2021,Universidad de Costa Rica,Ingeniería Mecánica énfasis Protección contra Incendios,214,Región Central,GAM,Licenciatura,Grado,CINE 6,Ingeniería,Ingeniería Mecánica,"Ingeniería, Industria y Construcción",Ingeniería y Profesiones Afines,STEM
2021,Universidad de Costa Rica,Ingeniería Mecánica énfasis Sistemas Térmicos y Energéticos,5,Región Central,GAM,Maestría,Posgrado,CINE 7,Ingeniería,Ingeniería Mecánica,"Ingeniería, Industria y Construcción",Ingeniería y Profesiones Afines,STEM
2021,Universidad de Costa Rica,Ingeniería Química,942,Región Central,GAM,Licenciatura,Grado,CINE 6,Ingeniería,Ingeniería Química,"Ingeniería, Industria y Construcción",Ingeniería y Profesiones Afines,STEM
2021,Universidad de Costa Rica,Ingeniería Química énfasis Ingeniería Procesos Industriales,1,Región Central,GAM,Maestría,Posgrado,CINE 7,Ingeniería,Ingeniería Química,"Ingeniería, Industria y Construcción",Ingeniería y Profesiones Afines,STEM
2021,Universidad de Costa Rica,Ingeniería Topográfica,441,Región Central,GAM,Licenciatura,Grado,CINE 6,Ingeniería,Ingeniería Topográfica,"Ingeniería, Industria y Construcción",Arquitectura y Construcción,STEM
2021,Universidad de Costa Rica,Ingeniería de Alimentos,387,Región Central,GAM,Licenciatura,Grado,CINE 6,Ingeniería,Ingeniería de Alimentos,"Ingeniería, Industria y Construcción",Industria y Producción,STEM
2021,Universidad de Costa Rica,Ingeniería de Transporte y Vías,14,Región Central,GAM,Maestría,Posgrado,CINE 7,Ingeniería,Ingeniería Civil,"Ingeniería, Industria y Construcción",Arquitectura y Construcción,STEM
2021,Universidad de Costa Rica,Ingeniería en Biosistemas,3,Región Central,GAM,Maestría,Posgrado,CINE 7,Ingeniería,Ingeniería Agrícola,"Agricultura, Silvicultura, Pesca y Veterinaria",Agricultura,STEM
2021,Universidad de Costa Rica,Inglés,1137,Región Central,GAM,Bachillerato,Grado,CINE 6,Artes y Letras,Inglés,Artes y Humanidades,Idiomas,NO STEM
2021,Universidad de Costa Rica,Inglés Formación Gestión Empresarial,223,Región Pacífico Central,No GAM,Licenciatura,Grado,CINE 6,Artes y Letras,Inglés,Artes y Humanidades,Idiomas,NO STEM
2021,Universidad de Costa Rica,Inglés a Distancia,4,Región Central,GAM,Bachillerato,Grado,CINE 6,Artes y Letras,Inglés,Artes y Humanidades,Idiomas,NO STEM
2021,Universidad de Costa Rica,Inmunología,7,Región Central,GAM,Maestría,Posgrado,CINE 7,Ciencias de la Salud,Microbiología,"Ciencias Naturales, Matemáticas y Estadística",Ciencias Biológicas y Afines,STEM
2021,Universidad de Costa Rica,Justicia constitucional,1,Región Central,GAM,Maestría,Posgrado,CINE 7,Derecho,Derecho Constitucional,Administración de Empresas y Derecho,Derecho,NO STEM
2021,Universidad de Costa Rica,Laboratorista Químico,180,Región Central,No GAM,Licenciatura,Grado,CINE 6,Ciencias Básicas,Laboratorista Químico,"Ciencias Naturales, Matemáticas y Estadística",Ciencias Físicas,STEM
2021,Universidad de Costa Rica,Lingüística,40,Región Central,GAM,Maestría,Posgrado,CINE 7,Artes y Letras,Literatura y Lingüística (Español),Artes y Humanidades,Idiomas,NO STEM
2021,Universidad de Costa Rica,Literatura Clásica,2,Región Central,GAM,Maestría,Posgrado,CINE 7,Artes y Letras,Literatura y Lingüística (Español),Artes y Humanidades,Idiomas,NO STEM
2021,Universidad de Costa Rica,Literatura Francesa,4,Región Central,GAM,Maestría,Posgrado,CINE 7,Artes y Letras,Francés,Artes y Humanidades,Idiomas,NO STEM
2021,Universidad de Costa Rica,Literatura Inglesa,33,Región Central,GAM,Maestría,Posgrado,CINE 7,Artes y Letras,Inglés,Artes y Humanidades,Idiomas,NO STEM
2021,Universidad de Costa Rica,Literatura Latinoamericana,39,Región Central,GAM,Maestría,Posgrado,CINE 7,Artes y Letras,Literatura y Lingüística (Español),Artes y Humanidades,Idiomas,NO STEM
2021,Universidad de Costa Rica,Marina Civil énfasis Ingeniería Náutica y Transporte Marítimo e Ingeniería Marina,34,Región Huetar Caribe,No GAM,Licenciatura,Grado,CINE 6,Ingeniería,Ingeniería Naútica,"Ingeniería, Industria y Construcción",Ingeniería y Profesiones Afines,STEM
2021,Universidad de Costa Rica,Matemática énfasis Matemática Aplicada,3,Región Central,GAM,Maestría,Posgrado,CINE 7,Ciencias Básicas,Matemática,"Ciencias Naturales, Matemáticas y Estadística",Matemáticas y Estadística,STEM
2021,Universidad de Costa Rica,Matemática énfasis Matemática Pura,5,Región Central,GAM,Maestría,Posgrado,CINE 7,Ciencias Básicas,Matemática,"Ciencias Naturales, Matemáticas y Estadística",Matemáticas y Estadística,STEM
2021,Universidad de Costa Rica,Matemáticas,143,Región Central,GAM,Licenciatura,Grado,CINE 6,Ciencias Básicas,Matemática,"Ciencias Naturales, Matemáticas y Estadística",Matemáticas y Estadística,STEM
2021,Universidad de Costa Rica,Medicina Crítica Pediátrica,1,Región Central,GAM,Especialidad Profesional,Posgrado,CINE 7,Ciencias de la Salud,Medicina,Salud y Bienestar,Salud,STEM
2021,Universidad de Costa Rica,Medicina Crítica y Terapia Intensiva,5,Región Central,GAM,Especialidad Profesional,Posgrado,CINE 7,Ciencias de la Salud,Medicina,Salud y Bienestar,Salud,STEM
2021,Universidad de Costa Rica,Medicina Familiar y Comunitaria,37,Región Central,GAM,Especialidad Profesional,Posgrado,CINE 7,Ciencias de la Salud,Medicina,Salud y Bienestar,Salud,STEM
2021,Universidad de Costa Rica,Medicina Física y Rehabilitación,13,Región Central,GAM,Especialidad Profesional,Posgrado,CINE 7,Ciencias de la Salud,Medicina,Salud y Bienestar,Salud,STEM
2021,Universidad de Costa Rica,Medicina Interna,77,Región Central,GAM,Especialidad Profesional,Posgrado,CINE 7,Ciencias de la Salud,Medicina,Salud y Bienestar,Salud,STEM
2021,Universidad de Costa Rica,Medicina Legal,12,Región Central,GAM,Especialidad Profesional,Posgrado,CINE 7,Ciencias de la Salud,Medicina,Salud y Bienestar,Salud,STEM
2021,Universidad de Costa Rica,Medicina Materno Fetal,4,Región Central,GAM,Especialidad Profesional,Posgrado,CINE 7,Ciencias de la Salud,Medicina,Salud y Bienestar,Salud,STEM
2021,Universidad de Costa Rica,Medicina Paliativa,9,Región Central,GAM,Especialidad Profesional,Posgrado,CINE 7,Ciencias de la Salud,Medicina,Salud y Bienestar,Salud,STEM
2021,Universidad de Costa Rica,Medicina de Emergencias,20,Región Central,GAM,Especialidad Profesional,Posgrado,CINE 7,Ciencias de la Salud,Medicina,Salud y Bienestar,Salud,STEM
2021,Universidad de Costa Rica,Medicina y Cirugía,552,Región Central,GAM,Licenciatura,Grado,CINE 6,Ciencias de la Salud,Medicina,Salud y Bienestar,Salud,STEM
2021,Universidad de Costa Rica,Meteorología,155,Región Central,GAM,Licenciatura,Grado,CINE 6,Ciencias Básicas,Meteorología,"Ciencias Naturales, Matemáticas y Estadística",Ciencias Físicas,STEM
2021,Universidad de Costa Rica,Micología Médica,1,Región Central,GAM,Especialidad Profesional,Posgrado,CINE 7,Ciencias de la Salud,Microbiología,Salud y Bienestar,Salud,STEM
2021,Universidad de Costa Rica,Microbiología,13,Región Central,GAM,Maestría,Posgrado,CINE 7,Ciencias de la Salud,Microbiología,"Ciencias Naturales, Matemáticas y Estadística",Ciencias Biológicas y Afines,STEM
2021,Universidad de Costa Rica,Microbiología y Química Clínica,363,Región Central,GAM,Licenciatura,Grado,CINE 6,Ciencias de la Salud,Microbiología,"Ciencias Naturales, Matemáticas y Estadística",Ciencias Biológicas y Afines,STEM
2021,Universidad de Costa Rica,Microbiología énfasis Bacteriología,6,Región Central,GAM,Maestría,Posgrado,CINE 7,Ciencias de la Salud,Microbiología,"Ciencias Naturales, Matemáticas y Estadística",Ciencias Biológicas y Afines,STEM
2021,Universidad de Costa Rica,Microbiología énfasis Virología,2,Región Central,GAM,Maestría,Posgrado,CINE 7,Ciencias de la Salud,Microbiología,"Ciencias Naturales, Matemáticas y Estadística",Ciencias Biológicas y Afines,STEM
2021,Universidad de Costa Rica,Métodos Matemáticos y Aplicación,39,Región Central,GAM,Maestría,Posgrado,CINE 7,Ciencias Básicas,Matemática,"Ciencias Naturales, Matemáticas y Estadística",Matemáticas y Estadística,STEM
2021,Universidad de Costa Rica,Música énfasis Canto,16,Región Central,GAM,Licenciatura,Grado,CINE 6,Artes y Letras,Artes Musicales,Artes y Humanidades,Artes,NO STEM
2021,Universidad de Costa Rica,Música énfasis Composición,32,Región Central,GAM,Licenciatura,Grado,CINE 6,Artes y Letras,Artes Musicales,Artes y Humanidades,Artes,NO STEM
2021,Universidad de Costa Rica,Música énfasis Contrabajo,3,Región Central,GAM,Licenciatura,Grado,CINE 6,Artes y Letras,Artes Musicales,Artes y Humanidades,Artes,NO STEM
2021,Universidad de Costa Rica,Música énfasis Corno Francés,6,Región Central,GAM,Licenciatura,Grado,CINE 6,Artes y Letras,Artes Musicales,Artes y Humanidades,Artes,NO STEM
2021,Universidad de Costa Rica,Música énfasis Dirección,8,Región Central,GAM,Bachillerato,Grado,CINE 6,Artes y Letras,Artes Musicales,Artes y Humanidades,Artes,NO STEM
2021,Universidad de Costa Rica,Música énfasis Dirección Orquestal,1,Región Central,GAM,Licenciatura,Grado,CINE 6,Artes y Letras,Artes Musicales,Artes y Humanidades,Artes,NO STEM
2021,Universidad de Costa Rica,Música énfasis Ejecución y Enseñanza del Instrumento Clarinete,11,Región Central,GAM,Licenciatura,Grado,CINE 6,Educación,Enseñanza de Música,Educación,Educación,NO STEM
2021,Universidad de Costa Rica,Música énfasis Ejecución y Enseñanza del Instrumento Corno,1,Región Central,GAM,Licenciatura,Grado,CINE 6,Educación,Enseñanza de Música,Educación,Educación,NO STEM
2021,Universidad de Costa Rica,Música énfasis Ejecución y Enseñanza del Instrumento Flauta Traversa,2,Región Central,GAM,Licenciatura,Grado,CINE 6,Educación,Enseñanza de Música,Educación,Educación,NO STEM
2021,Universidad de Costa Rica,Música énfasis Ejecución y Enseñanza del Instrumento Guitarra,2,Región Central,GAM,Licenciatura,Grado,CINE 6,Educación,Enseñanza de Música,Educación,Educación,NO STEM
2021,Universidad de Costa Rica,Música énfasis Ejecución y Enseñanza del Instrumento Oboe,1,Región Central,GAM,Licenciatura,Grado,CINE 6,Educación,Enseñanza de Música,Educación,Educación,NO STEM
2021,Universidad de Costa Rica,Música énfasis Ejecución y Enseñanza del Instrumento Piano,2,Región Central,GAM,Licenciatura,Grado,CINE 6,Educación,Enseñanza de Música,Educación,Educación,NO STEM
2021,Universidad de Costa Rica,Música énfasis Ejecución y Enseñanza del Instrumento Saxofón,1,Región Central,GAM,Licenciatura,Grado,CINE 6,Educación,Enseñanza de Música,Educación,Educación,NO STEM
2021,Universidad de Costa Rica,Música énfasis Ejecución y Enseñanza del Instrumento Trombón,1,Región Central,GAM,Licenciatura,Grado,CINE 6,Educación,Enseñanza de Música,Educación,Educación,NO STEM
2021,Universidad de Costa Rica,Música énfasis Ejecución y Enseñanza del Instrumento Trompeta,1,Región Central,GAM,Licenciatura,Grado,CINE 6,Educación,Enseñanza de Música,Educación,Educación,NO STEM
2021,Universidad de Costa Rica,Música énfasis Ejecución y Enseñanza del Instrumento Viola,1,Región Central,GAM,Licenciatura,Grado,CINE 6,Educación,Enseñanza de Música,Educación,Educación,NO STEM
2021,Universidad de Costa Rica,Música énfasis Enseñanza de Fagot,1,Región Central,GAM,Licenciatura,Grado,CINE 6,Educación,Enseñanza de Música,Educación,Educación,NO STEM
2021,Universidad de Costa Rica,Música énfasis Eufonio,3,Región Central,GAM,Licenciatura,Grado,CINE 6,Artes y Letras,Artes Musicales,Artes y Humanidades,Artes,NO STEM
2021,Universidad de Costa Rica,Música énfasis Fagot,7,Región Central,GAM,Licenciatura,Grado,CINE 6,Artes y Letras,Artes Musicales,Artes y Humanidades,Artes,NO STEM
2021,Universidad de Costa Rica,Música énfasis Flauta Traversa,13,Región Central,GAM,Licenciatura,Grado,CINE 6,Artes y Letras,Artes Musicales,Artes y Humanidades,Artes,NO STEM
2021,Universidad de Costa Rica,Música énfasis Guitarra,25,Región Central,GAM,Licenciatura,Grado,CINE 6,Artes y Letras,Artes Musicales,Artes y Humanidades,Artes,NO STEM
2021,Universidad de Costa Rica,Música énfasis Oboe,6,Región Central,GAM,Licenciatura,Grado,CINE 6,Artes y Letras,Artes Musicales,Artes y Humanidades,Artes,NO STEM
2021,Universidad de Costa Rica,Música énfasis Percusión,10,Región Central,GAM,Licenciatura,Grado,CINE 6,Artes y Letras,Artes Musicales,Artes y Humanidades,Artes,NO STEM
2021,Universidad de Costa Rica,Música énfasis Piano,27,Región Central,GAM,Licenciatura,Grado,CINE 6,Artes y Letras,Artes Musicales,Artes y Humanidades,Artes,NO STEM
2021,Universidad de Costa Rica,Música énfasis Saxofón,21,Región Central,GAM,Licenciatura,Grado,CINE 6,Artes y Letras,Artes Musicales,Artes y Humanidades,Artes,NO STEM
2021,Universidad de Costa Rica,Música énfasis Trombón,10,Región Central,GAM,Licenciatura,Grado,CINE 6,Artes y Letras,Artes Musicales,Artes y Humanidades,Artes,NO STEM
2021,Universidad de Costa Rica,Música énfasis Trompeta,13,Región Central,GAM,Licenciatura,Grado,CINE 6,Artes y Letras,Artes Musicales,Artes y Humanidades,Artes,NO STEM
2021,Universidad de Costa Rica,Música énfasis Tuba,4,Región Central,GAM,Licenciatura,Grado,CINE 6,Artes y Letras,Artes Musicales,Artes y Humanidades,Artes,NO STEM
2021,Universidad de Costa Rica,Música énfasis Viola,2,Región Central,GAM,Licenciatura,Grado,CINE 6,Artes y Letras,Artes Musicales,Artes y Humanidades,Artes,NO STEM
2021,Universidad de Costa Rica,Música énfasis Violonchelo,3,Región Central,GAM,Licenciatura,Grado,CINE 6,Artes y Letras,Artes Musicales,Artes y Humanidades,Artes,NO STEM
2021,Universidad de Costa Rica,Música énfasis Violín,22,Región Central,GAM,Licenciatura,Grado,CINE 6,Artes y Letras,Artes Musicales,Artes y Humanidades,Artes,NO STEM
2021,Universidad de Costa Rica,Nefrología,4,Región Central,GAM,Especialidad Profesional,Posgrado,CINE 7,Ciencias de la Salud,Medicina,Salud y Bienestar,Salud,STEM
2021,Universidad de Costa Rica,Neonatología,4,Región Central,GAM,Especialidad Profesional,Posgrado,CINE 7,Ciencias de la Salud,Medicina,Salud y Bienestar,Salud,STEM
2021,Universidad de Costa Rica,Neumología,4,Región Central,GAM,Especialidad Profesional,Posgrado,CINE 7,Ciencias de la Salud,Medicina,Salud y Bienestar,Salud,STEM
2021,Universidad de Costa Rica,Neurocirugía,10,Región Central,GAM,Especialidad Profesional,Posgrado,CINE 7,Ciencias de la Salud,Medicina,Salud y Bienestar,Salud,STEM
2021,Universidad de Costa Rica,Neurología,7,Región Central,GAM,Especialidad Profesional,Posgrado,CINE 7,Ciencias de la Salud,Medicina,Salud y Bienestar,Salud,STEM
2021,Universidad de Costa Rica,Nutrición,317,Región Central,GAM,Licenciatura,Grado,CINE 6,Ciencias de la Salud,Nutrición,Salud y Bienestar,Salud,STEM
2021,Universidad de Costa Rica,Nutrición Clínica de las Enfermedades Crónicas no Transmisibles,18,Región Central,GAM,Maestría,Posgrado,CINE 7,Ciencias de la Salud,Nutrición,Salud y Bienestar,Salud,STEM
2021,Universidad de Costa Rica,Odontología,607,Región Central,GAM,Licenciatura,Grado,CINE 6,Ciencias de la Salud,Odontología,Salud y Bienestar,Salud,STEM
2021,Universidad de Costa Rica,Odontología General Avanzada,8,Región Central,GAM,Especialidad Profesional,Posgrado,CINE 7,Ciencias de la Salud,Odontología,Salud y Bienestar,Salud,STEM
2021,Universidad de Costa Rica,Odontología Odontopediatría,7,Región Central,GAM,Maestría,Posgrado,CINE 7,Ciencias de la Salud,Odontología,Salud y Bienestar,Salud,STEM
2021,Universidad de Costa Rica,Odontología y Cirugía Dental,1,Región Central,GAM,Maestría,Posgrado,CINE 7,Ciencias de la Salud,Odontología,Salud y Bienestar,Salud,STEM
2021,Universidad de Costa Rica,Odontología énfasis Prostodoncia,7,Región Central,GAM,Maestría,Posgrado,CINE 7,Ciencias de la Salud,Odontología,Salud y Bienestar,Salud,STEM
2021,Universidad de Costa Rica,Oftalmología,18,Región Central,GAM,Especialidad Profesional,Posgrado,CINE 7,Ciencias de la Salud,Medicina,Salud y Bienestar,Salud,STEM
2021,Universidad de Costa Rica,Oncología Médica,9,Región Central,GAM,Especialidad Profesional,Posgrado,CINE 7,Ciencias de la Salud,Medicina,Salud y Bienestar,Salud,STEM
2021,Universidad de Costa Rica,Oncología Médica Pediátrica,2,Región Central,GAM,Especialidad Profesional,Posgrado,CINE 7,Ciencias de la Salud,Medicina,Salud y Bienestar,Salud,STEM
2021,Universidad de Costa Rica,Oncología Quirúrgica,4,Región Central,GAM,Especialidad Profesional,Posgrado,CINE 7,Ciencias de la Salud,Medicina,Salud y Bienestar,Salud,STEM
2021,Universidad de Costa Rica,Oncología Radioterápica,2,Región Central,GAM,Especialidad Profesional,Posgrado,CINE 7,Ciencias de la Salud,Medicina,Salud y Bienestar,Salud,STEM
2021,Universidad de Costa Rica,Ortopedia y Traumatología,48,Región Central,GAM,Especialidad Profesional,Posgrado,CINE 7,Ciencias de la Salud,Medicina,Salud y Bienestar,Salud,STEM
2021,Universidad de Costa Rica,Ortoprotesis y Ortopedia,6,Región Central,GAM,Licenciatura,Grado,CINE 6,Ciencias de la Salud,Medicina,Salud y Bienestar,Salud,STEM
2021,Universidad de Costa Rica,Otorrinolaringología y Cirugía de Cabeza y Cuello,12,Región Central,GAM,Especialidad Profesional,Posgrado,CINE 7,Ciencias de la Salud,Medicina,Salud y Bienestar,Salud,STEM
2021,Universidad de Costa Rica,Paisajismo y Diseño de Sitio,10,Región Central,GAM,Maestría,Posgrado,CINE 7,Ingeniería,Arquitectura,"Ingeniería, Industria y Construcción",Arquitectura y Construcción,STEM
2021,Universidad de Costa Rica,Pediatría,41,Región Central,GAM,Especialidad Profesional,Posgrado,CINE 7,Ciencias de la Salud,Medicina,Salud y Bienestar,Salud,STEM
2021,Universidad de Costa Rica,Promoción de la Salud,153,Región Central,GAM,Licenciatura,Grado,CINE 6,Ciencias de la Salud,Salud Pública,Salud y Bienestar,Salud,STEM
2021,Universidad de Costa Rica,Psicología,810,Región Central,GAM,Licenciatura,Grado,CINE 6,Ciencias Sociales,Psicología,"Ciencias Sociales, Periodismo e Información",Ciencias Sociales y del Comportamiento,NO STEM
2021,Universidad de Costa Rica,Psicología Clínica,9,Región Central,GAM,Especialidad Profesional,Posgrado,CINE 7,Ciencias Sociales,Psicología,"Ciencias Sociales, Periodismo e Información",Ciencias Sociales y del Comportamiento,NO STEM
2021,Universidad de Costa Rica,Psicología Clínica y de la Salud,1,Región Central,GAM,Maestría,Posgrado,CINE 7,Ciencias Sociales,Psicología,"Ciencias Sociales, Periodismo e Información",Ciencias Sociales y del Comportamiento,NO STEM
2021,Universidad de Costa Rica,Psicología Comunitaria,10,Región Central,GAM,Maestría,Posgrado,CINE 7,Ciencias Sociales,Psicología,"Ciencias Sociales, Periodismo e Información",Ciencias Sociales y del Comportamiento,NO STEM
2021,Universidad de Costa Rica,Psicología del Trabajo y de las Organizaciones,14,Región Central,GAM,Maestría,Posgrado,CINE 7,Ciencias Sociales,Psicología,"Ciencias Sociales, Periodismo e Información",Ciencias Sociales y del Comportamiento,NO STEM
2021,Universidad de Costa Rica,Psiquiatría,34,Región Central,GAM,Especialidad Profesional,Posgrado,CINE 7,Ciencias de la Salud,Medicina,Salud y Bienestar,Salud,STEM
2021,Universidad de Costa Rica,Psiquiatría Infantil,1,Región Central,GAM,Especialidad Profesional,Posgrado,CINE 7,Ciencias de la Salud,Medicina,Salud y Bienestar,Salud,STEM
2021,Universidad de Costa Rica,Química,513,Región Central,GAM,Licenciatura,Grado,CINE 6,Ciencias Básicas,Química,"Ciencias Naturales, Matemáticas y Estadística",Ciencias Físicas,STEM
2021,Universidad de Costa Rica,Química Industrial,1,Región Central,GAM,Maestría,Posgrado,CINE 7,Ciencias Básicas,Química,"Ciencias Naturales, Matemáticas y Estadística",Ciencias Físicas,STEM
2021,Universidad de Costa Rica,Radiología e Imágenes Médicas,36,Región Central,GAM,Especialidad Profesional,Posgrado,CINE 7,Ciencias de la Salud,Medicina,Salud y Bienestar,Salud,STEM
2021,Universidad de Costa Rica,Reumatología,2,Región Central,GAM,Especialidad Profesional,Posgrado,CINE 7,Ciencias de la Salud,Medicina,Salud y Bienestar,Salud,STEM
2021,Universidad de Costa Rica,Salud Ambiental,325,Región Central,GAM,Licenciatura,Grado,CINE 6,Ciencias de la Salud,Salud Pública,Salud y Bienestar,Salud,STEM
2021,Universidad de Costa Rica,Salud Pública énfasis Gerencia de la Salud,1,Región Central,GAM,Maestría,Posgrado,CINE 7,Ciencias de la Salud,Salud Pública,Salud y Bienestar,Salud,STEM
2021,Universidad de Costa Rica,Sistema de Información Geográfica,2,Región Central,GAM,Maestría,Posgrado,CINE 7,Recursos Naturales,Geografía,"Ciencias Naturales, Matemáticas y Estadística",Ciencias Físicas,STEM
2021,Universidad de Costa Rica,Sociología,448,Región Central,GAM,Licenciatura,Grado,CINE 6,Ciencias Sociales,Sociología,"Ciencias Sociales, Periodismo e Información",Ciencias Sociales y del Comportamiento,NO STEM
2021,Universidad de Costa Rica,Tecnologías de Información y Comunicación para la Gestión Organizacional,2,Región Central,GAM,Maestría,Posgrado,CINE 7,Computación,Tecnologías de Información,Tecnologías de la Información y Comunicación,Tecnologías de la Información y la Comunicación (TIC),NO STEM
2021,Universidad de Costa Rica,Teoría Psicoanalítica,15,Región Central,GAM,Maestría,Posgrado,CINE 7,Ciencias Sociales,Psicología,"Ciencias Sociales, Periodismo e Información",Ciencias Sociales y del Comportamiento,NO STEM
2021,Universidad de Costa Rica,Terapia Física,282,Región Central,GAM,Licenciatura,Grado,CINE 6,Ciencias de la Salud,Terapia Física,Salud y Bienestar,Salud,STEM
2021,Universidad de Costa Rica,Trabajo Social,803,Región Central,GAM,Licenciatura,Grado,CINE 6,Ciencias Sociales,Trabajo Social,Salud y Bienestar,Bienestar,NO STEM
2021,Universidad de Costa Rica,Urología,21,Región Central,GAM,Especialidad Profesional,Posgrado,CINE 7,Ciencias de la Salud,Medicina,Salud y Bienestar,Salud,STEM
2021,Universidad de Costa Rica,Vascular Periférico,5,Región Central,GAM,Especialidad Profesional,Posgrado,CINE 7,Ciencias de la Salud,Medicina,Salud y Bienestar,Salud,STEM
2021,Universidad de Costa Rica,Vivienda y Equipamiento Social,1,Región Central,GAM,Maestría,Posgrado,CINE 7,Ingeniería,Arquitectura,"Ingeniería, Industria y Construcción",Arquitectura y Construcción,STEM
2022,Tecnológico de Costa Rica,Administración de Empresas,1346,Región Central,GAM,Bachillerato,Grado,CINE 6,Ciencias Económicas,Administración,Administración de Empresas y Derecho,Educación Comercial y Administración,NO STEM
2022,Tecnológico de Costa Rica,Administración de Empresas énfasis Administración Financiera,91,Región Central,GAM,Licenciatura,Grado,CINE 6,Ciencias Económicas,Finanzas,Administración de Empresas y Derecho,Educación Comercial y Administración,NO STEM
2022,Tecnológico de Costa Rica,Administración de Empresas énfasis Contaduría Pública,53,Región Central,GAM,Licenciatura,Grado,CINE 6,Ciencias Económicas,Contaduría,Administración de Empresas y Derecho,Educación Comercial y Administración,NO STEM
2022,Tecnológico de Costa Rica,Administración de Empresas énfasis Mercadeo,54,Región Central,GAM,Licenciatura,Grado,CINE 6,Ciencias Económicas,Mercadeo,Administración de Empresas y Derecho,Educación Comercial y Administración,NO STEM
2022,Tecnológico de Costa Rica,Administración de Empresas énfasis Recursos Humanos,69,Región Central,GAM,Licenciatura,Grado,CINE 6,Ciencias Económicas,Administración de Recursos Humanos,Administración de Empresas y Derecho,Educación Comercial y Administración,NO STEM
2022,Tecnológico de Costa Rica,Administración de Ingeniería Electromecánica énfasis Administración de Energía,12,Región Central,GAM,Maestría,Posgrado,CINE 7,Ingeniería,Ingeniería Mecánica,"Ingeniería, Industria y Construcción",Ingeniería y Profesiones Afines,STEM
2022,Tecnológico de Costa Rica,Administración de Ingeniería Electromecánica énfasis Gerencia de Mantenimiento,21,Región Central,GAM,Maestría,Posgrado,CINE 7,Ingeniería,Ingeniería Mecánica,"Ingeniería, Industria y Construcción",Ingeniería y Profesiones Afines,STEM
2022,Tecnológico de Costa Rica,Administración de Tecnologías de Información,421,Región Central,GAM,Licenciatura,Grado,CINE 6,Computación,Tecnologías de Información,Tecnologías de la Información y Comunicación,Tecnologías de la Información y la Comunicación (TIC),STEM
2022,Tecnológico de Costa Rica,Arquitectura y Urbanismo,250,Región Central,GAM,Licenciatura,Grado,CINE 6,Ingeniería,Arquitectura,"Ingeniería, Industria y Construcción",Arquitectura y Construcción,STEM
2022,Tecnológico de Costa Rica,Cadena de Abastecimiento,40,Región Central,GAM,Maestría,Posgrado,CINE 7,Ingeniería,Ingeniería Industrial,"Ingeniería, Industria y Construcción",Industria y Producción,STEM
2022,Tecnológico de Costa Rica,Ciencia y Tecnología para la Sostenibilidad,12,Región Huetar Norte,No GAM,Maestría,Posgrado,CINE 7,Ciencias Básicas,Ciencias,"Ciencias Naturales, Matemáticas y Estadística",Medio Ambiente,STEM
2022,Tecnológico de Costa Rica,Ciencias Naturales para el Desarrollo énfasis Gestión de Recursos Naturales,2,Región Huetar Norte,No GAM,Doctorado,Posgrado,CINE 8,Ciencias Básicas,Ciencias,"Ciencias Naturales, Matemáticas y Estadística",Medio Ambiente,STEM
2022,Tecnológico de Costa Rica,Ciencias Naturales para el Desarrollo énfasis Gestión y Cultura Ambiental,2,Región Huetar Norte,No GAM,Doctorado,Posgrado,CINE 8,Ciencias Básicas,Ciencias,"Ciencias Naturales, Matemáticas y Estadística",Medio Ambiente,STEM
2022,Tecnológico de Costa Rica,Ciencias Naturales para el Desarrollo énfasis Sistemas de Producción Agrícola,6,Región Huetar Norte,No GAM,Doctorado,Posgrado,CINE 8,Ciencias Básicas,Ciencias,"Ciencias Naturales, Matemáticas y Estadística",Medio Ambiente,STEM
2022,Tecnológico de Costa Rica,Ciencias Naturales para el Desarrollo énfasis Tecnologías Electrónicas Aplicadas,1,Región Huetar Norte,No GAM,Doctorado,Posgrado,CINE 8,Ciencias Básicas,Ciencias,"Ciencias Naturales, Matemáticas y Estadística",Medio Ambiente,STEM
2022,Tecnológico de Costa Rica,Computación,47,Región Central,GAM,Maestría,Posgrado,CINE 7,Computación,Ciencias de la Computación,Tecnologías de la Información y Comunicación,Tecnologías de la Información y la Comunicación (TIC),STEM
2022,Tecnológico de Costa Rica,Computación énfasis Ciencias de la Computación,82,Región Central,GAM,Maestría,Posgrado,CINE 7,Computación,Ciencias de la Computación,Tecnologías de la Información y Comunicación,Tecnologías de la Información y la Comunicación (TIC),STEM
2022,Tecnológico de Costa Rica,Computación énfasis Sistemas de Información,10,Región Central,GAM,Maestría,Posgrado,CINE 7,Computación,Sistemas de Información,Tecnologías de la Información y Comunicación,Tecnologías de la Información y la Comunicación (TIC),STEM
2022,Tecnológico de Costa Rica,Dirección de Empresas,547,Región Central,GAM,Maestría,Posgrado,CINE 7,Ciencias Económicas,Administración,Administración de Empresas y Derecho,Educación Comercial y Administración,NO STEM
2022,Tecnológico de Costa Rica,Educación Técnica,45,Región Central,GAM,Licenciatura,Grado,CINE 6,Educación,Educación Técnica,Educación,Educación,NO STEM
2022,Tecnológico de Costa Rica,Electrónica énfasis Microsistemas,3,Región Central,GAM,Maestría,Posgrado,CINE 7,Ingeniería,Ingeniería Electrónica,"Ingeniería, Industria y Construcción",Ingeniería y Profesiones Afines,STEM
2022,Tecnológico de Costa Rica,Enseñanza de la Matemática con Entornos Tecnológicos,176,Región Central,GAM,Bachillerato,Grado,CINE 6,Educación,Enseñanza de Matemática,Educación,Educación,NO STEM
2022,Tecnológico de Costa Rica,Gerencia de Proyectos énfasis Proyectos Empresariales,129,Región Central,GAM,Maestría,Posgrado,CINE 7,Ciencias Económicas,Administración de Proyectos,Administración de Empresas y Derecho,Educación Comercial y Administración,NO STEM
2022,Tecnológico de Costa Rica,Gerencia de Proyectos énfasis Proyectos de Construcción,51,Región Central,GAM,Maestría,Posgrado,CINE 7,Ciencias Económicas,Administración de Proyectos,Administración de Empresas y Derecho,Educación Comercial y Administración,NO STEM
2022,Tecnológico de Costa Rica,Gerencia de Proyectos énfasis Proyectos de Tecnologías de Información,24,Región Central,GAM,Maestría,Posgrado,CINE 7,Ciencias Económicas,Administración de Proyectos,Administración de Empresas y Derecho,Educación Comercial y Administración,NO STEM
2022,Tecnológico de Costa Rica,Gestión de Recursos Naturales y Tecnologías de Producción,13,Región Central,GAM,Maestría,Posgrado,CINE 7,Recursos Naturales,Ecología,"Ciencias Naturales, Matemáticas y Estadística",Medio Ambiente,STEM
2022,Tecnológico de Costa Rica,Gestión de Turismo Rural,21,Región Huetar Norte,No GAM,Bachillerato,Grado,CINE 6,Ciencias Sociales,Turismo,Servicios,Servicios Personales,NO STEM
2022,Tecnológico de Costa Rica,Gestión del Turismo Sostenible,36,Región Central,GAM,Bachillerato,Grado,CINE 6,Ciencias Sociales,Turismo,Servicios,Servicios Personales,NO STEM
2022,Tecnológico de Costa Rica,Ingeniería,8,Región Central,GAM,Doctorado,Posgrado,CINE 8,Ingeniería,Ingeniería,"Ingeniería, Industria y Construcción",Ingeniería y Profesiones Afines,STEM
2022,Tecnológico de Costa Rica,Ingeniería Agronegocios,176,Región Central,GAM,Licenciatura,Grado,CINE 6,Recursos Naturales,Economía Agrícola,"Agricultura, Silvicultura, Pesca y Veterinaria",Agricultura,STEM
2022,Tecnológico de Costa Rica,Ingeniería Agropecuaria Administrativa,11,Región Central,GAM,Licenciatura,Grado,CINE 6,Recursos Naturales,Ingeniería Agropecuaria Administrativa,"Agricultura, Silvicultura, Pesca y Veterinaria",Agricultura,STEM
2022,Tecnológico de Costa Rica,Ingeniería Agrícola,143,Región Central,GAM,Licenciatura,Grado,CINE 6,Ingeniería,Ingeniería Agrícola,"Agricultura, Silvicultura, Pesca y Veterinaria",Agricultura,STEM
2022,Tecnológico de Costa Rica,Ingeniería Ambiental,219,Región Central,GAM,Licenciatura,Grado,CINE 6,Ingeniería,Ingeniería Ambiental,"Ingeniería, industria y construcción",Ingeniería y Profesiones afines,STEM
2022,Tecnológico de Costa Rica,Ingeniería Biotecnología,292,Región Central,GAM,Bachillerato,Grado,CINE 6,Recursos Naturales,Biotecnología,"Ingeniería, Industria y Construcción",Ingeniería y Profesiones Afines,STEM
2022,Tecnológico de Costa Rica,Ingeniería Construcción,504,Región Central,GAM,Licenciatura,Grado,CINE 6,Ingeniería,Ingeniería Civil,"Ingeniería, Industria y Construcción",Arquitectura y Construcción,STEM
2022,Tecnológico de Costa Rica,Ingeniería Diseño Industrial énfasis Comunicación Visual,22,Región Central,GAM,Licenciatura,Grado,CINE 6,Ingeniería,Diseño Industrial,"Ingeniería, Industria y Construcción",Industria y Producción,STEM
2022,Tecnológico de Costa Rica,Ingeniería Diseño Industrial énfasis Desarrollo de Productos,402,Región Central,GAM,Licenciatura,Grado,CINE 6,Ingeniería,Diseño Industrial,"Ingeniería, Industria y Construcción",Industria y Producción,STEM
2022,Tecnológico de Costa Rica,Ingeniería Dispositivos Médicos,32,Región Central,GAM,Maestría,Posgrado,CINE 7,Ingeniería,Ingeniería Electrónica,"Ingeniería, Industria y Construcción",Ingeniería y Profesiones Afines,STEM
2022,Tecnológico de Costa Rica,Ingeniería Electrónica,1069,Región Central,GAM,Licenciatura,Grado,CINE 6,Ingeniería,Ingeniería Electrónica,"Ingeniería, Industria y Construcción",Ingeniería y Profesiones Afines,STEM
2022,Tecnológico de Costa Rica,Ingeniería Electrónica énfasis Procesamiento Digital de Señales,5,Región Central,GAM,Maestría,Posgrado,CINE 7,Ingeniería,Ingeniería Electrónica,"Ingeniería, Industria y Construcción",Ingeniería y Profesiones Afines,STEM
2022,Tecnológico de Costa Rica,Ingeniería Electrónica énfasis Sistemas Empotrados,16,Región Central,GAM,Maestría,Posgrado,CINE 7,Ingeniería,Ingeniería Electrónica,"Ingeniería, Industria y Construcción",Ingeniería y Profesiones Afines,STEM
2022,Tecnológico de Costa Rica,Ingeniería Electrónica énfasis en Microelectrónica,11,Región Central,GAM,Maestría,Posgrado,CINE 7,Ingeniería,Ingeniería Electrónica,"Ingeniería, Industria y Construcción",Ingeniería y Profesiones Afines,STEM
2022,Tecnológico de Costa Rica,Ingeniería Forestal,7,Región Central,GAM,Licenciatura,Grado,CINE 6,Recursos Naturales,Forestales,"Ciencias Naturales, Matemáticas y Estadística",Medio Ambiente,STEM
2022,Tecnológico de Costa Rica,Ingeniería Forestal énfasis Conservación y Restauración de Ecosistemas Forestales,20,Región Central,GAM,Licenciatura,Grado,CINE 6,Recursos Naturales,Forestales,"Ciencias Naturales, Matemáticas y Estadística",Medio Ambiente,STEM
2022,Tecnológico de Costa Rica,Ingeniería Forestal énfasis Manejo y Producción Forestal,120,Región Central,GAM,Licenciatura,Grado,CINE 6,Recursos Naturales,Forestales,"Ciencias Naturales, Matemáticas y Estadística",Medio Ambiente,STEM
2022,Tecnológico de Costa Rica,Ingeniería Física,183,Región Central,GAM,Licenciatura,Grado,CINE 6,Ciencias Básicas,Física,"Ciencias Naturales, Matemáticas y Estadística",Ciencias Físicas,STEM
2022,Tecnológico de Costa Rica,Ingeniería Mantenimiento Industrial,619,Región Central,GAM,Licenciatura,Grado,CINE 6,Ingeniería,Ingeniería Mecánica,"Ingeniería, Industria y Construcción",Ingeniería y Profesiones Afines,STEM
2022,Tecnológico de Costa Rica,Ingeniería Materiales,386,Región Central,GAM,Licenciatura,Grado,CINE 6,Ingeniería,Ingeniería de Materiales,"Ingeniería, Industria y Construcción",Industria y Producción,STEM
2022,Tecnológico de Costa Rica,Ingeniería Materiales énfasis Metalurgia,3,Región Central,GAM,Licenciatura,Grado,CINE 6,Ingeniería,Ingeniería de Materiales,"Ingeniería, Industria y Construcción",Industria y Producción,STEM
2022,Tecnológico de Costa Rica,Ingeniería Materiales énfasis Microelectrónica,4,Región Central,GAM,Licenciatura,Grado,CINE 6,Ingeniería,Ingeniería de Materiales,"Ingeniería, Industria y Construcción",Industria y Producción,STEM
2022,Tecnológico de Costa Rica,Ingeniería Materiales énfasis Procesos Industriales,7,Región Central,GAM,Licenciatura,Grado,CINE 6,Ingeniería,Ingeniería de Materiales,"Ingeniería, Industria y Construcción",Industria y Producción,STEM
2022,Tecnológico de Costa Rica,Ingeniería Mecatrónica,550,Región Central,GAM,Licenciatura,Grado,CINE 6,Ingeniería,Ingeniería Mecánica,"Ingeniería, Industria y Construcción",Ingeniería y Profesiones Afines,STEM
2022,Tecnológico de Costa Rica,Ingeniería Producción Industrial,1077,Región Central,GAM,Licenciatura,Grado,CINE 6,Ingeniería,Ingeniería Industrial,"Ingeniería, Industria y Construcción",Industria y Producción,STEM
2022,Tecnológico de Costa Rica,Ingeniería Seguridad Laboral e Higiene Ambiental,222,Región Central,GAM,Licenciatura,Grado,CINE 6,Ingeniería,Seguridad Laboral,Servicios,Servicios de Higiene y Salud Ocupacional,STEM
2022,Tecnológico de Costa Rica,Ingeniería Vial,24,Región Central,GAM,Maestría,Posgrado,CINE 7,Ingeniería,Ingeniería Civil,"Ingeniería, Industria y Construcción",Arquitectura y Construcción,STEM
2022,Tecnológico de Costa Rica,Ingeniería en Agronomía,238,Región Huetar Norte,No GAM,Licenciatura,Grado,CINE 6,Recursos Naturales,Agronomía General,"Agricultura, Silvicultura, Pesca y Veterinaria",Agricultura,STEM
2022,Tecnológico de Costa Rica,Ingeniería en Computación,1497,Región Central,GAM,Bachillerato,Grado,CINE 6,Computación,Ciencias de la Computación,Tecnologías de la Información y Comunicación,Tecnologías de la Información y la Comunicación (TIC),STEM
2022,Tecnológico de Costa Rica,Ingeniería en Computadores,594,Región Central,GAM,Licenciatura,Grado,CINE 6,Computación,Ingeniería en Computadores,Tecnologías de la Información y Comunicación,Tecnologías de la Información y la Comunicación (TIC),STEM
2022,Tecnológico de Costa Rica,Investigación Empresarial,10,Región Central,GAM,Maestría,Posgrado,CINE 7,Ciencias Económicas,Administración,Administración de Empresas y Derecho,Educación Comercial y Administración,NO STEM
2022,Tecnológico de Costa Rica,Salud Ocupacional,26,Región Central,GAM,Maestría,Posgrado,CINE 7,Ingeniería,Seguridad Laboral,Servicios,Servicios de Higiene y Salud Ocupacional,STEM
2022,Tecnológico de Costa Rica,Sistemas Modernos de Manufactura,54,Región Central,GAM,Maestría,Posgrado,CINE 7,Ingeniería,Ingeniería Industrial,"Ingeniería, Industria y Construcción",Industria y Producción,STEM
2022,Universidad Estatal a Distancia,Administración Educativa,121,Región Central,No GAM,Sin información,Sin información,Sin información,Educación,Administración Educativa,Educación,Educación,NO STEM
2022,Universidad Estatal a Distancia,Administración Policial y Prevención del Delito,10,Región Central,No GAM,Sin información,Sin información,Sin información,Ciencias Sociales,Criminología,"Ciencias Sociales, Periodismo e Información",Ciencias Sociales y del Comportamiento,NO STEM
2022,Universidad Estatal a Distancia,Administración de Empresas,7598,Región Central,GAM,Sin información,Sin información,Sin información,Ciencias Económicas,Administración,Administración de Empresas y Derecho,Educación Comercial y Administración,NO STEM
2022,Universidad Estatal a Distancia,Administración de Empresas Agropecuarias,29,Región Central,No GAM,Sin información,Sin información,Sin información,Ciencias Económicas,Administración de Empresas Agropecuarias,Administración de Empresas y Derecho,Educación Comercial y Administración,NO STEM
2022,Universidad Estatal a Distancia,Administración de Empresas con énfasis en Dirección Empresarial,1,Región Central,GAM,Bachillerato,Grado,CINE 6,Ciencias Económicas,Administración,Administración de Empresas y Derecho,Educación Comercial y Administración,NO STEM
2022,Universidad Estatal a Distancia,Administración de Empresas énfasis Banca y Finanzas,279,Región Central,GAM,Sin información,Sin información,Sin información,Ciencias Económicas,Finanzas,Administración de Empresas y Derecho,Educación Comercial y Administración,NO STEM
2022,Universidad Estatal a Distancia,Administración de Empresas énfasis Contaduría,359,Región Central,GAM,Sin información,Sin información,Sin información,Ciencias Económicas,Contaduría,Administración de Empresas y Derecho,Educación Comercial y Administración,NO STEM
2022,Universidad Estatal a Distancia,Administración de Empresas énfasis Dirección Empresas,240,Región Central,GAM,Sin información,Sin información,Sin información,Ciencias Económicas,Administración,Administración de Empresas y Derecho,Educación Comercial y Administración,NO STEM
2022,Universidad Estatal a Distancia,Administración de Empresas énfasis Empresas Cooperativas y Asociativas,1,Región Central,GAM,Sin información,Sin información,Sin información,Ciencias Económicas,Administración de Cooperativas,Administración de Empresas y Derecho,Educación Comercial y Administración,NO STEM
2022,Universidad Estatal a Distancia,Administración de Empresas énfasis Gestión Organizacional,1,Región Huetar Norte,No GAM,Sin información,Sin información,Sin información,Ciencias Económicas,Administración,Administración de Empresas y Derecho,Educación Comercial y Administración,NO STEM
2022,Universidad Estatal a Distancia,Administración de Empresas énfasis Mercadeo,96,Región Central,GAM,Sin información,Sin información,Sin información,Ciencias Económicas,Mercadeo,Administración de Empresas y Derecho,Educación Comercial y Administración,NO STEM
2022,Universidad Estatal a Distancia,Administración de Empresas énfasis Negocios Internacionales,89,Región Central,GAM,Sin información,Sin información,Sin información,Ciencias Económicas,Comercio Internacional,Administración de empresas y derecho,Educación Comercial y Administración,NO STEM
2022,Universidad Estatal a Distancia,Administración de Empresas énfasis Producción,65,Región Central,GAM,Sin información,Sin información,Sin información,Ciencias Económicas,Administración de la Producción,Administración de Empresas y Derecho,Educación Comercial y Administración,NO STEM
2022,Universidad Estatal a Distancia,Administración de Empresas énfasis Recursos Humanos,186,Región Central,GAM,Sin información,Sin información,Sin información,Ciencias Económicas,Administración de Recursos Humanos,Administración de Empresas y Derecho,Educación Comercial y Administración,NO STEM
2022,Universidad Estatal a Distancia,Administración de Medios de Comunicación,2,Región Central,GAM,Maestría,Posgrado,CINE 7,Ciencias Sociales,Comunicación,"Ciencias Sociales, Periodismo e Información",Periodismo e Información,NO STEM
2022,Universidad Estatal a Distancia,Administración de Negocios,24,Región Central,GAM,Maestría,Posgrado,CINE 7,Ciencias Económicas,Administración,Administración de Empresas y Derecho,Educación Comercial y Administración,NO STEM
2022,Universidad Estatal a Distancia,Administración de Servicios de Salud,774,Región Central,No GAM,Sin información,Sin información,Sin información,Ciencias Económicas,Administración de Servicios de Salud,Administración de Empresas y Derecho,Educación Comercial y Administración,NO STEM
2022,Universidad Estatal a Distancia,Administración de Servicios de Salud Sostenible,14,Región Central,GAM,Maestría,Posgrado,CINE 7,Ciencias Económicas,Administración de Servicios de Salud,Administración de Empresas y Derecho,Educación Comercial y Administración,NO STEM
2022,Universidad Estatal a Distancia,Auditoría Empresarial,3,Región Central,GAM,Maestría,Posgrado,CINE 7,Ciencias Económicas,Administración,Administración de Empresas y Derecho,Educación Comercial y Administración,NO STEM
2022,Universidad Estatal a Distancia,Auditoría Gubernamental,8,Región Central,GAM,Maestría,Posgrado,CINE 7,Ciencias Económicas,Administración Pública,Administración de Empresas y Derecho,Educación Comercial y Administración,NO STEM
2022,Universidad Estatal a Distancia,Bibliotecología Bibliotecas Educativas y Centros de Recursos para Aprendizaje,595,Región Central,No GAM,Sin información,Sin información,Sin información,Ciencias Sociales,Bibliotecología,"Ciencias Sociales, Periodismo e Información",Periodismo e Información,NO STEM
2022,Universidad Estatal a Distancia,Bibliotecología y Nuevas Tecnologías de Información y Comunicación,285,Región Central,No GAM,Sin información,Sin información,Sin información,Ciencias Sociales,Bibliotecología,"Ciencias Sociales, Periodismo e Información",Periodismo e Información,NO STEM
2022,Universidad Estatal a Distancia,Ciencias Criminológicas,1326,Región Central,No GAM,Bachillerato,Grado,CINE 6,Ciencias Sociales,Criminología,"Ciencias Sociales, Periodismo e Información",Ciencias Sociales y del Comportamiento,NO STEM
2022,Universidad Estatal a Distancia,Ciencias Naturales para el Desarrollo,2,Región Central,GAM,Sin información,Sin información,Sin información,Ciencias Básicas,Ciencias,"Ciencias Naturales, Matemáticas y Estadística",Medio Ambiente,STEM
2022,Universidad Estatal a Distancia,Ciencias Policiales,199,Región Central,No GAM,Bachillerato,Grado,CINE 6,Ciencias Sociales,Criminología,"Ciencias Sociales, Periodismo e Información",Ciencias Sociales y del Comportamiento,NO STEM
2022,Universidad Estatal a Distancia,Ciencias de la Administración,7,Región Central,GAM,Doctorado,Posgrado,CINE 8,Ciencias Económicas,Administración,Administración de Empresas y Derecho,Educación Comercial y Administración,NO STEM
2022,Universidad Estatal a Distancia,Ciencias de la Educación I y II Ciclo énfasis Enseñanza del Inglés,7,Región Central,GAM,Sin información,Sin información,Sin información,Educación,Educación Primaria Inglés,Educación,Educación,NO STEM
2022,Universidad Estatal a Distancia,Ciencias de la Educación énfasis Docencia,5,Región Central,GAM,Sin información,Sin información,Sin información,Educación,Docencia,Educación,Educación,NO STEM
2022,Universidad Estatal a Distancia,Ciencias de la Educación énfasis Educación Especial,1,Región Central,GAM,Sin información,Sin información,Sin información,Educación,Educación Especial,Educación,Educación,NO STEM
2022,Universidad Estatal a Distancia,Ciencias de la Educación énfasis I y II Ciclo,5,Región Central,GAM,Sin información,Sin información,Sin información,Educación,Educación Primaria,Educación,Educación,NO STEM
2022,Universidad Estatal a Distancia,Ciencias de la Educación énfasis Preescolar,6,Región Central,GAM,Sin información,Sin información,Sin información,Educación,Educación Preescolar,Educación,Educación,NO STEM
2022,Universidad Estatal a Distancia,Criminalística,10,Región Central,GAM,Sin información,Sin información,Sin información,Ciencias Sociales,Criminología,"Ciencias Sociales, Periodismo e Información",Ciencias Sociales y del Comportamiento,NO STEM
2022,Universidad Estatal a Distancia,Criminología,24,Región Central,GAM,Sin información,Sin información,Sin información,Ciencias Sociales,Criminología,"Ciencias Sociales, Periodismo e Información",Ciencias Sociales y del Comportamiento,NO STEM
2022,Universidad Estatal a Distancia,Derecho,1,Región Central,GAM,Doctorado,Posgrado,CINE 8,Derecho,Derecho,Administración de Empresas y Derecho,Derecho,NO STEM
2022,Universidad Estatal a Distancia,Derecho Constitucional,11,Región Central,GAM,Maestría,Posgrado,CINE 7,Derecho,Derecho Constitucional,Administración de Empresas y Derecho,Derecho,NO STEM
2022,Universidad Estatal a Distancia,Derechos Humanos,21,Región Central,GAM,Maestría,Posgrado,CINE 7,Derecho,Derechos Humanos,Administración de Empresas y Derecho,Derecho,NO STEM
2022,Universidad Estatal a Distancia,Docencia,219,Región Central,GAM,Sin información,Sin información,Sin información,Educación,Docencia,Educación,Educación,NO STEM
2022,Universidad Estatal a Distancia,Educación,13,Región Central,GAM,Doctorado,Posgrado,CINE 8,Educación,Educación Generalista,Educación,Educación,NO STEM
2022,Universidad Estatal a Distancia,Educación Especial,131,Región Central,No GAM,Sin información,Sin información,Sin información,Educación,Educación Especial,Educación,Educación,NO STEM
2022,Universidad Estatal a Distancia,Educación General Básica I y II Ciclos,3988,Región Central,No GAM,Sin información,Sin información,Sin información,Educación,Educación Primaria,Educación,Educación,NO STEM
2022,Universidad Estatal a Distancia,Educación Preescolar,2845,Región Central,No GAM,Sin información,Sin información,Sin información,Educación,Educación Preescolar,Educación,Educación,NO STEM
2022,Universidad Estatal a Distancia,Educación Preescolar Estimulación y Corrección del Lenguaje,23,Región Central,No GAM,Sin información,Sin información,Sin información,Educación,Educación Preescolar,Educación,Educación,NO STEM
2022,Universidad Estatal a Distancia,Educación a Distancia,13,Región Central,GAM,Maestría,Posgrado,CINE 7,Educación,Educación Generalista,Educación,Educación,NO STEM
2022,Universidad Estatal a Distancia,Ejecución y Docencia Musical énfasis Instrumento,42,Región Central,GAM,Sin información,Sin información,Sin información,Educación,Enseñanza de Música,Educación,Educación,NO STEM
2022,Universidad Estatal a Distancia,Enseñanza de la Matemática,446,Región Central,No GAM,Sin información,Sin información,Sin información,Educación,Enseñanza de Matemática,Educación,Educación,NO STEM
2022,Universidad Estatal a Distancia,Enseñanza de las Ciencias Naturales,817,Región Central,No GAM,Sin información,Sin información,Sin información,Educación,Enseñanza de Ciencias,Educación,Educación,NO STEM
2022,Universidad Estatal a Distancia,Enseñanza de los Estudios Sociales y la Educación Cívica,26,Región Central,GAM,Sin información,Sin información,Sin información,Educación,Enseñanza de Estudios Sociales,Educación,Educación,NO STEM
2022,Universidad Estatal a Distancia,Enseñanza del Francés,48,Región Central,GAM,Sin información,Sin información,Sin información,Educación,Enseñanza de Francés,Educación,Educación,NO STEM
2022,Universidad Estatal a Distancia,Enseñanza del Inglés I y II Ciclos,258,Región Central,GAM,Sin información,Sin información,Sin información,Educación,Educación Primaria Inglés,Educación,Educación,NO STEM
2022,Universidad Estatal a Distancia,Estudio de la Violencia Social y Familiar,2,Región Central,GAM,Maestría,Posgrado,CINE 7,Ciencias Sociales,Estudios de Género,"Ciencias Sociales, Periodismo e Información",Ciencias Sociales y del Comportamiento,NO STEM
2022,Universidad Estatal a Distancia,Estudio de las adicciones,4,Región Central,GAM,Maestría,Posgrado,CINE 7,Ciencias Sociales,Estudios de Discapacidad,Salud y Bienestar,Bienestar,NO STEM
2022,Universidad Estatal a Distancia,Estudios Generales,3260,Región Central,No GAM,Sin información,Sin información,Sin información,Artes y Letras,Formación General,Artes y Humanidades,Humanidades,NO STEM
2022,Universidad Estatal a Distancia,Estudios Universitarios,19,Región Central,GAM,Sin información,Sin información,CINE 6,Artes y Letras,Formación General,Artes y Humanidades,Humanidades,NO STEM
2022,Universidad Estatal a Distancia,Gerencia y Negociaciones Internacionales,1,Región Central,GAM,Maestría,Posgrado,CINE 7,Ciencias Económicas,Comercio Internacional,Administración de Empresas y Derecho,Educación Comercial y Administración,NO STEM
2022,Universidad Estatal a Distancia,Gestión Secretarial de la Oficina,353,Región Central,No GAM,Sin información,Sin información,Sin información,Ciencias Sociales,Secretariado Profesional,Administración de Empresas y Derecho,Educación Comercial y Administración,NO STEM
2022,Universidad Estatal a Distancia,Gestión Turística Sostenible,587,Región Central,No GAM,Sin información,Sin información,Sin información,Ciencias Sociales,Turismo,Servicios,Servicios Personales,NO STEM
2022,Universidad Estatal a Distancia,Humanidades,1441,Región Central,No GAM,Sin información,Sin información,Sin información,Artes y Letras,Formación General,Artes y Humanidades,Humanidades,NO STEM
2022,Universidad Estatal a Distancia,Informática,3380,Región Central,GAM,Diplomado,Pregrado,CINE 5,Computación,Ingeniería del Software,Tecnologías de la Información y Comunicación,Tecnologías de la Información y la Comunicación (TIC),STEM
2022,Universidad Estatal a Distancia,Informática Administrativa,4,Región Central,GAM,Sin información,Sin información,Sin información,Computación,Sistemas de Información,Tecnologías de la Información y Comunicación,Tecnologías de la Información y la Comunicación (TIC),STEM
2022,Universidad Estatal a Distancia,Informática Educativa,259,Región Central,No GAM,Sin información,Sin información,Sin información,Educación,Enseñanza de Computación,Educación,Educación,NO STEM
2022,Universidad Estatal a Distancia,Ingeniería Agroindustrial,283,Región Central,No GAM,Sin información,Sin información,Sin información,Ingeniería,Ingeniería Agroindustrial,"Ingeniería, Industria y Construcción",Industria y Producción,STEM
2022,Universidad Estatal a Distancia,Ingeniería Agronómica,780,Región Central,No GAM,Sin información,Sin información,Sin información,Recursos Naturales,Agronomía General,"Agricultura, Silvicultura, Pesca y Veterinaria",Agricultura,STEM
2022,Universidad Estatal a Distancia,Ingeniería Industrial,114,Región Central,GAM,Sin información,Sin información,Sin información,Ingeniería,Ingeniería Industrial,"Ingeniería, Industria y Construcción",Industria y Producción,STEM
2022,Universidad Estatal a Distancia,Ingeniería Informática,172,Región Central,GAM,Bachillerato,Grado,CINE 6,Computación,Ingeniería del Software,Tecnologías de la Información y Comunicación,Tecnologías de la Información y la Comunicación (TIC),STEM
2022,Universidad Estatal a Distancia,Ingeniería Informática y Administración de Proyectos,75,Región Central,GAM,Sin información,Sin información,Sin información,Computación,Sistemas de Información,Tecnologías de la Información y Comunicación,Tecnologías de la Información y la Comunicación (TIC),STEM
2022,Universidad Estatal a Distancia,Ingeniería Informática y Calidad de Software,43,Región Central,GAM,Sin información,Sin información,Sin información,Computación,Sistemas de Información,Tecnologías de la Información y Comunicación,Tecnologías de la Información y la Comunicación (TIC),STEM
2022,Universidad Estatal a Distancia,Ingeniería Informática y Desarrollo de Aplicaciones Web,57,Región Central,GAM,Sin información,Sin información,Sin información,Computación,Ingeniería del Software,Tecnologías de la Información y Comunicación,Tecnologías de la Información y la Comunicación (TIC),STEM
2022,Universidad Estatal a Distancia,Ingeniería Telecomunicaciones,71,Región Central,GAM,Sin información,Sin información,Sin información,Ingeniería,Ingeniería Electrónica,"Ingeniería, Industria y Construcción",Ingeniería y Profesiones Afines,STEM
2022,Universidad Estatal a Distancia,Investigación Criminal,8,Región Central,No GAM,Sin información,Sin información,Sin información,Ciencias Sociales,Criminología,"Ciencias Sociales, Periodismo e Información",Ciencias Sociales y del Comportamiento,NO STEM
2022,Universidad Estatal a Distancia,Manejo de Recursos Naturales,585,Región Central,No GAM,Sin información,Sin información,Sin información,Recursos Naturales,Ecología,"Ciencias naturales, matemáticas y estadística",Medio Ambiente,STEM
2022,Universidad Estatal a Distancia,Manejo y Protección de Recursos Naturales,18,Región Central,No GAM,Sin información,Sin información,Sin información,Recursos Naturales,Ecología,"Ciencias Naturales, Matemáticas y Estadística",Medio Ambiente,STEM
2022,Universidad Estatal a Distancia,Propiedad Intelectual,15,Región Central,GAM,Maestría,Posgrado,CINE 7,Derecho,Propiedad Intelectual,Administración de empresas y derecho,Derecho,NO STEM
2022,Universidad Estatal a Distancia,Psicopedagogía,29,Región Central,GAM,Maestría,Posgrado,CINE 7,Educación,Psicopedagogía,Educación,Educación,NO STEM
2022,Universidad Estatal a Distancia,Registros y Estadísticas en Salud,1167,Región Central,No GAM,Sin información,Sin información,Sin información,Ciencias de la Salud,Registros en Salud,Salud y Bienestar,Bienestar,STEM
2022,Universidad Estatal a Distancia,Secretariado Administrativo,9,Región Central,GAM,Sin información,Sin información,Sin información,Ciencias Sociales,Secretariado Profesional,Administración de Empresas y Derecho,Educación Comercial y Administración,NO STEM
2022,Universidad Estatal a Distancia,Tecnología Educativa,18,Región Central,GAM,Maestría,Posgrado,CINE 7,Educación,Tecnología Educativa,Educación,Educación,NO STEM
2022,Universidad Estatal a Distancia,Teología,2,Región Central,GAM,Sin información,Sin información,Sin información,Artes y Letras,Teología,Artes y Humanidades,Humanidades,NO STEM
2022,Universidad Estatal a Distancia,Valuación,4,Región Central,GAM,Maestría,Posgrado,CINE 7,Ciencias Económicas,Valuación,Administración de Empresas y Derecho,Educación Comercial y Administración,NO STEM
2022,Universidad Nacional,Abastecimiento y Logística Global,15,Región Central,GAM,Maestría,Posgrado,CINE 7,Ingeniería,Ingeniería Industrial,"Ingeniería, Industria y Construcción",Industria y Producción,STEM
2022,Universidad Nacional,Administración,3320,Región Central,GAM,Bachillerato,Grado,CINE 6,Ciencias Económicas,Administración,Administración de Empresas y Derecho,Educación Comercial y Administración,NO STEM
2022,Universidad Nacional,Administración Educativa,39,Región Central,GAM,Licenciatura,Grado,CINE 6,Educación,Administración Educativa,Educación,Educación,NO STEM
2022,Universidad Nacional,Administración de Justicia con énfasis Jurídico,6,Región Central,GAM,Maestría,Posgrado,CINE 7,Derecho,Derecho Judicial,Administración de Empresas y Derecho,Derecho,NO STEM
2022,Universidad Nacional,Administración de Oficinas,502,Región Central,GAM,Bachillerato,Grado,CINE 6,Ciencias Sociales,Secretariado Profesional,Administración de Empresas y Derecho,Educación Comercial y Administración,NO STEM
2022,Universidad Nacional,Administración de Recursos Humanos,33,Región Central,GAM,Maestría,Posgrado,CINE 7,Ciencias Económicas,Administración de Recursos Humanos,Administración de Empresas y Derecho,Educación Comercial y Administración,NO STEM
2022,Universidad Nacional,Agricultura Ecológica,6,Región Central,GAM,Maestría,Posgrado,CINE 7,Recursos Naturales,Agronomía General,"Agricultura, Silvicultura, Pesca y Veterinaria",Agricultura,STEM
2022,Universidad Nacional,Arte y Comunicación Visual,281,Región Central,GAM,Bachillerato,Grado,CINE 6,Artes y Letras,Artes Plásticas,Artes y Humanidades,Artes,NO STEM
2022,Universidad Nacional,Artes Escénicas,107,Región Central,GAM,Bachillerato,Grado,CINE 6,Artes y Letras,Artes Dramáticas,Artes y Humanidades,Artes,NO STEM
2022,Universidad Nacional,Bibliotecología y Documentación,22,Región Central,GAM,Licenciatura,Grado,CINE 6,Ciencias Sociales,Bibliotecología,"Ciencias Sociales, Periodismo e Información",Periodismo e Información,NO STEM
2022,Universidad Nacional,Bibliotecología y Documentación énfasis Gestión de la Información,273,Región Central,GAM,Bachillerato,Grado,CINE 6,Ciencias Sociales,Bibliotecología,"Ciencias Sociales, Periodismo e Información",Periodismo e Información,NO STEM
2022,Universidad Nacional,Biología,419,Región Central,GAM,Bachillerato,Grado,CINE 6,Ciencias Básicas,Biología,"Ciencias Naturales, Matemáticas y Estadística",Ciencias Biológicas y Afines,STEM
2022,Universidad Nacional,Bioprocesos Industriales,128,Región Central,GAM,Bachillerato,Grado,CINE 6,Ingeniería,Ingeniería Química,"Ingeniería, Industria y Construcción",Ingeniería y Profesiones Afines,STEM
2022,Universidad Nacional,Biotecnología,10,Región Central,GAM,Licenciatura,Grado,CINE 6,Recursos Naturales,Biotecnología,"Ingeniería, Industria y Construcción",Ingeniería y Profesiones Afines,STEM
2022,Universidad Nacional,Bioética,10,Región Central,GAM,Maestría,Posgrado,CINE 7,Artes y Letras,Filosofía,Artes y Humanidades,Humanidades,NO STEM
2022,Universidad Nacional,Cartografía y Diseño Digital,96,Región Central,GAM,Diplomado,Pregrado,CINE 5,Recursos Naturales,Geografía,"Ciencias Naturales, Matemáticas y Estadística",Ciencias Físicas,STEM
2022,Universidad Nacional,Ciencias Geográficas,170,Región Central,GAM,Bachillerato,Grado,CINE 6,Recursos Naturales,Geografía,"Ciencias Naturales, Matemáticas y Estadística",Ciencias Físicas,STEM
2022,Universidad Nacional,Ciencias Naturales para el Desarrollo,8,Región Central,GAM,Doctorado,Posgrado,CINE 8,Ciencias Básicas,Ciencias,"Ciencias Naturales, Matemáticas y Estadística",Medio Ambiente,STEM
2022,Universidad Nacional,Ciencias Sociales,16,Región Central,GAM,Doctorado,Posgrado,CINE 8,Ciencias Sociales,Ciencias Sociales,"Ciencias Sociales, Periodismo e Información",Ciencias Sociales y del Comportamiento,NO STEM
2022,Universidad Nacional,Ciencias del Deporte,72,Región Central,GAM,Licenciatura,Grado,CINE 6,Educación,Educación Física,Educación,Educación,NO STEM
2022,Universidad Nacional,Ciencias del Movimiento Humano,123,Región Central,GAM,Bachillerato,Grado,CINE 6,Educación,Educación Física,Educación,Educación,NO STEM
2022,Universidad Nacional,Comercio y Negocios Internacionales,899,Región Central,GAM,Bachillerato,Grado,CINE 6,Ciencias Económicas,Comercio Internacional,Administración de Empresas y Derecho,Educación Comercial y Administración,NO STEM
2022,Universidad Nacional,Conservación,9,Región Central,GAM,Maestría,Posgrado,CINE 7,Recursos Naturales,Ecología,"Ciencias Naturales, Matemáticas y Estadística",Medio Ambiente,STEM
2022,Universidad Nacional,Conservación de Vida Silvestre y Biodiversidad,9,Región Central,GAM,Maestría,Posgrado,CINE 7,Recursos Naturales,Ecología,"Ciencias Naturales, Matemáticas y Estadística",Medio Ambiente,STEM
2022,Universidad Nacional,Conservación y Manejo de Vida Silvestre,9,Región Central,GAM,Maestría,Posgrado,CINE 7,Recursos Naturales,Ecología,"Ciencias Naturales, Matemáticas y Estadística",Medio Ambiente,STEM
2022,Universidad Nacional,Conservación y Manejo de Áreas Protegidas para Guardaparques,19,Región Central,GAM,Diplomado,Pregrado,CINE 5,Recursos Naturales,Ecología,"Ciencias Naturales, Matemáticas y Estadística",Medio Ambiente,STEM
2022,Universidad Nacional,Danza,98,Región Central,GAM,Bachillerato,Grado,CINE 6,Artes y Letras,Danza,Artes y Humanidades,Artes,NO STEM
2022,Universidad Nacional,Derechos Humanos y Educación para la Paz,23,Región Central,GAM,Maestría,Posgrado,CINE 7,Derecho,Derechos Humanos,Administración de Empresas y Derecho,Derecho,NO STEM
2022,Universidad Nacional,Desarrollo Comunitario Sustentable,12,Región Central,GAM,Maestría,Posgrado,CINE 7,Ciencias Sociales,Sociología,"Ciencias Sociales, Periodismo e Información",Ciencias Sociales y del Comportamiento,NO STEM
2022,Universidad Nacional,Desarrollo Rural,18,Región Central,GAM,Maestría,Posgrado,CINE 7,Ciencias Sociales,Sociología,"Ciencias Sociales, Periodismo e Información",Ciencias Sociales y del Comportamiento,NO STEM
2022,Universidad Nacional,Economía,639,Región Central,GAM,Bachillerato,Grado,CINE 6,Ciencias Económicas,Economía,"Ciencias Sociales, Periodismo e Información",Ciencias Sociales y del Comportamiento,NO STEM
2022,Universidad Nacional,Economía del Desarrollo,12,Región Central,GAM,Maestría,Posgrado,CINE 7,Ciencias Económicas,Economía,"Ciencias Sociales, Periodismo e Información",Ciencias Sociales y del Comportamiento,NO STEM
2022,Universidad Nacional,Ecotoxicología Tropical,9,Región Central,GAM,Maestría,Posgrado,CINE 7,Recursos Naturales,Ecología,"Ciencias Naturales, Matemáticas y Estadística",Medio Ambiente,STEM
2022,Universidad Nacional,Educación,54,Región Central,GAM,Maestría,Posgrado,CINE 7,Educación,Educación Generalista,Educación,Educación,NO STEM
2022,Universidad Nacional,Educación Comercial,169,Región Central,GAM,Bachillerato,Grado,CINE 6,Educación,Enseñanza del Secretariado,Educación,Educación,NO STEM
2022,Universidad Nacional,Educación Especial,175,Región Central,GAM,Bachillerato,Grado,CINE 6,Educación,Educación Especial,Educación,Educación,NO STEM
2022,Universidad Nacional,Educación Física Deporte y Recreación,98,Región Central,GAM,Bachillerato,Grado,CINE 6,Educación,Educación Física,Educación,Educación,NO STEM
2022,Universidad Nacional,Educación Rural Centroamericana,13,Región Central,GAM,Maestría,Posgrado,CINE 7,Educación,Educación Rural,Educación,Educación,NO STEM
2022,Universidad Nacional,Educación Rural I y II Ciclos,340,Región Central,GAM,Bachillerato,Grado,CINE 6,Educación,Educación Rural,Educación,Educación,NO STEM
2022,Universidad Nacional,Enfermedades Tropicales,11,Región Central,GAM,Maestría,Posgrado,CINE 7,Ciencias de la Salud,Salud Pública,Salud y bienestar,Salud,STEM
2022,Universidad Nacional,Enseñanza de la Filosofía,31,Región Central,GAM,Bachillerato,Grado,CINE 6,Educación,Enseñanza de Filosofía,Educación,Educación,NO STEM
2022,Universidad Nacional,Enseñanza de la Matemática,269,Región Central,GAM,Bachillerato,Grado,CINE 6,Educación,Enseñanza de Matemática,Educación,Educación,NO STEM
2022,Universidad Nacional,Enseñanza de la Religión,89,Región Central,GAM,Bachillerato,Grado,CINE 6,Educación,Educación Religiosa,Educación,Educación,NO STEM
2022,Universidad Nacional,Enseñanza de las Ciencias,199,Región Central,GAM,Bachillerato,Grado,CINE 6,Educación,Enseñanza de Ciencias,Educación,Educación,NO STEM
2022,Universidad Nacional,Enseñanza de los Estudios Sociales,44,Región Central,GAM,Licenciatura,Grado,CINE 6,Educación,Enseñanza de Estudios Sociales,Educación,Educación,NO STEM
2022,Universidad Nacional,Enseñanza de los Estudios Sociales y la Educación Cívica,147,Región Central,GAM,Bachillerato,Grado,CINE 6,Educación,Enseñanza de Estudios Sociales,Educación,Educación,NO STEM
2022,Universidad Nacional,Enseñanza del Arte y Comunicación Visual,123,Región Central,GAM,Bachillerato,Grado,CINE 6,Educación,Enseñanza de Artes Plásticas,Educación,Educación,NO STEM
2022,Universidad Nacional,Enseñanza del Español,103,Región Central,GAM,Bachillerato,Grado,CINE 6,Educación,Enseñanza de Castellano,Educación,Educación,NO STEM
2022,Universidad Nacional,Enseñanza del Francés,64,Región Central,GAM,Bachillerato,Grado,CINE 6,Educación,Enseñanza de Francés,Educación,Educación,NO STEM
2022,Universidad Nacional,Enseñanza del Inglés,686,Región Brunca,No GAM,Bachillerato,Grado,CINE 6,Educación,Enseñanza de Inglés,Educación,Educación,NO STEM
2022,Universidad Nacional,Enseñanza del Inglés I y II Ciclos,102,Región Central,GAM,Bachillerato,Grado,CINE 6,Educación,Educación Primaria Inglés,Educación,Educación,NO STEM
2022,Universidad Nacional,Epidemiología,57,Región Central,GAM,Maestría,Posgrado,CINE 7,Ciencias de la Salud,Salud Pública,Salud y Bienestar,Salud,STEM
2022,Universidad Nacional,Estudios Latinoamericanos,24,Región Central,GAM,Maestría,Posgrado,CINE 7,Ciencias Sociales,Estudios Latinoamericanos,"Ciencias Sociales, Periodismo e Información",Ciencias Sociales y del Comportamiento,NO STEM
2022,Universidad Nacional,"Estudios Socioreligiosos, Género y Diversidades",12,Región Central,GAM,Maestría,Posgrado,CINE 7,Ciencias Sociales,Sociología,"Ciencias Sociales, Periodismo e Información",Ciencias Sociales y del Comportamiento,NO STEM
2022,Universidad Nacional,Estudios Teológicos,8,Región Central,GAM,Maestría,Posgrado,CINE 7,Artes y Letras,Teología,Artes y Humanidades,Humanidades,NO STEM
2022,Universidad Nacional,Estudios de Cultura Centroamericana,7,Región Central,GAM,Maestría,Posgrado,CINE 7,Ciencias Sociales,Estudios Latinoamericanos,"Ciencias Sociales, Periodismo e Información",Ciencias Sociales y del Comportamiento,NO STEM
2022,Universidad Nacional,Filosofía,97,Región Central,GAM,Bachillerato,Grado,CINE 6,Artes y Letras,Filosofía,Artes y Humanidades,Humanidades,NO STEM
2022,Universidad Nacional,Física Médica,5,Región Central,GAM,Maestría,Posgrado,CINE 7,Ciencias de la Salud,Medicina,Salud y Bienestar,Salud,STEM
2022,Universidad Nacional,Gerencia de Seguridad Alimentaria y Nutricional,17,Región Central,GAM,Maestría,Posgrado,CINE 7,Ciencias de la Salud,Nutrición,Salud y Bienestar,Salud,STEM
2022,Universidad Nacional,Gerencia del Comercio Internacional,19,Región Central,GAM,Maestría,Posgrado,CINE 7,Ciencias Económicas,Comercio Internacional,Administración de empresas y derecho,Educación Comercial y Administración,NO STEM
2022,Universidad Nacional,Gestión Educativa,13,Región Central,GAM,Maestría,Posgrado,CINE 7,Educación,Administración Educativa,Educación,Educación,NO STEM
2022,Universidad Nacional,Gestión Empresarial del Turismo Sostenible,420,Región Chorotega,No GAM,Bachillerato,Grado,CINE 6,Ciencias Sociales,Turismo,Servicios,Servicios Personales,NO STEM
2022,Universidad Nacional,Gestión Integral de Fincas,1,Región Huetar Norte,No GAM,Diplomado,Pregrado,CINE 5,Recursos Naturales,Agronomía General,"Agricultura, Silvicultura, Pesca y Veterinaria",Agricultura,STEM
2022,Universidad Nacional,Gestión de Negocios Turísticos Bilingües,25,Región Chorotega,No GAM,Licenciatura,Grado,CINE 6,Ciencias Sociales,Turismo,Servicios,Servicios Personales,NO STEM
2022,Universidad Nacional,Gestión de la Innovación Tecnológica,11,Región Central,GAM,Maestría,Posgrado,CINE 7,Computación,Tecnologías de Información,Tecnologías de la Información y Comunicación,Tecnologías de la Información y la Comunicación (TIC),STEM
2022,Universidad Nacional,Gestión y Estudios Ambientales,11,Región Central,GAM,Maestría,Posgrado,CINE 7,Recursos Naturales,Ecología,"Ciencias Naturales, Matemáticas y Estadística",Medio Ambiente,STEM
2022,Universidad Nacional,Gestión y Finanzas Públicas,15,Región Central,GAM,Maestría,Posgrado,CINE 7,Ciencias Económicas,Administración Pública,Administración de Empresas y Derecho,Educación Comercial y Administración,NO STEM
2022,Universidad Nacional,Gestión y Recreación Turística,49,Región Huetar Norte,No GAM,Bachillerato,Grado,CINE 6,Ciencias Sociales,Turismo,Servicios,Servicios Personales,NO STEM
2022,Universidad Nacional,Género y Desarrollo,73,Región Central,GAM,Bachillerato,Grado,CINE 6,Ciencias Sociales,Estudios de Género,"Ciencias Sociales, Periodismo e Información",Ciencias Sociales y del Comportamiento,NO STEM
2022,Universidad Nacional,Historia,121,Región Central,GAM,Bachillerato,Grado,CINE 6,Ciencias Sociales,Historia,Artes y Humanidades,Humanidades,NO STEM
2022,Universidad Nacional,Informática,450,Región Central,GAM,Licenciatura,Grado,CINE 6,Computación,Ingeniería del Software,Tecnologías de la Información y Comunicación,Tecnologías de la Información y la Comunicación (TIC),STEM
2022,Universidad Nacional,Ingeniería Agronómica,91,Región Central,GAM,Licenciatura,Grado,CINE 6,Recursos Naturales,Agronomía General,"Agricultura, Silvicultura, Pesca y Veterinaria",Agricultura,STEM
2022,Universidad Nacional,Ingeniería Ciencias Forestales,129,Región Central,GAM,Bachillerato,Grado,CINE 6,Recursos Naturales,Forestales,"Ciencias Naturales, Matemáticas y Estadística",Medio Ambiente,STEM
2022,Universidad Nacional,Ingeniería Gestión Ambiental,189,Región Central,GAM,Bachillerato,Grado,CINE 6,Recursos Naturales,Ecología,"Ciencias Naturales, Matemáticas y Estadística",Medio Ambiente,STEM
2022,Universidad Nacional,Ingeniería Hidrológica,174,Región Chorotega,No GAM,Bachillerato,Grado,CINE 6,Recursos Naturales,Manejo de Recursos Hídricos,"Ciencias Naturales, Matemáticas y Estadística",Medio Ambiente,STEM
2022,Universidad Nacional,Ingeniería de Ciencias Forestales,76,Región Central,GAM,Licenciatura,Grado,CINE 6,Recursos Naturales,Ecología,"Ciencias naturales, matemáticas y estadística",Medio Ambiente,STEM
2022,Universidad Nacional,Ingeniería en Agronomía,188,Región Central,GAM,Bachillerato,Grado,CINE 6,Recursos Naturales,Agronomía General,"Agricultura, Silvicultura, Pesca y Veterinaria",Agricultura,STEM
2022,Universidad Nacional,Ingeniería en Calidad e Innovación Agroalimentaria,69,Región Brunca,No GAM,Bachillerato,Grado,CINE 6,Recursos Naturales,Economía Agrícola,"Agricultura, Silvicultura, Pesca y Veterinaria",Agricultura,STEM
2022,Universidad Nacional,Inglés,388,Región Central,GAM,Bachillerato,Grado,CINE 6,Artes y Letras,Inglés,Artes y Humanidades,Idiomas,NO STEM
2022,Universidad Nacional,Lengua Francesa,81,Región Central,GAM,Bachillerato,Grado,CINE 6,Artes y Letras,Francés,Artes y Humanidades,Idiomas,NO STEM
2022,Universidad Nacional,Lingüística Aplicada énfasis Inglés,16,Región Central,GAM,Maestría,Posgrado,CINE 7,Artes y Letras,Inglés,Artes y Humanidades,Idiomas,NO STEM
2022,Universidad Nacional,Literatura y Lingüística,29,Región Central,GAM,Licenciatura,Grado,CINE 6,Artes y Letras,Literatura y Lingüística (Español),Artes y Humanidades,Idiomas,NO STEM
2022,Universidad Nacional,Literatura y Lingüística Español,41,Región Central,GAM,Bachillerato,Grado,CINE 6,Artes y Letras,Literatura y Lingüística (Español),Artes y Humanidades,Idiomas,NO STEM
2022,Universidad Nacional,Medicina Veterinaria,295,Región Central,GAM,Licenciatura,Grado,CINE 6,Ciencias de la Salud,Veterinaria,"Agricultura, Silvicultura, Pesca y Veterinaria",Veterinaria,STEM
2022,Universidad Nacional,Mercadeo y Ventas,13,Región Central,GAM,Maestría,Posgrado,CINE 7,Ciencias Económicas,Mercadeo,Administración de Empresas y Derecho,Educación Comercial y Administración,NO STEM
2022,Universidad Nacional,Metrología y Calidad,5,Región Central,GAM,Maestría,Posgrado,CINE 7,Ingeniería,Ingeniería Industrial,"Ingeniería, Industria y Construcción",Industria y Producción,STEM
2022,Universidad Nacional,Música Ejecución y Enseñanza de Instrumento,80,Región Central,GAM,Bachillerato,Grado,CINE 6,Educación,Enseñanza de Música,Educación,Educación,NO STEM
2022,Universidad Nacional,Música énfasis Dirección Coral,7,Región Central,GAM,Bachillerato,Grado,CINE 6,Artes y Letras,Artes Musicales,Artes y Humanidades,Artes,NO STEM
2022,Universidad Nacional,Música énfasis Educación Musical,115,Región Central,GAM,Bachillerato,Grado,CINE 6,Educación,Enseñanza de Música,Educación,Educación,NO STEM
2022,Universidad Nacional,Música énfasis Enseñanza e Interpretación de Canto,9,Región Central,GAM,Bachillerato,Grado,CINE 6,Educación,Enseñanza de Música,Educación,Educación,NO STEM
2022,Universidad Nacional,Orientación,334,Región Central,GAM,Bachillerato,Grado,CINE 6,Educación,Orientación,Salud y Bienestar,Bienestar,NO STEM
2022,Universidad Nacional,Pedagogía,12,Región Central,GAM,Maestría,Posgrado,CINE 7,Educación,Educación Generalista,Educación,Educación,NO STEM
2022,Universidad Nacional,Pedagogía énfasis Didáctica,62,Región Central,GAM,Licenciatura,Grado,CINE 6,Educación,Educación Generalista,Educación,Educación,NO STEM
2022,Universidad Nacional,Pedagogía énfasis Educación Preescolar,181,Región Central,GAM,Bachillerato,Grado,CINE 6,Educación,Educación Preescolar,Educación,Educación,NO STEM
2022,Universidad Nacional,Pedagogía énfasis I y II Ciclos de la Educación General Básica,404,Región Chorotega,No GAM,Bachillerato,Grado,CINE 6,Educación,Educación Primaria,Educación,Educación,NO STEM
2022,Universidad Nacional,Pensamiento Estratégico y Prospectiva,7,Región Central,GAM,Maestría,Posgrado,CINE 7,Ciencias Económicas,Planificación,Administración de Empresas y Derecho,Educación Comercial y Administración,NO STEM
2022,Universidad Nacional,Perspectivas de Género en Derechos Humanos,10,Región Central,GAM,Maestría,Posgrado,CINE 7,Ciencias Sociales,Estudios de Género,"Ciencias Sociales, Periodismo e Información",Ciencias Sociales y del Comportamiento,NO STEM
2022,Universidad Nacional,Planificación,7,Región Central,GAM,Maestría,Posgrado,CINE 7,Ciencias Económicas,Planificación,Administración de Empresas y Derecho,Educación Comercial y Administración,NO STEM
2022,Universidad Nacional,Planificación Económica y Social,586,Región Central,GAM,Bachillerato,Grado,CINE 6,Ciencias Económicas,Planificación,Administración de Empresas y Derecho,Educación Comercial y Administración,NO STEM
2022,Universidad Nacional,Política Económica,11,Región Central,GAM,Maestría,Posgrado,CINE 7,Ciencias Económicas,Economía,"Ciencias Sociales, Periodismo e Información",Ciencias Sociales y del Comportamiento,NO STEM
2022,Universidad Nacional,Promoción de la Salud Física,86,Región Central,GAM,Bachillerato,Grado,CINE 6,Educación,Educación Física,Educación,Educación,NO STEM
2022,Universidad Nacional,Psicología,301,Región Central,GAM,Bachillerato,Grado,CINE 6,Ciencias Sociales,Psicología,"Ciencias Sociales, Periodismo e Información",Ciencias Sociales y del Comportamiento,NO STEM
2022,Universidad Nacional,Química Industrial,294,Región Central,GAM,Bachillerato,Grado,CINE 6,Ciencias Básicas,Química,"Ciencias Naturales, Matemáticas y Estadística",Ciencias Físicas,STEM
2022,Universidad Nacional,Relaciones Internacionales,320,Región Central,GAM,Bachillerato,Grado,CINE 6,Ciencias Sociales,Relaciones Internacionales,"Ciencias Sociales, Periodismo e Información",Ciencias Sociales y del Comportamiento,NO STEM
2022,Universidad Nacional,Relaciones Internacionales y Diplomacia,22,Región Central,GAM,Maestría,Posgrado,CINE 7,Ciencias Sociales,Relaciones Internacionales,"Ciencias Sociales, Periodismo e Información",Ciencias Sociales y del Comportamiento,NO STEM
2022,Universidad Nacional,Responsabilidad Social y Sostenibilidad,21,Región Central,GAM,Maestría,Posgrado,CINE 7,Ciencias Sociales,Relaciones Internacionales,"Ciencias Sociales, Periodismo e Información",Ciencias Sociales y del Comportamiento,NO STEM
2022,Universidad Nacional,Salud Integral y Movimiento Humano,19,Región Central,GAM,Maestría,Posgrado,CINE 7,Educación,Educación Física,Educación,Educación,NO STEM
2022,Universidad Nacional,Secretariado Profesional,10,Región Brunca,No GAM,Diplomado,Pregrado,CINE 5,Ciencias Sociales,Secretariado Profesional,Administración de Empresas y Derecho,Educación Comercial y Administración,NO STEM
2022,Universidad Nacional,Segundas Lenguas y Culturas,1,Región Central,GAM,Maestría,Posgrado,CINE 7,Artes y Letras,Inglés,Artes y Humanidades,Idiomas,NO STEM
2022,Universidad Nacional,Sistemas de Información,2163,Región Central,GAM,Bachillerato,Grado,CINE 6,Computación,Ingeniería del Software,Tecnologías de la Información y Comunicación,Tecnologías de la Información y la Comunicación (TIC),STEM
2022,Universidad Nacional,Sistemas de Información Geográfica y Teledetección,2,Región Central,GAM,Maestría,Posgrado,CINE 7,Recursos Naturales,Geografía,"Ciencias Naturales, Matemáticas y Estadística",Ciencias Físicas,STEM
2022,Universidad Nacional,Sociología,393,Región Central,GAM,Bachillerato,Grado,CINE 6,Ciencias Sociales,Sociología,"Ciencias Sociales, Periodismo e Información",Ciencias Sociales y del Comportamiento,NO STEM
2022,Universidad Nacional,Tecnología e Innovación Educativa,47,Región Central,GAM,Maestría,Posgrado,CINE 7,Educación,Tecnología Educativa,Educación,Educación,NO STEM
2022,Universidad Nacional,Tecnologías de Información,27,Región Central,GAM,Maestría,Posgrado,CINE 7,Computación,Tecnologías de Información,Tecnologías de la Información y Comunicación,Tecnologías de la Información y la Comunicación (TIC),STEM
2022,Universidad Nacional,Teología,56,Región Central,GAM,Bachillerato,Grado,CINE 6,Artes y Letras,Teología,Artes y Humanidades,Humanidades,NO STEM
2022,Universidad Nacional,Topografía y Catastro,190,Región Central,GAM,Bachillerato,Grado,CINE 6,Ingeniería,Ingeniería Topográfica,"Ingeniería, Industria y Construcción",Arquitectura y Construcción,STEM
2022,Universidad Nacional,Topografía y Geodesia,61,Región Central,GAM,Licenciatura,Grado,CINE 6,Ingeniería,Ingeniería Topográfica,"Ingeniería, Industria y Construcción",Arquitectura y Construcción,STEM
2022,Universidad Nacional,Traducción Inglés-Español,50,Región Central,GAM,Maestría,Posgrado,CINE 7,Artes y Letras,Inglés,Artes y Humanidades,Idiomas,NO STEM
2022,Universidad Técnica Nacional,Administración Aduanera,669,Región Central,GAM,Diplomado,Pregrado,CINE 5,Ciencias Económicas,Administración Pública,Administración de Empresas y Derecho,Educación Comercial y Administración,NO STEM
2022,Universidad Técnica Nacional,Administración de Compras y Control de Inventarios,236,Región Central,GAM,Diplomado,Pregrado,CINE 5,Ciencias Económicas,Proveeduría,Administración de Empresas y Derecho,Educación Comercial y Administración,NO STEM
2022,Universidad Técnica Nacional,Administración del Comercio Exterior,45,Región Central,GAM,Licenciatura,Grado,CINE 6,Ciencias Económicas,Comercio Internacional,Administración de Empresas y Derecho,Educación Comercial y Administración,NO STEM
2022,Universidad Técnica Nacional,Administración y Gestión de Recursos Humanos,795,Región Central,GAM,Diplomado,Pregrado,CINE 5,Ciencias Económicas,Administración de Recursos Humanos,Administración de Empresas y Derecho,Educación Comercial y Administración,NO STEM
2022,Universidad Técnica Nacional,Asistencia Administrativa,335,Región Central,No GAM,Diplomado,Pregrado,CINE 5,Ciencias Sociales,Secretariado Profesional,Administración de Empresas y Derecho,Educación Comercial y Administración,NO STEM
2022,Universidad Técnica Nacional,Asistencia Veterinaria,81,Región Central,GAM,Diplomado,Pregrado,CINE 5,Ciencias de la Salud,Asistente Veterinaria,"Agricultura, Silvicultura, Pesca y Veterinaria",Veterinaria,STEM
2022,Universidad Técnica Nacional,Comercio Exterior,320,Región Central,GAM,Diplomado,Pregrado,CINE 5,Ciencias Económicas,Comercio Internacional,Administración de Empresas y Derecho,Educación Comercial y Administración,NO STEM
2022,Universidad Técnica Nacional,Contabilidad y Finanzas,1243,Región Central,GAM,Diplomado,Pregrado,CINE 5,Ciencias Económicas,Finanzas,Administración de empresas y derecho,Educación Comercial y Administración,NO STEM
2022,Universidad Técnica Nacional,Contaduría Pública,158,Región Central,GAM,Licenciatura,Grado,CINE 6,Ciencias Económicas,Contaduría,Administración de Empresas y Derecho,Educación Comercial y Administración,NO STEM
2022,Universidad Técnica Nacional,Diseño Gráfico,135,Región Pacífico Central,No GAM,Diplomado,Pregrado,CINE 5,Artes y Letras,Diseño Gráfico,Artes y Humanidades,Artes,NO STEM
2022,Universidad Técnica Nacional,Enseñanza de Especialidad Técnica,179,Región Central,GAM,Profesorado,Pregrado,CINE 5,Educación,Educación Técnica,Educación,Educación,NO STEM
2022,Universidad Técnica Nacional,Entornos Virtuales de Aprendizaje,3,Región Central,GAM,Maestría,Posgrado,CINE 7,Educación,Tecnología Educativa,Educación,Educación,NO STEM
2022,Universidad Técnica Nacional,Gestión Ecoturística,320,Región Chorotega,No GAM,Diplomado,Pregrado,CINE 5,Ciencias Sociales,Turismo,Servicios,Servicios Personales,NO STEM
2022,Universidad Técnica Nacional,Gestión Empresarial,71,Región Chorotega,No GAM,Licenciatura,Grado,CINE 6,Ciencias Económicas,Administración,Administración de Empresas y Derecho,Educación Comercial y Administración,NO STEM
2022,Universidad Técnica Nacional,Gestión de Empresas de Hospedaje y Gastronómicas,328,Región Central,GAM,Diplomado,Pregrado,CINE 5,Ciencias Sociales,Turismo,Servicios,Servicios Personales,NO STEM
2022,Universidad Técnica Nacional,Gestión de Grupos Turísticos,1,Región Central,GAM,Diplomado,Pregrado,CINE 5,Ciencias Sociales,Turismo,Servicios,Servicios Personales,NO STEM
2022,Universidad Técnica Nacional,Gestión y Administración Empresarial,562,Región Chorotega,No GAM,Diplomado,Pregrado,CINE 5,Ciencias Económicas,Administración,Administración de Empresas y Derecho,Educación Comercial y Administración,NO STEM
2022,Universidad Técnica Nacional,Ingeniería Acuicultura,87,Región Pacífico Central,No GAM,Diplomado,Pregrado,CINE 5,Recursos Naturales,Zootecnia,"Agricultura, Silvicultura, Pesca y Veterinaria",Agricultura,STEM
2022,Universidad Técnica Nacional,Ingeniería Agricultura Integrada Bajo Riego,2,Región Chorotega,No GAM,Bachillerato,Grado,CINE 6,Recursos Naturales,Agronomía General,"Agricultura, Silvicultura, Pesca y Veterinaria",Agricultura,STEM
2022,Universidad Técnica Nacional,Ingeniería Agronómica,157,Región Chorotega,No GAM,Diplomado,Pregrado,CINE 5,Recursos Naturales,Agronomía General,"Agricultura, Silvicultura, Pesca y Veterinaria",Agricultura,STEM
2022,Universidad Técnica Nacional,Ingeniería Electromecánica,384,Región Central,GAM,Diplomado,Pregrado,CINE 5,Ingeniería,Ingeniería Mecánica,"Ingeniería, Industria y Construcción",Ingeniería y Profesiones Afines,STEM
2022,Universidad Técnica Nacional,Ingeniería Electrónica,513,Región Central,GAM,Diplomado,Pregrado,CINE 5,Ingeniería,Ingeniería Electrónica,"Ingeniería, Industria y Construcción",Ingeniería y Profesiones Afines,STEM
2022,Universidad Técnica Nacional,Ingeniería Eléctrica,253,Región Pacífico Central,No GAM,Diplomado,Pregrado,CINE 5,Ingeniería,Ingeniería Eléctrica,"Ingeniería, Industria y Construcción",Ingeniería y Profesiones Afines,STEM
2022,Universidad Técnica Nacional,Ingeniería Energética,35,Región Chorotega,No GAM,Diplomado,Pregrado,CINE 5,Ingeniería,Ingeniería Mecánica,"Ingeniería, Industria y Construcción",Ingeniería y Profesiones Afines,STEM
2022,Universidad Técnica Nacional,Ingeniería Gestión Ambiental,582,Región Chorotega,No GAM,Diplomado,Pregrado,CINE 5,Recursos Naturales,Ecología,"Ciencias Naturales, Matemáticas y Estadística",Medio Ambiente,STEM
2022,Universidad Técnica Nacional,Ingeniería Manejo Forestal y Vida Silvestre,1,Región Central,GAM,Diplomado,Pregrado,CINE 5,Recursos Naturales,Forestales,"Ciencias Naturales, Matemáticas y Estadística",Medio Ambiente,STEM
2022,Universidad Técnica Nacional,Ingeniería Manejo del Recurso Hídrico,198,Región Central,GAM,Diplomado,Pregrado,CINE 5,Recursos Naturales,Manejo de Recursos Hídricos,"Ciencias Naturales, Matemáticas y Estadística",Medio Ambiente,STEM
2022,Universidad Técnica Nacional,Ingeniería Procesos y Calidad,334,Región Central,GAM,Diplomado,Pregrado,CINE 5,Ingeniería,Ingeniería Industrial,"Ingeniería, Industria y Construcción",Industria y Producción,STEM
2022,Universidad Técnica Nacional,Ingeniería Producción Animal,1,Región Central,GAM,Bachillerato,Grado,CINE 6,Recursos Naturales,Producción Animal,"Agricultura, Silvicultura, Pesca y Veterinaria",Agricultura,STEM
2022,Universidad Técnica Nacional,Ingeniería Producción Industrial,600,Región Central,GAM,Diplomado,Pregrado,CINE 5,Ingeniería,Ingeniería Industrial,"Ingeniería, Industria y Construcción",Industria y Producción,STEM
2022,Universidad Técnica Nacional,Ingeniería Salud Ocupacional y Ambiente,739,Región Central,GAM,Diplomado,Pregrado,CINE 5,Ingeniería,Seguridad Laboral,Servicios,Servicios de Higiene y Salud Ocupacional,STEM
2022,Universidad Técnica Nacional,Ingeniería Sistemas de Producción Animal,298,Región Central,GAM,Diplomado,Pregrado,CINE 5,Recursos Naturales,Producción Animal,"Agricultura, Silvicultura, Pesca y Veterinaria",Agricultura,STEM
2022,Universidad Técnica Nacional,Ingeniería Tecnología de Alimentos,353,Región Central,GAM,Diplomado,Pregrado,CINE 5,Ingeniería,Ingeniería de Alimentos,"Ingeniería, Industria y Construcción",Industria y Producción,STEM
2022,Universidad Técnica Nacional,Ingeniería Tecnologías de Información,612,Región Chorotega,No GAM,Diplomado,Pregrado,CINE 5,Computación,Tecnologías de Información,Tecnologías de la Información y Comunicación,Tecnologías de la Información y la Comunicación (TIC),STEM
2022,Universidad Técnica Nacional,Ingeniería de Software,1025,Región Central,GAM,Diplomado,Pregrado,CINE 5,Computación,Ingeniería del Software,Tecnologías de la Información y Comunicación,Tecnologías de la Información y la Comunicación (TIC),STEM
2022,Universidad Técnica Nacional,Ingeniería en Ciencias Forestales y Vida Silvestre,197,Región Central,GAM,Diplomado,Pregrado,CINE 5,Recursos Naturales,Forestales,"Ciencias Naturales, Matemáticas y Estadística",Medio Ambiente,STEM
2022,Universidad Técnica Nacional,Inglés como Lengua Extranjera,882,Región Central,No GAM,Diplomado,Pregrado,CINE 5,Educación,Enseñanza de Inglés,Educación,Educación,NO STEM
2022,Universidad Técnica Nacional,Logística Internacional,34,Región Central,GAM,Licenciatura,Grado,CINE 6,Ciencias Económicas,Administración Pública,Administración de Empresas y Derecho,Educación Comercial y Administración,NO STEM
2022,Universidad Técnica Nacional,Manejo Forestal y Vida Silvestre,1,Región Central,GAM,Diplomado,Pregrado,CINE 5,Recursos Naturales,Forestales,"Ciencias Naturales, Matemáticas y Estadística",Medio Ambiente,STEM
2022,Universidad Técnica Nacional,Mediación Pedagógica,49,Región Central,GAM,Licenciatura,Grado,CINE 6,Educación,Educación Generalista,Educación,Educación,NO STEM
2022,Universidad Técnica Nacional,Medicina Veterinaria,208,Región Central,GAM,Diplomado,Pregrado,CINE 5,Ciencias de la Salud,Veterinaria,"Agricultura, Silvicultura, Pesca y Veterinaria",Veterinaria,STEM
2022,Universidad Técnica Nacional,Tecnología de la Imagen,135,Región Central,GAM,Diplomado,Pregrado,CINE 5,Artes y Letras,Fotografía,Artes y Humanidades,Artes,NO STEM
2022,Universidad de Costa Rica,Administración Aduanera y Comercio Exterior,829,Región Central,GAM,Licenciatura,Grado,CINE 6,Ciencias Económicas,Administración Pública,Administración de Empresas y Derecho,Educación Comercial y Administración,NO STEM
2022,Universidad de Costa Rica,Administración Aduanera y Comercio Exterior énfasis Comercio Internacional,66,Región Central,GAM,Licenciatura,Grado,CINE 6,Ciencias Económicas,Administración Pública,Administración de Empresas y Derecho,Educación Comercial y Administración,NO STEM
2022,Universidad de Costa Rica,Administración Aduanera y Comercio Exterior énfasis Logística y Cadena de Abastecimiento,145,Región Central,GAM,Licenciatura,Grado,CINE 6,Ciencias Económicas,Administración Pública,Administración de Empresas y Derecho,Educación Comercial y Administración,NO STEM
2022,Universidad de Costa Rica,Administración Educativa,37,Región Central,GAM,Maestría,Posgrado,CINE 7,Educación,Administración Educativa,Educación,Educación,NO STEM
2022,Universidad de Costa Rica,Administración Portuaria con énfasis en Gerencia y Operaciones Portuarias,1,Región Huetar Caribe,No GAM,Licenciatura,Grado,CINE 6,Ciencias Económicas,Administración Pública,Administración de Empresas y Derecho,Educación Comercial y Administración,NO STEM
2022,Universidad de Costa Rica,Administración Portuaria con énfasis en Transporte Marítimo y Comercio Internacional,3,Región Huetar Caribe,No GAM,Licenciatura,Grado,CINE 6,Ciencias Económicas,Administración Pública,Administración de Empresas y Derecho,Educación Comercial y Administración,NO STEM
2022,Universidad de Costa Rica,Administración Pública,541,Región Central,GAM,Licenciatura,Grado,CINE 6,Ciencias Económicas,Administración Pública,Administración de Empresas y Derecho,Educación Comercial y Administración,NO STEM
2022,Universidad de Costa Rica,Administración Pública con énfasis en Gestión de Banca y Finanzas Públicas,39,Región Central,GAM,Licenciatura,Grado,CINE 6,Ciencias Económicas,Administración Pública,Administración de Empresas y Derecho,Educación Comercial y Administración,NO STEM
2022,Universidad de Costa Rica,Administración Pública énfasis Administración Aduanera y Comercio Internacional,12,Región Central,GAM,Maestría,Posgrado,CINE 7,Ciencias Económicas,Administración Pública,Administración de Empresas y Derecho,Educación Comercial y Administración,NO STEM
2022,Universidad de Costa Rica,Administración Pública énfasis Gestión Pública,18,Región Central,GAM,Maestría,Posgrado,CINE 7,Ciencias Económicas,Administración Pública,Administración de Empresas y Derecho,Educación Comercial y Administración,NO STEM
2022,Universidad de Costa Rica,Administración Pública énfasis Gestión del Desarrollo,22,Región Central,GAM,Licenciatura,Grado,CINE 6,Ciencias Económicas,Administración Pública,Administración de Empresas y Derecho,Educación Comercial y Administración,NO STEM
2022,Universidad de Costa Rica,Administración Universitaria,6,Región Central,GAM,Maestría,Posgrado,CINE 7,Educación,Administración Educativa,Educación,Educación,NO STEM
2022,Universidad de Costa Rica,Administración de Negocios Varios énfasis,1,Región Central,GAM,Licenciatura,Grado,CINE 6,Ciencias Económicas,Comercio Internacional,Administración de Empresas y Derecho,Educación Comercial y Administración,NO STEM
2022,Universidad de Costa Rica,Administración de Negocios énfasis Dirección de Empresas y Finanzas,2,Región Central,GAM,Licenciatura,Grado,CINE 6,Ciencias Económicas,Finanzas,Administración de Empresas y Derecho,Educación Comercial y Administración,NO STEM
2022,Universidad de Costa Rica,Administración e Ingeniería de la Construcción,5,Región Central,GAM,Maestría,Posgrado,CINE 7,Ingeniería,Ingeniería Civil,"Ingeniería, Industria y Construcción",Arquitectura y Construcción,STEM
2022,Universidad de Costa Rica,Administración y Dirección de Empresas,13,Región Central,GAM,Maestría,Posgrado,CINE 7,Ciencias Económicas,Administración,Administración de Empresas y Derecho,Educación Comercial y Administración,NO STEM
2022,Universidad de Costa Rica,Administración y Dirección de Empresas énfasis Finanzas,33,Región Central,GAM,Maestría,Posgrado,CINE 7,Ciencias Económicas,Finanzas,Administración de Empresas y Derecho,Educación Comercial y Administración,NO STEM
2022,Universidad de Costa Rica,Administración y Dirección de Empresas énfasis Gerencia,12,Región Central,GAM,Maestría,Posgrado,CINE 7,Ciencias Económicas,Administración,Administración de Empresas y Derecho,Educación Comercial y Administración,NO STEM
2022,Universidad de Costa Rica,Administración y Dirección de Empresas énfasis Mercadeo y Ventas,3,Región Central,GAM,Maestría,Posgrado,CINE 7,Ciencias Económicas,Mercadeo,Administración de Empresas y Derecho,Educación Comercial y Administración,NO STEM
2022,Universidad de Costa Rica,Agronomía,756,Región Central,GAM,Licenciatura,Grado,CINE 6,Recursos Naturales,Agronomía General,"Agricultura, Silvicultura, Pesca y Veterinaria",Agricultura,STEM
2022,Universidad de Costa Rica,Anatomía Patológica,7,Región Central,GAM,Especialidad Profesional,Posgrado,CINE 7,Ciencias de la Salud,Medicina,Salud y Bienestar,Salud,STEM
2022,Universidad de Costa Rica,Anestesiología y Recuperación,55,Región Central,GAM,Especialidad Profesional,Posgrado,CINE 7,Ciencias de la Salud,Medicina,Salud y Bienestar,Salud,STEM
2022,Universidad de Costa Rica,Antropología,341,Región Central,GAM,Bachillerato,Grado,CINE 6,Ciencias Sociales,Antropología,"Ciencias Sociales, Periodismo e Información",Ciencias Sociales y del Comportamiento,NO STEM
2022,Universidad de Costa Rica,Antropología varios énfasis,20,Región Central,GAM,Licenciatura,Grado,CINE 6,Ciencias Sociales,Antropología,"Ciencias Sociales, Periodismo e Información",Ciencias Sociales y del Comportamiento,NO STEM
2022,Universidad de Costa Rica,Antropología énfasis Antropología Social,6,Región Central,GAM,Licenciatura,Grado,CINE 6,Ciencias Sociales,Antropología,"Ciencias Sociales, Periodismo e Información",Ciencias Sociales y del Comportamiento,NO STEM
2022,Universidad de Costa Rica,Antropología énfasis Arqueología,5,Región Central,GAM,Licenciatura,Grado,CINE 6,Ciencias Sociales,Antropología,"Ciencias Sociales, Periodismo e Información",Ciencias Sociales y del Comportamiento,NO STEM
2022,Universidad de Costa Rica,Análisis y Control de Calidad Medicamentos,1,Región Central,GAM,Maestría,Posgrado,CINE 7,Ciencias de la Salud,Farmacia,Salud y Bienestar,Salud,STEM
2022,Universidad de Costa Rica,Archivística,316,Región Central,GAM,Licenciatura,Grado,CINE 6,Ciencias Sociales,Archivística,"Ciencias Sociales, Periodismo e Información",Periodismo e Información,NO STEM
2022,Universidad de Costa Rica,Arquitectura,702,Región Central,GAM,Licenciatura,Grado,CINE 6,Ingeniería,Arquitectura,"Ingeniería, Industria y Construcción",Arquitectura y Construcción,STEM
2022,Universidad de Costa Rica,Arquitectura Tropical,8,Región Central,GAM,Maestría,Posgrado,CINE 7,Ingeniería,Arquitectura,"Ingeniería, Industria y Construcción",Arquitectura y Construcción,STEM
2022,Universidad de Costa Rica,Arquitectura y Construcción,11,Región Central,GAM,Maestría,Posgrado,CINE 7,Ingeniería,Arquitectura,"Ingeniería, Industria y Construcción",Arquitectura y Construcción,STEM
2022,Universidad de Costa Rica,Artes,13,Región Central,GAM,Maestría,Posgrado,CINE 7,Artes y Letras,Artes y Letras,Artes y Humanidades,Artes,NO STEM
2022,Universidad de Costa Rica,Artes Dramáticas,138,Región Central,GAM,Licenciatura,Grado,CINE 6,Artes y Letras,Artes Dramáticas,Artes y Humanidades,Artes,NO STEM
2022,Universidad de Costa Rica,Artes Plásticas énfasis Cerámica,1,Región Central,GAM,Licenciatura,Grado,CINE 6,Artes y Letras,Artes Plásticas,Artes y Humanidades,Artes,NO STEM
2022,Universidad de Costa Rica,Artes Plásticas énfasis Diseño Gráfico,9,Región Central,GAM,Licenciatura,Grado,CINE 6,Artes y Letras,Diseño Gráfico,Artes y Humanidades,Artes,NO STEM
2022,Universidad de Costa Rica,Artes Plásticas énfasis Escultura,6,Región Central,GAM,Licenciatura,Grado,CINE 6,Artes y Letras,Artes Plásticas,Artes y Humanidades,Artes,NO STEM
2022,Universidad de Costa Rica,Artes Plásticas énfasis Pintura,3,Región Central,GAM,Licenciatura,Grado,CINE 6,Artes y Letras,Artes Plásticas,Artes y Humanidades,Artes,NO STEM
2022,Universidad de Costa Rica,Artes Visuales,2,Región Central,GAM,Maestría,Posgrado,CINE 7,Artes y Letras,Artes Plásticas,Artes y Humanidades,Artes,NO STEM
2022,Universidad de Costa Rica,Artes énfasis Artes Escénicas,12,Región Central,GAM,Maestría,Posgrado,CINE 7,Artes y Letras,Artes Dramáticas,Artes y Humanidades,Artes,NO STEM
2022,Universidad de Costa Rica,Artes énfasis Artes Visuales,1,Región Central,GAM,Maestría,Posgrado,CINE 7,Artes y Letras,Artes Plásticas,Artes y Humanidades,Artes,NO STEM
2022,Universidad de Costa Rica,Artes énfasis Cinematografía,2,Región Central,GAM,Maestría,Posgrado,CINE 7,Artes y Letras,Producción de Cine y Televisión,Artes y Humanidades,Artes,NO STEM
2022,Universidad de Costa Rica,Asistente de Laboratorio,74,Región Central,GAM,Diplomado,Pregrado,CINE 5,Ciencias de la Salud,Asistente de Laboratorio,"Ciencias naturales, matemáticas y estadística",Ciencias Biológicas y afines,STEM
2022,Universidad de Costa Rica,Astrofísica,7,Región Central,GAM,Maestría,Posgrado,CINE 7,Ciencias Básicas,Física,"Ciencias Naturales, Matemáticas y Estadística",Ciencias Físicas,STEM
2022,Universidad de Costa Rica,Audiología,147,Región Central,GAM,Licenciatura,Grado,CINE 6,Ciencias de la Salud,Audiología,Salud y Bienestar,Salud,STEM
2022,Universidad de Costa Rica,Bacteriología Médica,10,Región Central,GAM,Especialidad Profesional,Posgrado,CINE 7,Ciencias de la Salud,Microbiología,"Ciencias Naturales, Matemáticas y Estadística",Ciencias Biológicas y Afines,STEM
2022,Universidad de Costa Rica,Bibliotecología y Ciencias de la Información,76,Región Central,GAM,Licenciatura,Grado,CINE 6,Ciencias Sociales,Bibliotecología,"Ciencias Sociales, Periodismo e Información",Periodismo e Información,NO STEM
2022,Universidad de Costa Rica,Bibliotecología y Estudios de la Información,11,Región Central,GAM,Maestría,Posgrado,CINE 7,Ciencias Sociales,Bibliotecología,"Ciencias Sociales, Periodismo e Información",Periodismo e Información,NO STEM
2022,Universidad de Costa Rica,Bibliotecología énfasis Bibliotecas Educativas,244,Región Central,GAM,Bachillerato,Grado,CINE 6,Ciencias Sociales,Bibliotecología,"Ciencias Sociales, Periodismo e Información",Periodismo e Información,NO STEM
2022,Universidad de Costa Rica,Bibliotecología énfasis Ciencias de la Información,171,Región Central,GAM,Bachillerato,Grado,CINE 6,Ciencias Sociales,Bibliotecología,"Ciencias Sociales, Periodismo e Información",Periodismo e Información,NO STEM
2022,Universidad de Costa Rica,Bioinformática y Biología de Sistemas,13,Región Central,GAM,Maestría,Posgrado,CINE 7,Ciencias Básicas,Biología,"Ciencias Naturales, Matemáticas y Estadística",Ciencias Biológicas y Afines,STEM
2022,Universidad de Costa Rica,Biología,360,Región Central,GAM,Licenciatura,Grado,CINE 6,Ciencias Básicas,Biología,"Ciencias Naturales, Matemáticas y Estadística",Ciencias Biológicas y Afines,STEM
2022,Universidad de Costa Rica,Biología énfasis Biología Molecular y Biotecnología,17,Región Central,GAM,Licenciatura,Grado,CINE 6,Ciencias Básicas,Biología,"Ciencias Naturales, Matemáticas y Estadística",Ciencias Biológicas y Afines,STEM
2022,Universidad de Costa Rica,Biología énfasis Botánica,6,Región Central,GAM,Licenciatura,Grado,CINE 6,Ciencias Básicas,Biología,"Ciencias Naturales, Matemáticas y Estadística",Ciencias Biológicas y Afines,STEM
2022,Universidad de Costa Rica,Biología énfasis Ecología y Gestión de Ambientes Acuáticos,4,Región Central,GAM,Licenciatura,Grado,CINE 6,Ciencias Básicas,Biología,"Ciencias Naturales, Matemáticas y Estadística",Ciencias Biológicas y Afines,STEM
2022,Universidad de Costa Rica,Biología énfasis Genética Humana,3,Región Central,GAM,Licenciatura,Grado,CINE 6,Ciencias Básicas,Biología,"Ciencias Naturales, Matemáticas y Estadística",Ciencias Biológicas y Afines,STEM
2022,Universidad de Costa Rica,Biología énfasis Genética y Biología Molecular,22,Región Central,GAM,Maestría,Posgrado,CINE 7,Ciencias Básicas,Biología,"Ciencias Naturales, Matemáticas y Estadística",Ciencias Biológicas y Afines,STEM
2022,Universidad de Costa Rica,Biología énfasis Genética y Biotecnología,1,Región Central,GAM,Licenciatura,Grado,CINE 6,Ciencias Básicas,Biología,"Ciencias Naturales, Matemáticas y Estadística",Ciencias Biológicas y Afines,STEM
2022,Universidad de Costa Rica,Biología énfasis Interpretación Ambiental,10,Región Central,GAM,Licenciatura,Grado,CINE 6,Ciencias Básicas,Biología,"Ciencias Naturales, Matemáticas y Estadística",Ciencias Biológicas y Afines,STEM
2022,Universidad de Costa Rica,Biología énfasis Zoología,12,Región Central,GAM,Licenciatura,Grado,CINE 6,Ciencias Básicas,Biología,"Ciencias Naturales, Matemáticas y Estadística",Ciencias Biológicas y Afines,STEM
2022,Universidad de Costa Rica,Cardiología,28,Región Central,GAM,Especialidad Profesional,Posgrado,CINE 7,Ciencias de la Salud,Medicina,Salud y Bienestar,Salud,STEM
2022,Universidad de Costa Rica,Ciencia de Alimentos,22,Región Central,GAM,Maestría,Posgrado,CINE 7,Ingeniería,Ingeniería de Alimentos,"Ingeniería, Industria y Construcción",Industria y Producción,STEM
2022,Universidad de Costa Rica,Ciencias,7,Región Central,GAM,Doctorado,Posgrado,CINE 8,Ciencias Básicas,Ciencias,"Ciencias Naturales, Matemáticas y Estadística",Medio Ambiente,STEM
2022,Universidad de Costa Rica,Ciencias Actuariales,221,Región Central,GAM,Licenciatura,Grado,CINE 6,Ciencias Básicas,Ciencias Actuariales,"Ciencias Naturales, Matemáticas y Estadística",Matemáticas y Estadística,STEM
2022,Universidad de Costa Rica,Ciencias Agrícolas,9,Región Central,GAM,Doctorado,Posgrado,CINE 8,Recursos Naturales,Agronomía General,"Agricultura, Silvicultura, Pesca y Veterinaria",Agricultura,STEM
2022,Universidad de Costa Rica,Ciencias Agrícolas y Recursos Naturales énfasis Biotecnología,5,Región Central,GAM,Maestría,Posgrado,CINE 7,Recursos Naturales,Agronomía General,"Agricultura, Silvicultura, Pesca y Veterinaria",Agricultura,STEM
2022,Universidad de Costa Rica,Ciencias Agrícolas y Recursos Naturales énfasis Nutrición Animal,7,Región Central,GAM,Maestría,Posgrado,CINE 7,Recursos Naturales,Zootecnia,"Agricultura, Silvicultura, Pesca y Veterinaria",Agricultura,STEM
2022,Universidad de Costa Rica,Ciencias Agrícolas y Recursos Naturales énfasis Protección de Cultivos,7,Región Central,GAM,Maestría,Posgrado,CINE 7,Recursos Naturales,Agronomía General,"Agricultura, Silvicultura, Pesca y Veterinaria",Agricultura,STEM
2022,Universidad de Costa Rica,Ciencias Agrícolas y Recursos Naturales énfasis Suelos,11,Región Central,GAM,Maestría,Posgrado,CINE 7,Recursos Naturales,Agronomía General,"Agricultura, Silvicultura, Pesca y Veterinaria",Agricultura,STEM
2022,Universidad de Costa Rica,Ciencias Biomédicas énfasis Bioquímica y Fisiología Celular,4,Región Central,GAM,Maestría,Posgrado,CINE 7,Ciencias de la Salud,Biomédica,Salud y Bienestar,Salud,STEM
2022,Universidad de Costa Rica,Ciencias Cognoscitivas,1,Región Central,GAM,Maestría,Posgrado,CINE 7,Artes y Letras,Ciencias Cognoscitivas,Artes y Humanidades,Artes,NO STEM
2022,Universidad de Costa Rica,Ciencias Morfológicas,5,Región Central,GAM,Maestría,Posgrado,CINE 7,Ciencias de la Salud,Medicina,Salud y Bienestar,Salud,STEM
2022,Universidad de Costa Rica,Ciencias Médicas y Quirúrgicas,13,Región Central,GAM,Maestría,Posgrado,CINE 7,Ciencias de la Salud,Medicina,Salud y Bienestar,Salud,STEM
2022,Universidad de Costa Rica,Ciencias Neurológicas,4,Región Central,GAM,Maestría,Posgrado,CINE 7,Ciencias de la Salud,Medicina,Salud y Bienestar,Salud,STEM
2022,Universidad de Costa Rica,Ciencias Penales,33,Región Central,GAM,Maestría,Posgrado,CINE 7,Derecho,Derecho Penal,Administración de Empresas y Derecho,Derecho,NO STEM
2022,Universidad de Costa Rica,Ciencias Políticas,727,Región Central,GAM,Licenciatura,Grado,CINE 6,Ciencias Sociales,Ciencias Políticas,"Ciencias Sociales, Periodismo e Información",Ciencias Sociales y del Comportamiento,NO STEM
2022,Universidad de Costa Rica,Ciencias Políticas énfasis Gerencia Política,1,Región Central,GAM,Maestría,Posgrado,CINE 7,Ciencias Sociales,Ciencias Políticas,"Ciencias Sociales, Periodismo e Información",Ciencias Sociales y del Comportamiento,NO STEM
2022,Universidad de Costa Rica,Ciencias Sociales sobre América Central,8,Región Central,GAM,Doctorado,Posgrado,CINE 8,Ciencias Sociales,Ciencias Sociales,"Ciencias Sociales, Periodismo e Información",Ciencias Sociales y del Comportamiento,NO STEM
2022,Universidad de Costa Rica,Ciencias de la Atmósfera,6,Región Central,GAM,Maestría,Posgrado,CINE 7,Ciencias Básicas,Meteorología,"Ciencias Naturales, Matemáticas y Estadística",Ciencias Físicas,STEM
2022,Universidad de Costa Rica,Ciencias de la Comunicación Colectiva,211,Región Central,GAM,Licenciatura,Grado,CINE 6,Ciencias Sociales,Comunicación,"Ciencias Sociales, Periodismo e Información",Periodismo e Información,NO STEM
2022,Universidad de Costa Rica,Ciencias de la Comunicación Colectiva énfasis Comunicación Audiovisual y Multimedial,116,Región Central,GAM,Licenciatura,Grado,CINE 6,Ciencias Sociales,Producción Audiovisual,Artes y Humanidades,Artes,NO STEM
2022,Universidad de Costa Rica,Ciencias de la Comunicación Colectiva énfasis Comunicación Estratégica,58,Región Central,GAM,Licenciatura,Grado,CINE 6,Ciencias Sociales,Comunicación,"Ciencias Sociales, Periodismo e Información",Periodismo e Información,NO STEM
2022,Universidad de Costa Rica,Ciencias de la Comunicación Colectiva énfasis Comunicación Social,9,Región Central,GAM,Licenciatura,Grado,CINE 6,Ciencias Sociales,Comunicación,"Ciencias Sociales, Periodismo e Información",Periodismo e Información,NO STEM
2022,Universidad de Costa Rica,Ciencias de la Comunicación Colectiva énfasis Periodismo,30,Región Central,GAM,Licenciatura,Grado,CINE 6,Ciencias Sociales,Periodismo,"Ciencias Sociales, Periodismo e Información",Periodismo e Información,NO STEM
2022,Universidad de Costa Rica,Ciencias de la Comunicación Colectiva énfasis Publicidad,43,Región Central,GAM,Licenciatura,Grado,CINE 6,Ciencias Sociales,Publicidad,Artes y Humanidades,Artes,NO STEM
2022,Universidad de Costa Rica,Ciencias de la Comunicación Colectiva énfasis Relaciones Públicas,55,Región Central,GAM,Licenciatura,Grado,CINE 6,Ciencias Sociales,Relaciones Públicas,"Ciencias Sociales, Periodismo e Información",Ciencias Sociales y del Comportamiento,NO STEM
2022,Universidad de Costa Rica,Ciencias de la Educación Inicial,181,Región Chorotega,No GAM,Bachillerato,Grado,CINE 6,Educación,Educación Preescolar,Educación,Educación,NO STEM
2022,Universidad de Costa Rica,Ciencias de la Educación Preescolar énfasis Inglés,146,Región Central,No GAM,Bachillerato,Grado,CINE 6,Educación,Educación Preescolar Inglés,Educación,Educación,NO STEM
2022,Universidad de Costa Rica,Ciencias de la Educación Primaria,275,Región Central,No GAM,Bachillerato,Grado,CINE 6,Educación,Educación Primaria,Educación,Educación,NO STEM
2022,Universidad de Costa Rica,Ciencias de la Educación Primaria énfasis Inglés,383,Región Chorotega,No GAM,Bachillerato,Grado,CINE 6,Educación,Educación Primaria Inglés,Educación,Educación,NO STEM
2022,Universidad de Costa Rica,Ciencias de la Educación énfasis Administración de la Educación,84,Región Central,GAM,Licenciatura,Grado,CINE 6,Educación,Administración Educativa,Educación,Educación,NO STEM
2022,Universidad de Costa Rica,Ciencias de la Educación énfasis Administración de la Educación No Formal,108,Región Central,GAM,Licenciatura,Grado,CINE 6,Educación,Educación Generalista,Educación,Educación,NO STEM
2022,Universidad de Costa Rica,Ciencias de la Educación énfasis Educación Especial,139,Región Central,GAM,Bachillerato,Grado,CINE 6,Educación,Educación Especial,Educación,Educación,NO STEM
2022,Universidad de Costa Rica,Ciencias de la Educación énfasis Orientación,193,Región Central,GAM,Licenciatura,Grado,CINE 6,Educación,Orientación,Salud y Bienestar,Bienestar,NO STEM
2022,Universidad de Costa Rica,Ciencias del Movimiento Humano,388,Región Central,GAM,Bachillerato,Grado,CINE 6,Educación,Educación Física,Educación,Educación,NO STEM
2022,Universidad de Costa Rica,Ciencias del Movimiento Humano en el Medio Natural,1,Región Central,No GAM,Licenciatura,Grado,CINE 6,Educación,Educación Física,Educación,Educación,NO STEM
2022,Universidad de Costa Rica,Cirugía Cardiovascular Toráxica,2,Región Central,GAM,Especialidad Profesional,Posgrado,CINE 7,Ciencias de la Salud,Medicina,Salud y Bienestar,Salud,STEM
2022,Universidad de Costa Rica,Cirugía General,33,Región Central,GAM,Especialidad Profesional,Posgrado,CINE 7,Ciencias de la Salud,Medicina,Salud y Bienestar,Salud,STEM
2022,Universidad de Costa Rica,Cirugía Pediátrica,10,Región Central,GAM,Especialidad Profesional,Posgrado,CINE 7,Ciencias de la Salud,Medicina,Salud y Bienestar,Salud,STEM
2022,Universidad de Costa Rica,Cirugía Plástica y Reconstructiva,7,Región Central,GAM,Especialidad Profesional,Posgrado,CINE 7,Ciencias de la Salud,Medicina,Salud y Bienestar,Salud,STEM
2022,Universidad de Costa Rica,Cirugía Toráxica General,4,Región Central,GAM,Especialidad Profesional,Posgrado,CINE 7,Ciencias de la Salud,Medicina,Salud y Bienestar,Salud,STEM
2022,Universidad de Costa Rica,Computación e Informática,68,Región Central,GAM,Maestría,Posgrado,CINE 7,Computación,Ciencias de la Computación,Tecnologías de la Información y Comunicación,Tecnologías de la Información y la Comunicación (TIC),STEM
2022,Universidad de Costa Rica,Computación varios énfasis,543,Región Central,GAM,Bachillerato,Grado,CINE 6,Computación,Ciencias de la Computación,Tecnologías de la Información y Comunicación,Tecnologías de la Información y la Comunicación (TIC),STEM
2022,Universidad de Costa Rica,Computación énfasis Ciencias de la Computación,50,Región Central,GAM,Bachillerato,Grado,CINE 6,Computación,Ciencias de la Computación,Tecnologías de la Información y Comunicación,Tecnologías de la Información y la Comunicación (TIC),STEM
2022,Universidad de Costa Rica,Computación énfasis Ingeniería de Software,125,Región Central,GAM,Bachillerato,Grado,CINE 6,Computación,Ingeniería del Software,Tecnologías de la Información y Comunicación,Tecnologías de la Información y la Comunicación (TIC),STEM
2022,Universidad de Costa Rica,Computación énfasis Ingeniería de Tecnologías de la Información,65,Región Central,GAM,Bachillerato,Grado,CINE 6,Computación,Tecnologías de Información,Tecnologías de la Información y Comunicación,Tecnologías de la Información y la Comunicación (TIC),STEM
2022,Universidad de Costa Rica,Comunicación y Desarrollo,8,Región Central,GAM,Maestría,Posgrado,CINE 7,Ciencias Sociales,Comunicación,"Ciencias Sociales, Periodismo e Información",Periodismo e Información,NO STEM
2022,Universidad de Costa Rica,Comunicación énfasis Diseño del Lenguaje Audiovisual y Multimedia,17,Región Central,GAM,Maestría,Posgrado,CINE 7,Ciencias Sociales,Producción Audiovisual,Artes y Humanidades,Artes,NO STEM
2022,Universidad de Costa Rica,Contaduría Pública,1900,Región Central,GAM,Licenciatura,Grado,CINE 6,Ciencias Económicas,Contaduría,Administración de Empresas y Derecho,Educación Comercial y Administración,NO STEM
2022,Universidad de Costa Rica,Derecho,1497,Región Central,GAM,Licenciatura,Grado,CINE 6,Derecho,Derecho,Administración de Empresas y Derecho,Derecho,NO STEM
2022,Universidad de Costa Rica,Derecho Agrario y Ambiental,16,Región Central,GAM,Especialidad Profesional,Posgrado,CINE 7,Derecho,Derecho Agrario,Administración de Empresas y Derecho,Derecho,NO STEM
2022,Universidad de Costa Rica,Derecho Ambiental,7,Región Central,GAM,Maestría,Posgrado,CINE 7,Derecho,Derecho Ambiental,Administración de Empresas y Derecho,Derecho,NO STEM
2022,Universidad de Costa Rica,Derecho Comercial,10,Región Central,GAM,Especialidad Profesional,Posgrado,CINE 7,Derecho,Derecho Empresarial,Administración de Empresas y Derecho,Derecho,NO STEM
2022,Universidad de Costa Rica,Derecho Comunitario y Derechos Humanos,7,Región Central,GAM,Maestría,Posgrado,CINE 7,Derecho,Derechos Humanos,Administración de Empresas y Derecho,Derecho,NO STEM
2022,Universidad de Costa Rica,Derecho Notarial y Registral,40,Región Central,GAM,Especialidad Profesional,Posgrado,CINE 7,Derecho,Derecho Notarial,Administración de Empresas y Derecho,Derecho,NO STEM
2022,Universidad de Costa Rica,Derecho Público,38,Región Central,GAM,Maestría,Posgrado,CINE 7,Derecho,Derecho Público,Administración de Empresas y Derecho,Derecho,NO STEM
2022,Universidad de Costa Rica,Derechos Humanos de la Niñez y la Adolescencia,19,Región Central,GAM,Maestría,Posgrado,CINE 7,Derecho,Derechos Humanos,Administración de Empresas y Derecho,Derecho,NO STEM
2022,Universidad de Costa Rica,Dermatología,13,Región Central,GAM,Especialidad Profesional,Posgrado,CINE 7,Ciencias de la Salud,Medicina,Salud y Bienestar,Salud,STEM
2022,Universidad de Costa Rica,Desarrollo Sostenible énfasis Conservación de los Recursos Biológicos,12,Región Central,No GAM,Maestría,Posgrado,CINE 7,Recursos Naturales,Ecología,"Ciencias Naturales, Matemáticas y Estadística",Medio Ambiente,STEM
2022,Universidad de Costa Rica,Desarrollo Sostenible énfasis Formación y Promoción Ecológica,7,Región Central,No GAM,Maestría,Posgrado,CINE 7,Recursos Naturales,Ecología,"Ciencias Naturales, Matemáticas y Estadística",Medio Ambiente,STEM
2022,Universidad de Costa Rica,Diplomacia,42,Región Central,GAM,Maestría,Posgrado,CINE 7,Ciencias Sociales,Relaciones Internacionales,"Ciencias Sociales, Periodismo e Información",Ciencias Sociales y del Comportamiento,NO STEM
2022,Universidad de Costa Rica,Dirección de Empresas,2918,Región Central,GAM,Licenciatura,Grado,CINE 6,Ciencias Económicas,Administración,Administración de Empresas y Derecho,Educación Comercial y Administración,NO STEM
2022,Universidad de Costa Rica,Diseño Gráfico,589,Región Central,GAM,Licenciatura,Grado,CINE 6,Artes y Letras,Diseño Gráfico,Artes y Humanidades,Artes,NO STEM
2022,Universidad de Costa Rica,Diseño Plástico énfasis Diseño Cerámico,39,Región Central,GAM,Licenciatura,Grado,CINE 6,Artes y Letras,Artes Plásticas,Artes y Humanidades,Artes,NO STEM
2022,Universidad de Costa Rica,Diseño Plástico énfasis Diseño Escultórico,22,Región Central,GAM,Licenciatura,Grado,CINE 6,Artes y Letras,Artes Plásticas,Artes y Humanidades,Artes,NO STEM
2022,Universidad de Costa Rica,Diseño Plástico énfasis Diseño Pictórico,348,Región Central,GAM,Licenciatura,Grado,CINE 6,Artes y Letras,Artes Plásticas,Artes y Humanidades,Artes,NO STEM
2022,Universidad de Costa Rica,Diseño Plástico énfasis Diseño de la Estampa,25,Región Central,GAM,Licenciatura,Grado,CINE 6,Artes y Letras,Artes Plásticas,Artes y Humanidades,Artes,NO STEM
2022,Universidad de Costa Rica,Diseño Urbano y Gestión Territorial,14,Región Central,GAM,Maestría,Posgrado,CINE 7,Ingeniería,Arquitectura,"Ingeniería, Industria y Construcción",Arquitectura y Construcción,STEM
2022,Universidad de Costa Rica,Docencia Universitaria,51,Región Central,GAM,Licenciatura,Grado,CINE 6,Educación,Docencia,Educación,Educación,NO STEM
2022,Universidad de Costa Rica,Economía,574,Región Central,GAM,Bachillerato,Grado,CINE 6,Ciencias Económicas,Economía,"Ciencias Sociales, Periodismo e Información",Ciencias Sociales y del Comportamiento,NO STEM
2022,Universidad de Costa Rica,Economía Agrícola y Agronegocios énfasis Agroambiente,557,Región Central,GAM,Licenciatura,Grado,CINE 6,Recursos Naturales,Economía Agrícola,"Agricultura, Silvicultura, Pesca y Veterinaria",Agricultura,STEM
2022,Universidad de Costa Rica,Economía Varios énfasis,1,Región Central,GAM,Licenciatura,Grado,CINE 6,Ciencias Económicas,Economía,"Ciencias Sociales, Periodismo e Información",Ciencias Sociales y del Comportamiento,NO STEM
2022,Universidad de Costa Rica,Educación,13,Región Central,GAM,Doctorado,Posgrado,CINE 8,Educación,Educación Generalista,Educación,Educación,NO STEM
2022,Universidad de Costa Rica,Educación Especial énfasis Aprendizaje Diverso,20,Región Central,GAM,Licenciatura,Grado,CINE 6,Educación,Educación Especial,Educación,Educación,NO STEM
2022,Universidad de Costa Rica,Educación Especial énfasis Educación de Personas Trastornos,3,Región Central,GAM,Licenciatura,Grado,CINE 6,Educación,Educación Especial,Educación,Educación,NO STEM
2022,Universidad de Costa Rica,Educación Especial énfasis Educación de Personas con Discapacidad Múltiple,13,Región Central,GAM,Licenciatura,Grado,CINE 6,Educación,Educación Especial,Educación,Educación,NO STEM
2022,Universidad de Costa Rica,Educación Matemática,205,Región Central,GAM,Licenciatura,Grado,CINE 6,Educación,Enseñanza de Matemática,Educación,Educación,NO STEM
2022,Universidad de Costa Rica,Educación Preescolar,133,Región Central,GAM,Licenciatura,Grado,CINE 6,Educación,Educación Preescolar,Educación,Educación,NO STEM
2022,Universidad de Costa Rica,Educación Preescolar con énfasis en Atención a la Niñez Temprana,39,Región Central,GAM,Licenciatura,Grado,CINE 6,Educación,Educación Preescolar,Educación,Educación,NO STEM
2022,Universidad de Costa Rica,Educación Preescolar énfasis Gestión de Proyectos Educativos para  la Primera Infancia y en la Atención a la Niñez Temprana,15,Región Central,GAM,Licenciatura,Grado,CINE 6,Educación,Educación Preescolar,Educación,Educación,NO STEM
2022,Universidad de Costa Rica,Educación Primaria,262,Región Central,GAM,Licenciatura,Grado,CINE 6,Educación,Educación Primaria,Educación,Educación,NO STEM
2022,Universidad de Costa Rica,Educación énfasis Docencia Universitaria,14,Región Central,GAM,Maestría,Posgrado,CINE 7,Educación,Docencia,Educación,Educación,NO STEM
2022,Universidad de Costa Rica,Educación énfasis Evaluación Educativa,10,Región Central,GAM,Maestría,Posgrado,CINE 7,Educación,Evaluación Educativa,Educación,Educación,NO STEM
2022,Universidad de Costa Rica,Educación énfasis Orientación Área Familiar,5,Región Central,GAM,Maestría,Posgrado,CINE 7,Educación,Orientación,Salud y Bienestar,Bienestar,NO STEM
2022,Universidad de Costa Rica,Electrocardiografía,1,Región Central,No GAM,Diplomado,Pregrado,CINE 5,Ciencias de la Salud,Electrografía,Salud y Bienestar,Salud,STEM
2022,Universidad de Costa Rica,Emergencias Médicas,14,Región Central,GAM,Diplomado,Pregrado,CINE 5,Ciencias de la Salud,Emergencias Médicas,Salud y Bienestar,Salud,STEM
2022,Universidad de Costa Rica,Endocrinología,10,Región Central,GAM,Especialidad Profesional,Posgrado,CINE 7,Ciencias de la Salud,Medicina,Salud y Bienestar,Salud,STEM
2022,Universidad de Costa Rica,Enfermería,549,Región Central,GAM,Licenciatura,Grado,CINE 6,Ciencias de la Salud,Enfermería,Salud y Bienestar,Salud,STEM
2022,Universidad de Costa Rica,Enfermería Ginecológica Obstetricia y Perinatal,22,Región Central,GAM,Maestría,Posgrado,CINE 7,Ciencias de la Salud,Enfermería,Salud y Bienestar,Salud,STEM
2022,Universidad de Costa Rica,Enfermería Oncológica y Hematología,16,Región Central,GAM,Maestría,Posgrado,CINE 7,Ciencias de la Salud,Enfermería,Salud y Bienestar,Salud,STEM
2022,Universidad de Costa Rica,Enfermería Pediátrica énfasis Neonatología,4,Región Central,GAM,Maestría,Posgrado,CINE 7,Ciencias de la Salud,Enfermería,Salud y Bienestar,Salud,STEM
2022,Universidad de Costa Rica,Enfermería Pediátrica énfasis Niñez y Adolescencia,6,Región Central,GAM,Maestría,Posgrado,CINE 7,Ciencias de la Salud,Enfermería,Salud y Bienestar,Salud,STEM
2022,Universidad de Costa Rica,Enfermería Quirúrgica,41,Región Central,GAM,Maestría,Posgrado,CINE 7,Ciencias de la Salud,Enfermería,Salud y Bienestar,Salud,STEM
2022,Universidad de Costa Rica,Enfermería en Salud Mental y Psiquiatría,17,Región Central,GAM,Maestría,Posgrado,CINE 7,Ciencias de la Salud,Enfermería,Salud y Bienestar,Salud,STEM
2022,Universidad de Costa Rica,Enseñanza de la Filosofía,117,Región Central,GAM,Bachillerato,Grado,CINE 6,Educación,Enseñanza de Filosofía,Educación,Educación,NO STEM
2022,Universidad de Costa Rica,Enseñanza de la Matemática,391,Región Central,GAM,Licenciatura,Grado,CINE 6,Educación,Enseñanza de Matemática,Educación,Educación,NO STEM
2022,Universidad de Costa Rica,Enseñanza de la Música,220,Región Central,GAM,Licenciatura,Grado,CINE 6,Educación,Enseñanza de Música,Educación,Educación,NO STEM
2022,Universidad de Costa Rica,Enseñanza de la Psicología,116,Región Central,GAM,Bachillerato,Grado,CINE 6,Educación,Enseñanza de Psicología,Educación,Educación,NO STEM
2022,Universidad de Costa Rica,Enseñanza de las Ciencias Naturales,248,Región Central,GAM,Bachillerato,Grado,CINE 6,Educación,Enseñanza de Ciencias,Educación,Educación,NO STEM
2022,Universidad de Costa Rica,Enseñanza de los Estudios Sociales y la Educación Cívica,401,Región Central,GAM,Licenciatura,Grado,CINE 6,Educación,Enseñanza de Estudios Sociales,Educación,Educación,NO STEM
2022,Universidad de Costa Rica,Enseñanza del Castellano y Literatura,358,Región Central,GAM,Licenciatura,Grado,CINE 6,Educación,Enseñanza de Castellano,Educación,Educación,NO STEM
2022,Universidad de Costa Rica,Enseñanza del Francés,188,Región Central,GAM,Bachillerato,Grado,CINE 6,Educación,Enseñanza de Francés,Educación,Educación,NO STEM
2022,Universidad de Costa Rica,Enseñanza del Francés como Lengua Extranjera,1,Región Central,GAM,Licenciatura,Grado,CINE 6,Educación,Enseñanza de Francés,Educación,Educación,NO STEM
2022,Universidad de Costa Rica,Enseñanza del Francés énfasis Secundaria,2,Región Central,GAM,Bachillerato,Grado,CINE 6,Educación,Enseñanza de Francés,Educación,Educación,NO STEM
2022,Universidad de Costa Rica,Enseñanza del Inglés,697,Región Central,No GAM,Bachillerato,Grado,CINE 6,Educación,Enseñanza de Inglés,Educación,Educación,NO STEM
2022,Universidad de Costa Rica,Enseñanza del Inglés como Lengua Extranjera,49,Región Central,GAM,Maestría,Posgrado,CINE 7,Educación,Enseñanza de Inglés,Educación,Educación,NO STEM
2022,Universidad de Costa Rica,Español como Segunda Lengua,4,Región Central,GAM,Maestría,Posgrado,CINE 7,Artes y Letras,Lenguas,Artes y Humanidades,Idiomas,NO STEM
2022,Universidad de Costa Rica,Estadística,463,Región Central,GAM,Bachillerato,Grado,CINE 6,Ciencias Básicas,Estadística,"Ciencias Naturales, Matemáticas y Estadística",Matemáticas y Estadística,STEM
2022,Universidad de Costa Rica,Estudios Interdisciplinarios sobre Discapacidad,6,Región Central,GAM,Maestría,Posgrado,CINE 7,Ciencias Sociales,Estudios de Discapacidad,Salud y Bienestar,Bienestar,NO STEM
2022,Universidad de Costa Rica,Estudios de la Sociedad y la Cultura,27,Región Central,GAM,Doctorado,Posgrado,CINE 8,Ciencias Sociales,Sociología,"Ciencias Sociales, Periodismo e Información",Ciencias Sociales y del Comportamiento,NO STEM
2022,Universidad de Costa Rica,Estudios de las Mujeres Géneros y Sexualidades,14,Región Central,GAM,Maestría,Posgrado,CINE 7,Ciencias Sociales,Estudios de Género,"Ciencias Sociales, Periodismo e Información",Ciencias Sociales y del Comportamiento,NO STEM
2022,Universidad de Costa Rica,Evaluación de Programas y Proyectos de Desarrollo,35,Región Central,GAM,Maestría,Posgrado,CINE 7,Ciencias Económicas,Administración Pública,Administración de Empresas y Derecho,Educación Comercial y Administración,NO STEM
2022,Universidad de Costa Rica,Farmacia,661,Región Central,GAM,Licenciatura,Grado,CINE 6,Ciencias de la Salud,Farmacia,Salud y Bienestar,Salud,STEM
2022,Universidad de Costa Rica,Filología Clásica,210,Región Central,GAM,Licenciatura,Grado,CINE 6,Artes y Letras,Literatura y Lingüística (Español),Artes y Humanidades,Idiomas,NO STEM
2022,Universidad de Costa Rica,Filología Española,426,Región Central,GAM,Licenciatura,Grado,CINE 6,Artes y Letras,Literatura y Lingüística (Español),Artes y Humanidades,Idiomas,NO STEM
2022,Universidad de Costa Rica,Filosofía,232,Región Central,GAM,Licenciatura,Grado,CINE 6,Artes y Letras,Filosofía,Artes y Humanidades,Humanidades,NO STEM
2022,Universidad de Costa Rica,Finanzas y Riesgo,60,Región Central,GAM,Maestría,Posgrado,CINE 7,Ciencias Económicas,Economía,"Ciencias Sociales, Periodismo e Información",Ciencias Sociales y del Comportamiento,NO STEM
2022,Universidad de Costa Rica,Francés,244,Región Central,GAM,Bachillerato,Grado,CINE 6,Artes y Letras,Francés,Artes y Humanidades,Idiomas,NO STEM
2022,Universidad de Costa Rica,Física,413,Región Central,GAM,Bachillerato,Grado,CINE 6,Ciencias Básicas,Física,"Ciencias Naturales, Matemáticas y Estadística",Ciencias Físicas,STEM
2022,Universidad de Costa Rica,Física Médica,16,Región Central,GAM,Maestría,Posgrado,CINE 7,Ciencias de la Salud,Medicina,Salud y Bienestar,Salud,STEM
2022,Universidad de Costa Rica,Gastroenterología y Endoscopía Diagnóstica,15,Región Central,GAM,Especialidad Profesional,Posgrado,CINE 7,Ciencias de la Salud,Medicina,Salud y Bienestar,Salud,STEM
2022,Universidad de Costa Rica,Geografía,285,Región Central,GAM,Licenciatura,Grado,CINE 6,Recursos Naturales,Geografía,"Ciencias Naturales, Matemáticas y Estadística",Ciencias Físicas,STEM
2022,Universidad de Costa Rica,Geología,246,Región Central,GAM,Licenciatura,Grado,CINE 6,Ciencias Básicas,Geología,"Ciencias Naturales, Matemáticas y Estadística",Ciencias Físicas,STEM
2022,Universidad de Costa Rica,Gerencia Agroempresarial,55,Región Central,No GAM,Maestría,Posgrado,CINE 7,Recursos Naturales,Ingeniería Agropecuaria Administrativa,"Agricultura, Silvicultura, Pesca y Veterinaria",Agricultura,STEM
2022,Universidad de Costa Rica,Geriatría y Gerontología,61,Región Central,GAM,Especialidad Profesional,Posgrado,CINE 7,Ciencias de la Salud,Medicina,Salud y Bienestar,Salud,STEM
2022,Universidad de Costa Rica,Gerontología,30,Región Central,GAM,Maestría,Posgrado,CINE 7,Ciencias Sociales,Gerontología,Salud y Bienestar,Bienestar,NO STEM
2022,Universidad de Costa Rica,Gestión Cultural,101,Región Pacífico Central,No GAM,Bachillerato,Grado,CINE 6,Ciencias Sociales,Antropología,"Ciencias Sociales, Periodismo e Información",Ciencias Sociales y del Comportamiento,NO STEM
2022,Universidad de Costa Rica,Gestión Ecoturística,622,Región Central,No GAM,Licenciatura,Grado,CINE 6,Ciencias Sociales,Turismo,Servicios,Servicios Personales,NO STEM
2022,Universidad de Costa Rica,Gestión Habitacional Sostenible,3,Región Central,GAM,Maestría,Posgrado,CINE 7,Ingeniería,Arquitectura,"Ingeniería, Industria y Construcción",Arquitectura y Construcción,STEM
2022,Universidad de Costa Rica,Gestión Integrada Áreas Costeras,20,Región Central,GAM,Maestría,Posgrado,CINE 7,Recursos Naturales,Ecología,"Ciencias Naturales, Matemáticas y Estadística",Medio Ambiente,STEM
2022,Universidad de Costa Rica,Gestión Integral del Recurso Hídrico,124,Región Central,No GAM,Bachillerato,Grado,CINE 6,Recursos Naturales,Manejo de Recursos Hídricos,"Ciencias Naturales, Matemáticas y Estadística",Medio Ambiente,STEM
2022,Universidad de Costa Rica,Gestión Jurídica de la Educación,13,Región Central,GAM,Maestría,Posgrado,CINE 7,Educación,Educación Generalista,Educación,Educación,NO STEM
2022,Universidad de Costa Rica,Gestión de Recursos Naturales,95,Región Central,No GAM,Bachillerato,Grado,CINE 6,Recursos Naturales,Ecología,"Ciencias Naturales, Matemáticas y Estadística",Medio Ambiente,STEM
2022,Universidad de Costa Rica,Gestión de la Calidad Microbiología y Química Clínica,11,Región Central,GAM,Especialidad Profesional,Posgrado,CINE 7,Ciencias de la Salud,Microbiología,"Ciencias Naturales, Matemáticas y Estadística",Ciencias Biológicas y Afines,STEM
2022,Universidad de Costa Rica,Gestión del Riesgo en Desastres y Atención de Emergencias,8,Región Central,GAM,Maestría,Posgrado,CINE 7,Ciencias de la Salud,Salud Pública,Salud y Bienestar,Salud,STEM
2022,Universidad de Costa Rica,Ginecología Oncológica,5,Región Central,GAM,Especialidad Profesional,Posgrado,CINE 7,Ciencias de la Salud,Medicina,Salud y Bienestar,Salud,STEM
2022,Universidad de Costa Rica,Ginecología y Obstetricia,53,Región Central,GAM,Especialidad Profesional,Posgrado,CINE 7,Ciencias de la Salud,Medicina,Salud y Bienestar,Salud,STEM
2022,Universidad de Costa Rica,Gobierno y Políticas Públicas,12,Región Central,GAM,Doctorado,Posgrado,CINE 8,Ciencias Sociales,Ciencias Políticas,"Ciencias Sociales, Periodismo e Información",Ciencias Sociales y del Comportamiento,NO STEM
2022,Universidad de Costa Rica,Hematología,8,Región Central,GAM,Especialidad Profesional,Posgrado,CINE 7,Ciencias de la Salud,Microbiología,"Ciencias Naturales, Matemáticas y Estadística",Ciencias Biológicas y Afines,STEM
2022,Universidad de Costa Rica,Hematología Pediátrica,1,Región Central,GAM,Especialidad Profesional,Posgrado,CINE 7,Ciencias de la Salud,Microbiología,"Ciencias Naturales, Matemáticas y Estadística",Ciencias Biológicas y Afines,STEM
2022,Universidad de Costa Rica,Hidrología,1,Región Central,GAM,Maestría,Posgrado,CINE 7,Recursos Naturales,Manejo de Recursos Hídricos,"Ciencias Naturales, Matemáticas y Estadística",Medio Ambiente,STEM
2022,Universidad de Costa Rica,Histocitotecnología,12,Región Central,GAM,Licenciatura,Grado,CINE 6,Ciencias de la Salud,Biomédica,Salud y Bienestar,Salud,STEM
2022,Universidad de Costa Rica,Historia,358,Región Central,GAM,Licenciatura,Grado,CINE 6,Ciencias Sociales,Historia,Artes y Humanidades,Humanidades,NO STEM
2022,Universidad de Costa Rica,Historia del Arte,87,Región Central,GAM,Licenciatura,Grado,CINE 6,Artes y Letras,Historia del Arte,Artes y Humanidades,Artes,NO STEM
2022,Universidad de Costa Rica,Imagenología Diagnóstica y Terapéutica,138,Región Central,GAM,Licenciatura,Grado,CINE 6,Ciencias de la Salud,Imagenología,Salud y Bienestar,Salud,STEM
2022,Universidad de Costa Rica,Infectología,9,Región Central,GAM,Especialidad Profesional,Posgrado,CINE 7,Ciencias de la Salud,Medicina,Salud y Bienestar,Salud,STEM
2022,Universidad de Costa Rica,Informática Empresarial,1853,Región Central,No GAM,Bachillerato,Grado,CINE 6,Computación,Tecnologías de Información,Tecnologías de la Información y Comunicación,Tecnologías de la Información y la Comunicación (TIC),STEM
2022,Universidad de Costa Rica,Informática y Tecnología Multimedia,251,Región Pacífico Central,No GAM,Licenciatura,Grado,CINE 6,Artes y Letras,Diseño Gráfico,Artes y Humanidades,Artes,NO STEM
2022,Universidad de Costa Rica,Ingeniería,4,Región Central,GAM,Doctorado,Posgrado,CINE 8,Ingeniería,Ingeniería,"Ingeniería, Industria y Construcción",Ingeniería y Profesiones Afines,STEM
2022,Universidad de Costa Rica,Ingeniería Agronómica énfasis Zootecnia,388,Región Central,GAM,Licenciatura,Grado,CINE 6,Recursos Naturales,Zootecnia,"Agricultura, Silvicultura, Pesca y Veterinaria",Agricultura,STEM
2022,Universidad de Costa Rica,Ingeniería Agrícola y de Biosistemas,578,Región Central,GAM,Licenciatura,Grado,CINE 6,Ingeniería,Ingeniería Agrícola,"Agricultura, Silvicultura, Pesca y Veterinaria",Agricultura,STEM
2022,Universidad de Costa Rica,Ingeniería Civil,1031,Región Central,GAM,Licenciatura,Grado,CINE 6,Ingeniería,Ingeniería Civil,"Ingeniería, Industria y Construcción",Arquitectura y Construcción,STEM
2022,Universidad de Costa Rica,Ingeniería Desarrollo Sostenible,186,Región Central,No GAM,Licenciatura,Grado,CINE 6,Ingeniería,Ingeniería Ambiental,"Ingeniería, Industria y Construcción",Ingeniería y Profesiones Afines,STEM
2022,Universidad de Costa Rica,Ingeniería Electromecánica Industrial,138,Región Pacífico Central,No GAM,Licenciatura,Grado,CINE 6,Ingeniería,Ingeniería Mecánica,"Ingeniería, Industria y Construcción",Ingeniería y Profesiones Afines,STEM
2022,Universidad de Costa Rica,Ingeniería Electríca sistemas de Comunicación,30,Región Central,GAM,Licenciatura,Grado,CINE 6,Ingeniería,Ingeniería Eléctrica,"Ingeniería, Industria y Construcción",Ingeniería y Profesiones Afines,STEM
2022,Universidad de Costa Rica,Ingeniería Eléctrica,18,Región Central,GAM,Maestría,Posgrado,CINE 7,Ingeniería,Ingeniería Eléctrica,"Ingeniería, Industria y Construcción",Ingeniería y Profesiones Afines,STEM
2022,Universidad de Costa Rica,Ingeniería Eléctrica Computadoras y Redes,251,Región Central,GAM,Licenciatura,Grado,CINE 6,Ingeniería,Ingeniería Eléctrica,"Ingeniería, Industria y Construcción",Ingeniería y Profesiones Afines,STEM
2022,Universidad de Costa Rica,Ingeniería Eléctrica Profundización en Electrónica y Telecomunicación,762,Región Central,GAM,Licenciatura,Grado,CINE 6,Ingeniería,Ingeniería Eléctrica,"Ingeniería, Industria y Construcción",Ingeniería y Profesiones Afines,STEM
2022,Universidad de Costa Rica,Ingeniería Eléctrica Profundización en Sistemas de Energía,294,Región Central,GAM,Licenciatura,Grado,CINE 6,Ingeniería,Ingeniería Eléctrica,"Ingeniería, Industria y Construcción",Ingeniería y Profesiones Afines,STEM
2022,Universidad de Costa Rica,Ingeniería Eléctrica con énfasis en Profundización en Control Electrónico Digital,42,Región Central,GAM,Licenciatura,Grado,CINE 6,Ingeniería,Ingeniería Eléctrica,"Ingeniería, Industria y Construcción",Ingeniería y Profesiones Afines,STEM
2022,Universidad de Costa Rica,Ingeniería Eléctrica énfasis Sistemas de Potencia,47,Región Central,GAM,Licenciatura,Grado,CINE 6,Ingeniería,Ingeniería Eléctrica,"Ingeniería, Industria y Construcción",Ingeniería y Profesiones Afines,STEM
2022,Universidad de Costa Rica,Ingeniería Geotécnica,6,Región Central,GAM,Maestría,Posgrado,CINE 7,Ingeniería,Ingeniería Civil,"Ingeniería, Industria y Construcción",Arquitectura y Construcción,STEM
2022,Universidad de Costa Rica,Ingeniería Hidráulica,13,Región Central,GAM,Maestría,Posgrado,CINE 7,Recursos Naturales,Manejo de Recursos Hídricos,"Ciencias Naturales, Matemáticas y Estadística",Medio Ambiente,STEM
2022,Universidad de Costa Rica,Ingeniería Industrial,1130,Región Central,GAM,Licenciatura,Grado,CINE 6,Ingeniería,Ingeniería Industrial,"Ingeniería, Industria y Construcción",Industria y Producción,STEM
2022,Universidad de Costa Rica,Ingeniería Industrial con énfasis en Gestión Ambiental,1,Región Central,GAM,Maestría,Posgrado,CINE 7,Ingeniería,Ingeniería Industrial,"Ingeniería, Industria y Construcción",Industria y Producción,STEM
2022,Universidad de Costa Rica,Ingeniería Industrial énfasis Administración Industrial,23,Región Central,GAM,Maestría,Posgrado,CINE 7,Ingeniería,Ingeniería Industrial,"Ingeniería, Industria y Construcción",Industria y Producción,STEM
2022,Universidad de Costa Rica,Ingeniería Industrial énfasis Manufactura y Calidad,30,Región Central,GAM,Maestría,Posgrado,CINE 7,Ingeniería,Ingeniería Industrial,"Ingeniería, Industria y Construcción",Industria y Producción,STEM
2022,Universidad de Costa Rica,Ingeniería Mecánica,649,Región Central,GAM,Licenciatura,Grado,CINE 6,Ingeniería,Ingeniería Mecánica,"Ingeniería, Industria y Construcción",Ingeniería y Profesiones Afines,STEM
2022,Universidad de Costa Rica,Ingeniería Mecánica énfasis Protección contra Incendios,199,Región Central,GAM,Licenciatura,Grado,CINE 6,Ingeniería,Ingeniería Mecánica,"Ingeniería, Industria y Construcción",Ingeniería y Profesiones Afines,STEM
2022,Universidad de Costa Rica,Ingeniería Mecánica énfasis Sistemas Térmicos y Energéticos,2,Región Central,GAM,Maestría,Posgrado,CINE 7,Ingeniería,Ingeniería Mecánica,"Ingeniería, Industria y Construcción",Ingeniería y Profesiones Afines,STEM
2022,Universidad de Costa Rica,Ingeniería Química,963,Región Central,GAM,Licenciatura,Grado,CINE 6,Ingeniería,Ingeniería Química,"Ingeniería, Industria y Construcción",Ingeniería y Profesiones Afines,STEM
2022,Universidad de Costa Rica,Ingeniería Química énfasis Ingeniería Ambiental,5,Región Central,GAM,Maestría,Posgrado,CINE 7,Ingeniería,Ingeniería Química,"Ingeniería, Industria y Construcción",Ingeniería y Profesiones Afines,STEM
2022,Universidad de Costa Rica,Ingeniería Química énfasis Ingeniería Procesos Industriales,5,Región Central,GAM,Maestría,Posgrado,CINE 7,Ingeniería,Ingeniería Química,"Ingeniería, Industria y Construcción",Ingeniería y Profesiones Afines,STEM
2022,Universidad de Costa Rica,Ingeniería Topográfica,427,Región Central,GAM,Licenciatura,Grado,CINE 6,Ingeniería,Ingeniería Topográfica,"Ingeniería, Industria y Construcción",Arquitectura y Construcción,STEM
2022,Universidad de Costa Rica,Ingeniería de Alimentos,414,Región Central,GAM,Licenciatura,Grado,CINE 6,Ingeniería,Ingeniería de Alimentos,"Ingeniería, Industria y Construcción",Industria y Producción,STEM
2022,Universidad de Costa Rica,Ingeniería de Transporte y Vías,3,Región Central,GAM,Maestría,Posgrado,CINE 7,Ingeniería,Ingeniería Civil,"Ingeniería, Industria y Construcción",Arquitectura y Construcción,STEM
2022,Universidad de Costa Rica,Ingeniería en Biosistemas,7,Región Central,GAM,Maestría,Posgrado,CINE 7,Ingeniería,Ingeniería Agrícola,"Agricultura, Silvicultura, Pesca y Veterinaria",Agricultura,STEM
2022,Universidad de Costa Rica,Inglés,1054,Región Central,GAM,Bachillerato,Grado,CINE 6,Artes y Letras,Inglés,Artes y Humanidades,Idiomas,NO STEM
2022,Universidad de Costa Rica,Inglés Formación Gestión Empresarial,195,Región Pacífico Central,No GAM,Licenciatura,Grado,CINE 6,Artes y Letras,Inglés,Artes y Humanidades,Idiomas,NO STEM
2022,Universidad de Costa Rica,Inglés a Distancia,2,Región Central,GAM,Bachillerato,Grado,CINE 6,Artes y Letras,Inglés,Artes y Humanidades,Idiomas,NO STEM
2022,Universidad de Costa Rica,Inmunología,5,Región Central,GAM,Maestría,Posgrado,CINE 7,Ciencias de la Salud,Microbiología,"Ciencias Naturales, Matemáticas y Estadística",Ciencias Biológicas y Afines,STEM
2022,Universidad de Costa Rica,Inmunología Clínica,12,Región Central,GAM,Especialidad Profesional,Posgrado,CINE 7,Ciencias de la Salud,Microbiología,"Ciencias Naturales, Matemáticas y Estadística",Ciencias Biológicas y Afines,STEM
2022,Universidad de Costa Rica,Investigación Psicológica,4,Región Central,GAM,Maestría,Posgrado,CINE 7,Ciencias Sociales,Psicología,"Ciencias Sociales, Periodismo e Información",Ciencias Sociales y del Comportamiento,NO STEM
2022,Universidad de Costa Rica,Justicia constitucional,9,Región Central,GAM,Maestría,Posgrado,CINE 7,Derecho,Derecho Constitucional,Administración de Empresas y Derecho,Derecho,NO STEM
2022,Universidad de Costa Rica,Laboratorista Químico,165,Región Central,No GAM,Licenciatura,Grado,CINE 6,Ciencias Básicas,Laboratorista Químico,"Ciencias Naturales, Matemáticas y Estadística",Ciencias Físicas,STEM
2022,Universidad de Costa Rica,Lingüística,39,Región Central,GAM,Maestría,Posgrado,CINE 7,Artes y Letras,Literatura y Lingüística (Español),Artes y Humanidades,Idiomas,NO STEM
2022,Universidad de Costa Rica,Literatura Clásica,12,Región Central,GAM,Maestría,Posgrado,CINE 7,Artes y Letras,Literatura y Lingüística (Español),Artes y Humanidades,Idiomas,NO STEM
2022,Universidad de Costa Rica,Literatura Francesa,11,Región Central,GAM,Maestría,Posgrado,CINE 7,Artes y Letras,Francés,Artes y Humanidades,Idiomas,NO STEM
2022,Universidad de Costa Rica,Literatura Inglesa,23,Región Central,GAM,Maestría,Posgrado,CINE 7,Artes y Letras,Inglés,Artes y Humanidades,Idiomas,NO STEM
2022,Universidad de Costa Rica,Literatura Latinoamericana,29,Región Central,GAM,Maestría,Posgrado,CINE 7,Artes y Letras,Literatura y Lingüística (Español),Artes y Humanidades,Idiomas,NO STEM
2022,Universidad de Costa Rica,Marina Civil énfasis Ingeniería Náutica y Transporte Marítimo,15,Región Huetar Caribe,No GAM,Licenciatura,Grado,CINE 6,Ingeniería,Ingeniería Naútica,"Ingeniería, Industria y Construcción",Ingeniería y Profesiones Afines,STEM
2022,Universidad de Costa Rica,Marina Civil énfasis Ingeniería Náutica y Transporte Marítimo e Ingeniería Marina,1,Región Huetar Caribe,No GAM,Licenciatura,Grado,CINE 6,Ingeniería,Ingeniería Naútica,"Ingeniería, Industria y Construcción",Ingeniería y Profesiones Afines,STEM
2022,Universidad de Costa Rica,Matemática énfasis Matemática Aplicada,3,Región Central,GAM,Maestría,Posgrado,CINE 7,Ciencias Básicas,Matemática,"Ciencias Naturales, Matemáticas y Estadística",Matemáticas y Estadística,STEM
2022,Universidad de Costa Rica,Matemática énfasis Matemática Pura,6,Región Central,GAM,Maestría,Posgrado,CINE 7,Ciencias Básicas,Matemática,"Ciencias Naturales, Matemáticas y Estadística",Matemáticas y Estadística,STEM
2022,Universidad de Costa Rica,Matemáticas,118,Región Central,GAM,Licenciatura,Grado,CINE 6,Ciencias Básicas,Matemática,"Ciencias Naturales, Matemáticas y Estadística",Matemáticas y Estadística,STEM
2022,Universidad de Costa Rica,Medicina Crítica y Terapia Intensiva,4,Región Central,GAM,Especialidad Profesional,Posgrado,CINE 7,Ciencias de la Salud,Medicina,Salud y Bienestar,Salud,STEM
2022,Universidad de Costa Rica,Medicina Familiar y Comunitaria,30,Región Central,GAM,Especialidad Profesional,Posgrado,CINE 7,Ciencias de la Salud,Medicina,Salud y Bienestar,Salud,STEM
2022,Universidad de Costa Rica,Medicina Física y Rehabilitación,23,Región Central,GAM,Especialidad Profesional,Posgrado,CINE 7,Ciencias de la Salud,Medicina,Salud y Bienestar,Salud,STEM
2022,Universidad de Costa Rica,Medicina Interna,66,Región Central,GAM,Especialidad Profesional,Posgrado,CINE 7,Ciencias de la Salud,Medicina,Salud y Bienestar,Salud,STEM
2022,Universidad de Costa Rica,Medicina Legal,6,Región Central,GAM,Especialidad Profesional,Posgrado,CINE 7,Ciencias de la Salud,Medicina,Salud y Bienestar,Salud,STEM
2022,Universidad de Costa Rica,Medicina Materno Fetal,7,Región Central,GAM,Especialidad Profesional,Posgrado,CINE 7,Ciencias de la Salud,Medicina,Salud y Bienestar,Salud,STEM
2022,Universidad de Costa Rica,Medicina Paliativa,11,Región Central,GAM,Especialidad Profesional,Posgrado,CINE 7,Ciencias de la Salud,Medicina,Salud y Bienestar,Salud,STEM
2022,Universidad de Costa Rica,Medicina de Emergencias,19,Región Central,GAM,Especialidad Profesional,Posgrado,CINE 7,Ciencias de la Salud,Medicina,Salud y Bienestar,Salud,STEM
2022,Universidad de Costa Rica,Medicina y Cirugía,850,Región Central,GAM,Licenciatura,Grado,CINE 6,Ciencias de la Salud,Medicina,Salud y Bienestar,Salud,STEM
2022,Universidad de Costa Rica,Meteorología,104,Región Central,GAM,Licenciatura,Grado,CINE 6,Ciencias Básicas,Meteorología,"Ciencias Naturales, Matemáticas y Estadística",Ciencias Físicas,STEM
2022,Universidad de Costa Rica,Micología Médica,11,Región Central,GAM,Especialidad Profesional,Posgrado,CINE 7,Ciencias de la Salud,Microbiología,Salud y Bienestar,Salud,STEM
2022,Universidad de Costa Rica,Microbiología,16,Región Central,GAM,Maestría,Posgrado,CINE 7,Ciencias de la Salud,Microbiología,"Ciencias Naturales, Matemáticas y Estadística",Ciencias Biológicas y Afines,STEM
2022,Universidad de Costa Rica,Microbiología y Química Clínica,389,Región Central,GAM,Licenciatura,Grado,CINE 6,Ciencias de la Salud,Microbiología,"Ciencias Naturales, Matemáticas y Estadística",Ciencias Biológicas y Afines,STEM
2022,Universidad de Costa Rica,Microbiología énfasis Bacteriología,9,Región Central,GAM,Maestría,Posgrado,CINE 7,Ciencias de la Salud,Microbiología,"Ciencias Naturales, Matemáticas y Estadística",Ciencias Biológicas y Afines,STEM
2022,Universidad de Costa Rica,Microbiología énfasis Virología,2,Región Central,GAM,Maestría,Posgrado,CINE 7,Ciencias de la Salud,Microbiología,"Ciencias Naturales, Matemáticas y Estadística",Ciencias Biológicas y Afines,STEM
2022,Universidad de Costa Rica,Métodos Matemáticos y Aplicación,20,Región Central,GAM,Maestría,Posgrado,CINE 7,Ciencias Básicas,Matemática,"Ciencias Naturales, Matemáticas y Estadística",Matemáticas y Estadística,STEM
2022,Universidad de Costa Rica,Música énfasis Canto,16,Región Central,GAM,Licenciatura,Grado,CINE 6,Artes y Letras,Artes Musicales,Artes y Humanidades,Artes,NO STEM
2022,Universidad de Costa Rica,Música énfasis Clarinete,7,Región Central,GAM,Licenciatura,Grado,CINE 6,Artes y Letras,Artes Musicales,Artes y Humanidades,Artes,NO STEM
2022,Universidad de Costa Rica,Música énfasis Composición,29,Región Central,GAM,Licenciatura,Grado,CINE 6,Artes y Letras,Artes Musicales,Artes y Humanidades,Artes,NO STEM
2022,Universidad de Costa Rica,Música énfasis Contrabajo,8,Región Central,GAM,Licenciatura,Grado,CINE 6,Artes y Letras,Artes Musicales,Artes y Humanidades,Artes,NO STEM
2022,Universidad de Costa Rica,Música énfasis Corno Francés,5,Región Central,GAM,Licenciatura,Grado,CINE 6,Artes y Letras,Artes Musicales,Artes y Humanidades,Artes,NO STEM
2022,Universidad de Costa Rica,Música énfasis Dirección,12,Región Central,GAM,Bachillerato,Grado,CINE 6,Artes y Letras,Artes Musicales,Artes y Humanidades,Artes,NO STEM
2022,Universidad de Costa Rica,Música énfasis Dirección Orquestal,3,Región Central,GAM,Licenciatura,Grado,CINE 6,Artes y Letras,Artes Musicales,Artes y Humanidades,Artes,NO STEM
2022,Universidad de Costa Rica,Música énfasis Ejecución y Enseñanza de Guitarra,2,Región Central,GAM,Licenciatura,Grado,CINE 6,Educación,Enseñanza de Música,Educación,Educación,NO STEM
2022,Universidad de Costa Rica,Música énfasis Ejecución y Enseñanza del Instrumento Flauta Traversa,1,Región Central,GAM,Licenciatura,Grado,CINE 6,Educación,Enseñanza de Música,Educación,Educación,NO STEM
2022,Universidad de Costa Rica,Música énfasis Enseñanza de Fagot,1,Región Central,GAM,Licenciatura,Grado,CINE 6,Educación,Enseñanza de Música,Educación,Educación,NO STEM
2022,Universidad de Costa Rica,Música énfasis Enseñanza de Saxofón,3,Región Central,GAM,Licenciatura,Grado,CINE 6,Educación,Enseñanza de Música,Educación,Educación,NO STEM
2022,Universidad de Costa Rica,Música énfasis Eufonio,3,Región Central,GAM,Licenciatura,Grado,CINE 6,Artes y Letras,Artes Musicales,Artes y Humanidades,Artes,NO STEM
2022,Universidad de Costa Rica,Música énfasis Fagot,8,Región Central,GAM,Licenciatura,Grado,CINE 6,Artes y Letras,Artes Musicales,Artes y Humanidades,Artes,NO STEM
2022,Universidad de Costa Rica,Música énfasis Flauta,12,Región Central,GAM,Licenciatura,Grado,CINE 6,Artes y Letras,Artes Musicales,Artes y Humanidades,Artes,NO STEM
2022,Universidad de Costa Rica,Música énfasis Guitarra,29,Región Central,GAM,Licenciatura,Grado,CINE 6,Artes y Letras,Artes Musicales,Artes y Humanidades,Artes,NO STEM
2022,Universidad de Costa Rica,Música énfasis Instrumentos de Viento o Percusión,1,Región Central,GAM,Licenciatura,Grado,CINE 6,Artes y Letras,Artes Musicales,Artes y Humanidades,Artes,NO STEM
2022,Universidad de Costa Rica,Música énfasis Oboe,4,Región Central,GAM,Licenciatura,Grado,CINE 6,Artes y Letras,Artes Musicales,Artes y Humanidades,Artes,NO STEM
2022,Universidad de Costa Rica,Música énfasis Percusión,11,Región Central,GAM,Licenciatura,Grado,CINE 6,Artes y Letras,Artes Musicales,Artes y Humanidades,Artes,NO STEM
2022,Universidad de Costa Rica,Música énfasis Piano,23,Región Central,GAM,Licenciatura,Grado,CINE 6,Artes y Letras,Artes Musicales,Artes y Humanidades,Artes,NO STEM
2022,Universidad de Costa Rica,Música énfasis Saxofón,15,Región Central,GAM,Licenciatura,Grado,CINE 6,Artes y Letras,Artes Musicales,Artes y Humanidades,Artes,NO STEM
2022,Universidad de Costa Rica,Música énfasis Trombón,8,Región Central,GAM,Licenciatura,Grado,CINE 6,Artes y Letras,Artes Musicales,Artes y Humanidades,Artes,NO STEM
2022,Universidad de Costa Rica,Música énfasis Trompeta,11,Región Central,GAM,Licenciatura,Grado,CINE 6,Artes y Letras,Artes Musicales,Artes y Humanidades,Artes,NO STEM
2022,Universidad de Costa Rica,Música énfasis Tuba,4,Región Central,GAM,Licenciatura,Grado,CINE 6,Artes y Letras,Artes Musicales,Artes y Humanidades,Artes,NO STEM
2022,Universidad de Costa Rica,Música énfasis Viola,3,Región Central,GAM,Licenciatura,Grado,CINE 6,Artes y Letras,Artes Musicales,Artes y Humanidades,Artes,NO STEM
2022,Universidad de Costa Rica,Música énfasis Violonchelo,5,Región Central,GAM,Licenciatura,Grado,CINE 6,Artes y Letras,Artes Musicales,Artes y Humanidades,Artes,NO STEM
2022,Universidad de Costa Rica,Música énfasis Violín,19,Región Central,GAM,Licenciatura,Grado,CINE 6,Artes y Letras,Artes Musicales,Artes y Humanidades,Artes,NO STEM
2022,Universidad de Costa Rica,Nefrología,6,Región Central,GAM,Especialidad Profesional,Posgrado,CINE 7,Ciencias de la Salud,Medicina,Salud y Bienestar,Salud,STEM
2022,Universidad de Costa Rica,Neonatología,8,Región Central,GAM,Especialidad Profesional,Posgrado,CINE 7,Ciencias de la Salud,Medicina,Salud y Bienestar,Salud,STEM
2022,Universidad de Costa Rica,Neumología,3,Región Central,GAM,Especialidad Profesional,Posgrado,CINE 7,Ciencias de la Salud,Medicina,Salud y Bienestar,Salud,STEM
2022,Universidad de Costa Rica,Neurocirugía,14,Región Central,GAM,Especialidad Profesional,Posgrado,CINE 7,Ciencias de la Salud,Medicina,Salud y Bienestar,Salud,STEM
2022,Universidad de Costa Rica,Neurología,8,Región Central,GAM,Especialidad Profesional,Posgrado,CINE 7,Ciencias de la Salud,Medicina,Salud y Bienestar,Salud,STEM
2022,Universidad de Costa Rica,Nutrición,316,Región Central,GAM,Licenciatura,Grado,CINE 6,Ciencias de la Salud,Nutrición,Salud y Bienestar,Salud,STEM
2022,Universidad de Costa Rica,Nutrición Clínica de las Enfermedades Crónicas no Transmisibles,21,Región Central,GAM,Maestría,Posgrado,CINE 7,Ciencias de la Salud,Nutrición,Salud y Bienestar,Salud,STEM
2022,Universidad de Costa Rica,Odontología,595,Región Central,GAM,Licenciatura,Grado,CINE 6,Ciencias de la Salud,Odontología,Salud y Bienestar,Salud,STEM
2022,Universidad de Costa Rica,Odontología énfasis Prostodoncia,6,Región Central,GAM,Maestría,Posgrado,CINE 7,Ciencias de la Salud,Odontología,Salud y Bienestar,Salud,STEM
2022,Universidad de Costa Rica,Odontopediatría,8,Región Central,GAM,Maestría,Posgrado,CINE 7,Ciencias de la Salud,Odontología,Salud y Bienestar,Salud,STEM
2022,Universidad de Costa Rica,Oftalmología,9,Región Central,GAM,Especialidad Profesional,Posgrado,CINE 7,Ciencias de la Salud,Medicina,Salud y Bienestar,Salud,STEM
2022,Universidad de Costa Rica,Oncología Médica,9,Región Central,GAM,Especialidad Profesional,Posgrado,CINE 7,Ciencias de la Salud,Medicina,Salud y Bienestar,Salud,STEM
2022,Universidad de Costa Rica,Oncología Quirúrgica,2,Región Central,GAM,Especialidad Profesional,Posgrado,CINE 7,Ciencias de la Salud,Medicina,Salud y Bienestar,Salud,STEM
2022,Universidad de Costa Rica,Oncología Radioterápica,4,Región Central,GAM,Especialidad Profesional,Posgrado,CINE 7,Ciencias de la Salud,Medicina,Salud y Bienestar,Salud,STEM
2022,Universidad de Costa Rica,Ortopedia y Traumatología,36,Región Central,GAM,Especialidad Profesional,Posgrado,CINE 7,Ciencias de la Salud,Medicina,Salud y Bienestar,Salud,STEM
2022,Universidad de Costa Rica,Ortoprotesis y Ortopedia,26,Región Central,GAM,Licenciatura,Grado,CINE 6,Ciencias de la Salud,Medicina,Salud y Bienestar,Salud,STEM
2022,Universidad de Costa Rica,Otorrinolaringología y Cirugía de Cabeza y Cuello,12,Región Central,GAM,Especialidad Profesional,Posgrado,CINE 7,Ciencias de la Salud,Medicina,Salud y Bienestar,Salud,STEM
2022,Universidad de Costa Rica,Paisajismo y Diseño de Sitio,7,Región Central,GAM,Maestría,Posgrado,CINE 7,Ingeniería,Arquitectura,"Ingeniería, Industria y Construcción",Arquitectura y Construcción,STEM
2022,Universidad de Costa Rica,Pediatría,39,Región Central,GAM,Especialidad Profesional,Posgrado,CINE 7,Ciencias de la Salud,Medicina,Salud y Bienestar,Salud,STEM
2022,Universidad de Costa Rica,Planificación Curricular,11,Región Central,GAM,Maestría,Posgrado,CINE 7,Educación,Currículo,Educación,Educación,NO STEM
2022,Universidad de Costa Rica,Promoción de la Salud,142,Región Central,GAM,Licenciatura,Grado,CINE 6,Ciencias de la Salud,Salud Pública,Salud y Bienestar,Salud,STEM
2022,Universidad de Costa Rica,Psicología,822,Región Central,GAM,Licenciatura,Grado,CINE 6,Ciencias Sociales,Psicología,"Ciencias Sociales, Periodismo e Información",Ciencias Sociales y del Comportamiento,NO STEM
2022,Universidad de Costa Rica,Psicología Clínica,2,Región Central,GAM,Especialidad Profesional,Posgrado,CINE 7,Ciencias Sociales,Psicología,"Ciencias Sociales, Periodismo e Información",Ciencias Sociales y del Comportamiento,NO STEM
2022,Universidad de Costa Rica,Psicología Clínica y de la Salud,20,Región Central,GAM,Maestría,Posgrado,CINE 7,Ciencias Sociales,Psicología,"Ciencias Sociales, Periodismo e Información",Ciencias Sociales y del Comportamiento,NO STEM
2022,Universidad de Costa Rica,Psicología Comunitaria,1,Región Central,GAM,Maestría,Posgrado,CINE 7,Ciencias Sociales,Psicología,"Ciencias Sociales, Periodismo e Información",Ciencias Sociales y del Comportamiento,NO STEM
2022,Universidad de Costa Rica,Psicología del Trabajo y de las Organizaciones,10,Región Central,GAM,Maestría,Posgrado,CINE 7,Ciencias Sociales,Psicología,"Ciencias Sociales, Periodismo e Información",Ciencias Sociales y del Comportamiento,NO STEM
2022,Universidad de Costa Rica,Psiquiatría,36,Región Central,GAM,Especialidad Profesional,Posgrado,CINE 7,Ciencias de la Salud,Medicina,Salud y Bienestar,Salud,STEM
2022,Universidad de Costa Rica,Psiquiatría Infantil,1,Región Central,GAM,Especialidad Profesional,Posgrado,CINE 7,Ciencias de la Salud,Medicina,Salud y Bienestar,Salud,STEM
2022,Universidad de Costa Rica,Química,532,Región Central,GAM,Licenciatura,Grado,CINE 6,Ciencias Básicas,Química,"Ciencias Naturales, Matemáticas y Estadística",Ciencias Físicas,STEM
2022,Universidad de Costa Rica,Radiología e Imágenes Médicas,35,Región Central,GAM,Especialidad Profesional,Posgrado,CINE 7,Ciencias de la Salud,Medicina,Salud y Bienestar,Salud,STEM
2022,Universidad de Costa Rica,Recreación,6,Región Central,GAM,Maestría,Posgrado,CINE 7,Ciencias Sociales,Turismo,Servicios,Servicios Personales,NO STEM
2022,Universidad de Costa Rica,Reumatología,4,Región Central,GAM,Especialidad Profesional,Posgrado,CINE 7,Ciencias de la Salud,Medicina,Salud y Bienestar,Salud,STEM
2022,Universidad de Costa Rica,Salud Ambiental,325,Región Central,GAM,Licenciatura,Grado,CINE 6,Ciencias de la Salud,Salud Pública,Salud y Bienestar,Salud,STEM
2022,Universidad de Costa Rica,Salud Pública énfasis Gerencia de la Salud,25,Región Central,GAM,Maestría,Posgrado,CINE 7,Ciencias de la Salud,Salud Pública,Salud y Bienestar,Salud,STEM
2022,Universidad de Costa Rica,Sistemas de Información Geográfica y Teledetección,3,Región Central,GAM,Maestría,Posgrado,CINE 7,Recursos Naturales,Geografía,"Ciencias Naturales, Matemáticas y Estadística",Ciencias Físicas,STEM
2022,Universidad de Costa Rica,Sociología,413,Región Central,GAM,Licenciatura,Grado,CINE 6,Ciencias Sociales,Sociología,"Ciencias Sociales, Periodismo e Información",Ciencias Sociales y del Comportamiento,NO STEM
2022,Universidad de Costa Rica,Tecnologías de Información y Comunicación para la Gestión Organizacional,26,Región Central,GAM,Maestría,Posgrado,CINE 7,Computación,Tecnologías de Información,Tecnologías de la Información y Comunicación,Tecnologías de la Información y la Comunicación (TIC),NO STEM
2022,Universidad de Costa Rica,Teoría Psicoanalítica,9,Región Central,GAM,Maestría,Posgrado,CINE 7,Ciencias Sociales,Psicología,"Ciencias Sociales, Periodismo e Información",Ciencias Sociales y del Comportamiento,NO STEM
2022,Universidad de Costa Rica,Terapia Física,257,Región Central,GAM,Licenciatura,Grado,CINE 6,Ciencias de la Salud,Terapia Física,Salud y Bienestar,Salud,STEM
2022,Universidad de Costa Rica,Trabajo Social,814,Región Central,GAM,Licenciatura,Grado,CINE 6,Ciencias Sociales,Trabajo Social,Salud y Bienestar,Bienestar,NO STEM
2022,Universidad de Costa Rica,Trabajo Social énfasis Gerencia Social,2,Región Central,GAM,Maestría,Posgrado,CINE 7,Ciencias Sociales,Trabajo Social,Salud y Bienestar,Bienestar,NO STEM
2022,Universidad de Costa Rica,Trabajo Social énfasis Intervención Terapéutica,7,Región Central,GAM,Maestría,Posgrado,CINE 7,Ciencias Sociales,Trabajo Social,Salud y Bienestar,Bienestar,NO STEM
2022,Universidad de Costa Rica,Urología,18,Región Central,GAM,Especialidad Profesional,Posgrado,CINE 7,Ciencias de la Salud,Medicina,Salud y Bienestar,Salud,STEM
2022,Universidad de Costa Rica,Vascular Periférico,7,Región Central,GAM,Especialidad Profesional,Posgrado,CINE 7,Ciencias de la Salud,Medicina,Salud y Bienestar,Salud,STEM
2023,Tecnológico de Costa Rica,Administración de Empresas,1582,Región Central,GAM,Bachillerato,Grado,CINE 6,Ciencias Económicas,Administración,Administración de Empresas y Derecho,Educación Comercial y Administración,NO STEM
2023,Tecnológico de Costa Rica,Administración de Empresas énfasis Administración Financiera,106,Región Central,GAM,Licenciatura,Grado,CINE 6,Ciencias Económicas,Finanzas,Administración de Empresas y Derecho,Educación Comercial y Administración,NO STEM
2023,Tecnológico de Costa Rica,Administración de Empresas énfasis Contaduría Pública,46,Región Central,GAM,Licenciatura,Grado,CINE 6,Ciencias Económicas,Contaduría,Administración de Empresas y Derecho,Educación Comercial y Administración,NO STEM
2023,Tecnológico de Costa Rica,Administración de Empresas énfasis Finanzas,47,Región Central,GAM,Maestría,Posgrado,CINE 7,Ciencias Económicas,Finanzas,Administración de Empresas y Derecho,Educación Comercial y Administración,NO STEM
2023,Tecnológico de Costa Rica,Administración de Empresas énfasis Mercadeo,84,Región Central,GAM,Licenciatura,Grado,CINE 6,Ciencias Económicas,Mercadeo,Administración de Empresas y Derecho,Educación Comercial y Administración,NO STEM
2023,Tecnológico de Costa Rica,Administración de Empresas énfasis Recursos Humanos,59,Región Huetar Norte,No GAM,Licenciatura,Grado,CINE 6,Ciencias Económicas,Administración de Recursos Humanos,Administración de Empresas y Derecho,Educación Comercial y Administración,NO STEM
2023,Tecnológico de Costa Rica,Administración de Ingeniería Electromecánica énfasis Administración de Energía,20,Región Central,GAM,Maestría,Posgrado,CINE 7,Ingeniería,Ingeniería Mecánica,"Ingeniería, Industria y Construcción",Ingeniería y Profesiones Afines,STEM
2023,Tecnológico de Costa Rica,Administración de Ingeniería Electromecánica énfasis Gerencia de Mantenimiento,9,Región Central,GAM,Maestría,Posgrado,CINE 7,Ingeniería,Ingeniería Mecánica,"Ingeniería, Industria y Construcción",Ingeniería y Profesiones Afines,STEM
2023,Tecnológico de Costa Rica,Administración de Tecnologías de Información,403,Región Central,GAM,Licenciatura,Grado,CINE 6,Computación,Tecnologías de Información,Tecnologías de la Información y Comunicación,Tecnologías de la Información y la Comunicación (TIC),STEM
2023,Tecnológico de Costa Rica,Arquitectura y Urbanismo,251,Región Central,GAM,Licenciatura,Grado,CINE 6,Ingeniería,Arquitectura,"Ingeniería, Industria y Construcción",Arquitectura y Construcción,STEM
2023,Tecnológico de Costa Rica,Cadena de Abastecimiento,46,Región Central,GAM,Maestría,Posgrado,CINE 7,Ingeniería,Ingeniería Industrial,"Ingeniería, Industria y Construcción",Industria y Producción,STEM
2023,Tecnológico de Costa Rica,Ciberseguridad,6,Región Central,GAM,Maestría,Posgrado,CINE 7,Computación,Ingeniería en Computadores,Tecnologías de la Información y Comunicación,Tecnologías de la Información y la Comunicación (TIC),STEM
2023,Tecnológico de Costa Rica,Ciberseguridad con énfasis en Defensa y Ataque de Sistema,5,Región Central,GAM,Maestría,Posgrado,CINE 7,Computación,Ingeniería en Computadores,Tecnologías de la Información y Comunicación,Tecnologías de la Información y la Comunicación (TIC),STEM
2023,Tecnológico de Costa Rica,Ciberseguridad con énfasis en Gestión de la Seguridad de la Información,6,Región Central,GAM,Maestría,Posgrado,CINE 7,Computación,Ingeniería en Computadores,Tecnologías de la Información y Comunicación,Tecnologías de la Información y la Comunicación (TIC),STEM
2023,Tecnológico de Costa Rica,Ciberseguridad con énfasis en Seguridad del Sortware,5,Región Central,GAM,Maestría,Posgrado,CINE 7,Computación,Ingeniería en Computadores,Tecnologías de la Información y Comunicación,Tecnologías de la Información y la Comunicación (TIC),STEM
2023,Tecnológico de Costa Rica,Ciencia y Tecnología para la Sostenibilidad,7,Región Huetar Norte,No GAM,Maestría,Posgrado,CINE 7,Ciencias Básicas,Ciencias,"Ciencias Naturales, Matemáticas y Estadística",Medio Ambiente,STEM
2023,Tecnológico de Costa Rica,Ciencias Forestales,4,Región Central,GAM,Maestría,Posgrado,CINE 7,Recursos Naturales,Forestales,"Ciencias Naturales, Matemáticas y Estadística",Medio Ambiente,STEM
2023,Tecnológico de Costa Rica,Ciencias Naturales para el Desarrollo énfasis Gestión de Recursos Naturales,3,Región Huetar Norte,No GAM,Doctorado,Posgrado,CINE 8,Ciencias Básicas,Ciencias,"Ciencias Naturales, Matemáticas y Estadística",Medio Ambiente,STEM
2023,Tecnológico de Costa Rica,Ciencias Naturales para el Desarrollo énfasis Gestión y Cultura Ambiental,2,Región Huetar Norte,No GAM,Doctorado,Posgrado,CINE 8,Ciencias Básicas,Ciencias,"Ciencias Naturales, Matemáticas y Estadística",Medio Ambiente,STEM
2023,Tecnológico de Costa Rica,Ciencias Naturales para el Desarrollo énfasis Sistemas de Producción Agrícola,4,Región Huetar Norte,No GAM,Doctorado,Posgrado,CINE 8,Ciencias Básicas,Ciencias,"Ciencias Naturales, Matemáticas y Estadística",Medio Ambiente,STEM
2023,Tecnológico de Costa Rica,Ciencias Naturales para el Desarrollo énfasis Tecnologías Electrónicas Aplicadas,3,Región Huetar Norte,No GAM,Doctorado,Posgrado,CINE 8,Ciencias Básicas,Ciencias,"Ciencias Naturales, Matemáticas y Estadística",Medio Ambiente,STEM
2023,Tecnológico de Costa Rica,Computación,1,Región Central,GAM,Bachillerato,Grado,CINE 6,Computación,Ciencias de la Computación,Tecnologías de la Información y Comunicación,Tecnologías de la Información y la Comunicación (TIC),STEM
2023,Tecnológico de Costa Rica,Computación énfasis Ciencias de la Computación,63,Región Central,GAM,Maestría,Posgrado,CINE 7,Computación,Ciencias de la Computación,Tecnologías de la Información y Comunicación,Tecnologías de la Información y la Comunicación (TIC),STEM
2023,Tecnológico de Costa Rica,Computación énfasis Sistemas de Información,3,Región Central,GAM,Maestría,Posgrado,CINE 7,Computación,Sistemas de Información,Tecnologías de la Información y Comunicación,Tecnologías de la Información y la Comunicación (TIC),STEM
2023,Tecnológico de Costa Rica,Dirección de Empresas,116,Región Central,GAM,Maestría,Posgrado,CINE 7,Ciencias Económicas,Administración,Administración de Empresas y Derecho,Educación Comercial y Administración,NO STEM
2023,Tecnológico de Costa Rica,Diseño y Construcción Sostenible,14,Región Central,GAM,Maestría,Posgrado,CINE 7,Ingeniería,Arquitectura,"Ingeniería, Industria y Construcción",Arquitectura y Construcción,STEM
2023,Tecnológico de Costa Rica,Educación Técnica,21,Región Central,GAM,Licenciatura,Grado,CINE 6,Educación,Educación Técnica,Educación,Educación,NO STEM
2023,Tecnológico de Costa Rica,Enseñanza de Matemática Asistida por Computadora,172,Región Central,GAM,Bachillerato,Grado,CINE 6,Educación,Enseñanza de Matemática,Educación,Educación,NO STEM
2023,Tecnológico de Costa Rica,Gerencia de Proyectos énfasis Proyectos Empresariales,107,Región Central,GAM,Maestría,Posgrado,CINE 7,Ciencias Económicas,Administración de Proyectos,Administración de Empresas y Derecho,Educación Comercial y Administración,NO STEM
2023,Tecnológico de Costa Rica,Gerencia de Proyectos énfasis Proyectos de Construcción,34,Región Central,GAM,Maestría,Posgrado,CINE 7,Ciencias Económicas,Administración de Proyectos,Administración de Empresas y Derecho,Educación Comercial y Administración,NO STEM
2023,Tecnológico de Costa Rica,Gerencia de Proyectos énfasis Proyectos de Tecnologías de Información,14,Región Central,GAM,Maestría,Posgrado,CINE 7,Ciencias Económicas,Administración de Proyectos,Administración de Empresas y Derecho,Educación Comercial y Administración,NO STEM
2023,Tecnológico de Costa Rica,Gerencias de Tecnologías de Información,46,Región Central,GAM,Maestría,Posgrado,CINE 7,Computación,Tecnologías de Información,Tecnologías de la Información y Comunicación,Tecnologías de la Información y la Comunicación (TIC),NO STEM
2023,Tecnológico de Costa Rica,Gestión de Recursos Naturales y Tecnologías de Producción,13,Región Central,GAM,Maestría,Posgrado,CINE 7,Recursos Naturales,Ecología,"Ciencias Naturales, Matemáticas y Estadística",Medio Ambiente,STEM
2023,Tecnológico de Costa Rica,Gestión de Turismo Rural Sostenible,16,Región Huetar Norte,No GAM,Bachillerato,Grado,CINE 6,Ciencias Sociales,Turismo,Servicios,Servicios Personales,NO STEM
2023,Tecnológico de Costa Rica,Gestión del Turismo Sostenible,24,Región Central,GAM,Bachillerato,Grado,CINE 6,Ciencias Sociales,Turismo,Servicios,Servicios Personales,NO STEM
2023,Tecnológico de Costa Rica,Ingeniería,13,Región Central,GAM,Doctorado,Posgrado,CINE 8,Ingeniería,Ingeniería,"Ingeniería, Industria y Construcción",Ingeniería y Profesiones Afines,STEM
2023,Tecnológico de Costa Rica,Ingeniería Agronegocios,156,Región Central,GAM,Licenciatura,Grado,CINE 6,Recursos Naturales,Economía Agrícola,"Agricultura, Silvicultura, Pesca y Veterinaria",Agricultura,STEM
2023,Tecnológico de Costa Rica,Ingeniería Agrícola,142,Región Central,GAM,Licenciatura,Grado,CINE 6,Ingeniería,Ingeniería Agrícola,"Agricultura, Silvicultura, Pesca y Veterinaria",Agricultura,STEM
2023,Tecnológico de Costa Rica,Ingeniería Ambiental,211,Región Central,GAM,Licenciatura,Grado,CINE 6,Ingeniería,Ingeniería Ambiental,"Ingeniería, industria y construcción",Ingeniería y Profesiones afines,STEM
2023,Tecnológico de Costa Rica,Ingeniería Biotecnología,276,Región Central,GAM,Bachillerato,Grado,CINE 6,Recursos Naturales,Biotecnología,"Ingeniería, Industria y Construcción",Ingeniería y Profesiones Afines,STEM
2023,Tecnológico de Costa Rica,Ingeniería Construcción,477,Región Central,GAM,Licenciatura,Grado,CINE 6,Ingeniería,Ingeniería Civil,"Ingeniería, Industria y Construcción",Arquitectura y Construcción,STEM
2023,Tecnológico de Costa Rica,Ingeniería Diseño Industrial énfasis Comunicación Visual,28,Región Central,GAM,Licenciatura,Grado,CINE 6,Ingeniería,Diseño Industrial,"Ingeniería, Industria y Construcción",Industria y Producción,STEM
2023,Tecnológico de Costa Rica,Ingeniería Diseño Industrial énfasis Desarrollo de Productos,382,Región Central,GAM,Licenciatura,Grado,CINE 6,Ingeniería,Diseño Industrial,"Ingeniería, Industria y Construcción",Industria y Producción,STEM
2023,Tecnológico de Costa Rica,Ingeniería Dispositivos Médicos,27,Región Central,GAM,Maestría,Posgrado,CINE 7,Ingeniería,Ingeniería Electrónica,"Ingeniería, Industria y Construcción",Ingeniería y Profesiones Afines,STEM
2023,Tecnológico de Costa Rica,Ingeniería Electrónica,1063,Región Central,GAM,Licenciatura,Grado,CINE 6,Ingeniería,Ingeniería Electrónica,"Ingeniería, Industria y Construcción",Ingeniería y Profesiones Afines,STEM
2023,Tecnológico de Costa Rica,Ingeniería Electrónica énfasis Procesamiento Digital de Señales,1,Región Central,GAM,Maestría,Posgrado,CINE 7,Ingeniería,Ingeniería Electrónica,"Ingeniería, Industria y Construcción",Ingeniería y Profesiones Afines,STEM
2023,Tecnológico de Costa Rica,Ingeniería Electrónica énfasis Sistemas Empotrados,5,Región Central,GAM,Maestría,Posgrado,CINE 7,Ingeniería,Ingeniería Electrónica,"Ingeniería, Industria y Construcción",Ingeniería y Profesiones Afines,STEM
2023,Tecnológico de Costa Rica,Ingeniería Electrónica énfasis en Microelectrónica,7,Región Central,GAM,Maestría,Posgrado,CINE 7,Ingeniería,Ingeniería Electrónica,"Ingeniería, Industria y Construcción",Ingeniería y Profesiones Afines,STEM
2023,Tecnológico de Costa Rica,Ingeniería Forestal,1,Región Central,GAM,Licenciatura,Grado,CINE 6,Recursos Naturales,Forestales,"Ciencias Naturales, Matemáticas y Estadística",Medio Ambiente,STEM
2023,Tecnológico de Costa Rica,Ingeniería Forestal énfasis Conservación y Restauración de Ecosistemas Forestales,20,Región Central,GAM,Licenciatura,Grado,CINE 6,Recursos Naturales,Forestales,"Ciencias Naturales, Matemáticas y Estadística",Medio Ambiente,STEM
2023,Tecnológico de Costa Rica,Ingeniería Forestal énfasis Manejo y Producción Forestal,127,Región Central,GAM,Licenciatura,Grado,CINE 6,Recursos Naturales,Forestales,"Ciencias Naturales, Matemáticas y Estadística",Medio Ambiente,STEM
2023,Tecnológico de Costa Rica,Ingeniería Física,220,Región Central,GAM,Licenciatura,Grado,CINE 6,Ciencias Básicas,Física,"Ciencias Naturales, Matemáticas y Estadística",Ciencias Físicas,STEM
2023,Tecnológico de Costa Rica,Ingeniería Mantenimiento Industrial,582,Región Central,GAM,Licenciatura,Grado,CINE 6,Ingeniería,Ingeniería Mecánica,"Ingeniería, Industria y Construcción",Ingeniería y Profesiones Afines,STEM
2023,Tecnológico de Costa Rica,Ingeniería Materiales,354,Región Central,GAM,Licenciatura,Grado,CINE 6,Ingeniería,Ingeniería de Materiales,"Ingeniería, Industria y Construcción",Industria y Producción,STEM
2023,Tecnológico de Costa Rica,Ingeniería Materiales énfasis Metalurgia,2,Región Central,GAM,Licenciatura,Grado,CINE 6,Ingeniería,Ingeniería de Materiales,"Ingeniería, Industria y Construcción",Industria y Producción,STEM
2023,Tecnológico de Costa Rica,Ingeniería Materiales énfasis Microelectrónica,1,Región Central,GAM,Licenciatura,Grado,CINE 6,Ingeniería,Ingeniería de Materiales,"Ingeniería, Industria y Construcción",Industria y Producción,STEM
2023,Tecnológico de Costa Rica,Ingeniería Materiales énfasis Procesos Industriales,6,Región Central,GAM,Licenciatura,Grado,CINE 6,Ingeniería,Ingeniería de Materiales,"Ingeniería, Industria y Construcción",Industria y Producción,STEM
2023,Tecnológico de Costa Rica,Ingeniería Mecatrónica,545,Región Central,GAM,Licenciatura,Grado,CINE 6,Ingeniería,Ingeniería Mecánica,"Ingeniería, Industria y Construcción",Ingeniería y Profesiones Afines,STEM
2023,Tecnológico de Costa Rica,Ingeniería Producción Industrial,1049,Región Central,GAM,Licenciatura,Grado,CINE 6,Ingeniería,Ingeniería Industrial,"Ingeniería, Industria y Construcción",Industria y Producción,STEM
2023,Tecnológico de Costa Rica,Ingeniería Vial,18,Región Central,GAM,Maestría,Posgrado,CINE 7,Ingeniería,Ingeniería Civil,"Ingeniería, Industria y Construcción",Arquitectura y Construcción,STEM
2023,Tecnológico de Costa Rica,Ingeniería en Agronomía,226,Región Huetar Norte,No GAM,Licenciatura,Grado,CINE 6,Recursos Naturales,Agronomía General,"Agricultura, Silvicultura, Pesca y Veterinaria",Agricultura,STEM
2023,Tecnológico de Costa Rica,Ingeniería en Computación,1471,Región Central,GAM,Bachillerato,Grado,CINE 6,Computación,Ciencias de la Computación,Tecnologías de la Información y Comunicación,Tecnologías de la Información y la Comunicación (TIC),STEM
2023,Tecnológico de Costa Rica,Ingeniería en Computadores,573,Región Central,GAM,Licenciatura,Grado,CINE 6,Computación,Ingeniería en Computadores,Tecnologías de la Información y Comunicación,Tecnologías de la Información y la Comunicación (TIC),STEM
2023,Tecnológico de Costa Rica,Investigación Empresarial,15,Región Central,GAM,Maestría,Posgrado,CINE 7,Ciencias Económicas,Administración,Administración de Empresas y Derecho,Educación Comercial y Administración,NO STEM
2023,Tecnológico de Costa Rica,Salud Ocupacional,15,Región Central,GAM,Maestría,Posgrado,CINE 7,Ingeniería,Seguridad Laboral,Servicios,Servicios de Higiene y Salud Ocupacional,STEM
2023,Tecnológico de Costa Rica,Salud Ocupacional énfasis Higiene Ambiental,1,Región Central,GAM,Maestría,Posgrado,CINE 7,Ingeniería,Seguridad Laboral,Servicios,Servicios de Higiene y Salud Ocupacional,STEM
2023,Tecnológico de Costa Rica,Seguridad e Higiene Ocupacional,215,Región Central,GAM,Licenciatura,Grado,CINE 6,Ingeniería,Seguridad Laboral,Servicios,Servicios de Higiene y Salud Ocupacional,STEM
2023,Tecnológico de Costa Rica,Sistemas Modernos de Manufactura,39,Región Central,GAM,Maestría,Posgrado,CINE 7,Ingeniería,Ingeniería Industrial,"Ingeniería, Industria y Construcción",Industria y Producción,STEM
2023,Universidad Estatal a Distancia,Administración,1,Región Huetar Norte,No GAM,Sin información,Sin información,Sin información,Ciencias Económicas,Administración,Administración de Empresas y Derecho,Educación Comercial y Administración,NO STEM
2023,Universidad Estatal a Distancia,Administración Educativa,110,Región Central,No GAM,Sin información,Sin información,Sin información,Educación,Administración Educativa,Educación,Educación,NO STEM
2023,Universidad Estatal a Distancia,Administración Policial y Prevención del Delito,18,Región Central,GAM,Sin información,Sin información,Sin información,Ciencias Sociales,Criminología,"Ciencias Sociales, Periodismo e Información",Ciencias Sociales y del Comportamiento,NO STEM
2023,Universidad Estatal a Distancia,Administración de Empresas,7164,Región Central,GAM,Sin información,Sin información,Sin información,Ciencias Económicas,Administración,Administración de Empresas y Derecho,Educación Comercial y Administración,NO STEM
2023,Universidad Estatal a Distancia,Administración de Empresas Agropecuarias,16,Región Central,No GAM,Sin información,Sin información,Sin información,Ciencias Económicas,Administración de Empresas Agropecuarias,Administración de Empresas y Derecho,Educación Comercial y Administración,NO STEM
2023,Universidad Estatal a Distancia,Administración de Empresas con énfasis en Dirección Empresarial,86,Región Central,GAM,Sin información,Sin información,Sin información,Ciencias Económicas,Administración,Administración de Empresas y Derecho,Educación Comercial y Administración,NO STEM
2023,Universidad Estatal a Distancia,Administración de Empresas con énfasis en Operaciones,24,Región Central,GAM,Sin información,Sin información,Sin información,Ciencias Económicas,Administración,Administración de Empresas y Derecho,Educación Comercial y Administración,NO STEM
2023,Universidad Estatal a Distancia,Administración de Empresas énfasis Banca y Finanzas,228,Región Central,GAM,Sin información,Sin información,Sin información,Ciencias Económicas,Finanzas,Administración de Empresas y Derecho,Educación Comercial y Administración,NO STEM
2023,Universidad Estatal a Distancia,Administración de Empresas énfasis Contaduría,378,Región Central,GAM,Sin información,Sin información,Sin información,Ciencias Económicas,Contaduría,Administración de Empresas y Derecho,Educación Comercial y Administración,NO STEM
2023,Universidad Estatal a Distancia,Administración de Empresas énfasis Dirección Empresas,177,Región Central,GAM,Sin información,Sin información,Sin información,Ciencias Económicas,Administración,Administración de Empresas y Derecho,Educación Comercial y Administración,NO STEM
2023,Universidad Estatal a Distancia,Administración de Empresas énfasis Gestión Organizacional,1,Región Huetar Norte,No GAM,Sin información,Sin información,Sin información,Ciencias Económicas,Administración,Administración de Empresas y Derecho,Educación Comercial y Administración,NO STEM
2023,Universidad Estatal a Distancia,Administración de Empresas énfasis Mercadeo,88,Región Central,GAM,Sin información,Sin información,Sin información,Ciencias Económicas,Mercadeo,Administración de Empresas y Derecho,Educación Comercial y Administración,NO STEM
2023,Universidad Estatal a Distancia,Administración de Empresas énfasis Negocios Internacionales,82,Región Central,GAM,Sin información,Sin información,Sin información,Ciencias Económicas,Comercio Internacional,Administración de empresas y derecho,Educación Comercial y Administración,NO STEM
2023,Universidad Estatal a Distancia,Administración de Empresas énfasis Producción,64,Región Central,GAM,Sin información,Sin información,Sin información,Ciencias Económicas,Administración de la Producción,Administración de Empresas y Derecho,Educación Comercial y Administración,NO STEM
2023,Universidad Estatal a Distancia,Administración de Empresas énfasis Recursos Humanos,292,Región Central,No GAM,Sin información,Sin información,Sin información,Ciencias Económicas,Administración de Recursos Humanos,Administración de Empresas y Derecho,Educación Comercial y Administración,NO STEM
2023,Universidad Estatal a Distancia,Administración de Medios de Comunicación,1,Región Central,GAM,Maestría,Posgrado,CINE 7,Ciencias Sociales,Comunicación,"Ciencias Sociales, Periodismo e Información",Periodismo e Información,NO STEM
2023,Universidad Estatal a Distancia,Administración de Negocios,11,Región Central,GAM,Maestría,Posgrado,CINE 7,Ciencias Económicas,Administración,Administración de Empresas y Derecho,Educación Comercial y Administración,NO STEM
2023,Universidad Estatal a Distancia,Administración de Servicios de Salud,755,Región Central,No GAM,Sin información,Sin información,Sin información,Ciencias Económicas,Administración de Servicios de Salud,Administración de Empresas y Derecho,Educación Comercial y Administración,NO STEM
2023,Universidad Estatal a Distancia,Administración de Servicios de Salud Sostenible,3,Región Central,GAM,Maestría,Posgrado,CINE 7,Ciencias Económicas,Administración de Servicios de Salud,Administración de Empresas y Derecho,Educación Comercial y Administración,NO STEM
2023,Universidad Estatal a Distancia,Auditoría Empresarial,3,Región Central,GAM,Maestría,Posgrado,CINE 7,Ciencias Económicas,Administración,Administración de Empresas y Derecho,Educación Comercial y Administración,NO STEM
2023,Universidad Estatal a Distancia,Auditoría Gubernamental,7,Región Central,GAM,Maestría,Posgrado,CINE 7,Ciencias Económicas,Administración Pública,Administración de Empresas y Derecho,Educación Comercial y Administración,NO STEM
2023,Universidad Estatal a Distancia,Bibliotecología Bibliotecas Educativas y Centros de Recursos para Aprendizaje,555,Región Central,No GAM,Sin información,Sin información,Sin información,Ciencias Sociales,Bibliotecología,"Ciencias Sociales, Periodismo e Información",Periodismo e Información,NO STEM
2023,Universidad Estatal a Distancia,Bibliotecología y Nuevas Tecnologías de Información y Comunicación,256,Región Central,No GAM,Sin información,Sin información,Sin información,Ciencias Sociales,Bibliotecología,"Ciencias Sociales, Periodismo e Información",Periodismo e Información,NO STEM
2023,Universidad Estatal a Distancia,Ciencias Criminológicas,1413,Región Central,No GAM,Bachillerato,Grado,CINE 6,Ciencias Sociales,Criminología,"Ciencias Sociales, Periodismo e Información",Ciencias Sociales y del Comportamiento,NO STEM
2023,Universidad Estatal a Distancia,Ciencias Naturales para el Desarrollo,5,Región Central,GAM,Sin información,Sin información,Sin información,Ciencias Básicas,Ciencias,"Ciencias Naturales, Matemáticas y Estadística",Medio Ambiente,STEM
2023,Universidad Estatal a Distancia,Ciencias Policiales,306,Región Central,No GAM,Bachillerato,Grado,CINE 6,Ciencias Sociales,Criminología,"Ciencias Sociales, Periodismo e Información",Ciencias Sociales y del Comportamiento,NO STEM
2023,Universidad Estatal a Distancia,Ciencias de la Educación I y II Ciclo énfasis Enseñanza del Inglés,3,Región Central,GAM,Sin información,Sin información,Sin información,Educación,Educación Primaria Inglés,Educación,Educación,NO STEM
2023,Universidad Estatal a Distancia,Ciencias de la Educación énfasis I y II Ciclo,5,Región Central,GAM,Sin información,Sin información,Sin información,Educación,Educación Primaria,Educación,Educación,NO STEM
2023,Universidad Estatal a Distancia,Ciencias de la Educación énfasis Preescolar,5,Región Central,GAM,Sin información,Sin información,Sin información,Educación,Educación Preescolar,Educación,Educación,NO STEM
2023,Universidad Estatal a Distancia,Criminalística,7,Región Central,GAM,Sin información,Sin información,Sin información,Ciencias Sociales,Criminología,"Ciencias Sociales, Periodismo e Información",Ciencias Sociales y del Comportamiento,NO STEM
2023,Universidad Estatal a Distancia,Criminología,39,Región Central,GAM,Sin información,Sin información,Sin información,Ciencias Sociales,Criminología,"Ciencias Sociales, Periodismo e Información",Ciencias Sociales y del Comportamiento,NO STEM
2023,Universidad Estatal a Distancia,Derecho Constitucional,2,Región Central,GAM,Maestría,Posgrado,CINE 7,Derecho,Derecho Constitucional,Administración de Empresas y Derecho,Derecho,NO STEM
2023,Universidad Estatal a Distancia,Derechos Humanos,15,Región Central,GAM,Maestría,Posgrado,CINE 7,Derecho,Derechos Humanos,Administración de Empresas y Derecho,Derecho,NO STEM
2023,Universidad Estatal a Distancia,Desarrollo Sostenible,7,Región Central,No GAM,Sin información,Sin información,Sin información,Recursos Naturales,Ecología,"Ciencias Naturales, Matemáticas y Estadística",Medio Ambiente,STEM
2023,Universidad Estatal a Distancia,Docencia,145,Región Central,GAM,Sin información,Sin información,Sin información,Educación,Docencia,Educación,Educación,NO STEM
2023,Universidad Estatal a Distancia,Educación,15,Región Central,GAM,Doctorado,Posgrado,CINE 8,Educación,Educación Generalista,Educación,Educación,NO STEM
2023,Universidad Estatal a Distancia,Educación Especial,114,Región Central,No GAM,Sin información,Sin información,Sin información,Educación,Educación Especial,Educación,Educación,NO STEM
2023,Universidad Estatal a Distancia,Educación General Básica I y II Ciclos,3808,Región Central,No GAM,Sin información,Sin información,Sin información,Educación,Educación Primaria,Educación,Educación,NO STEM
2023,Universidad Estatal a Distancia,Educación Preescolar,2988,Región Central,No GAM,Sin información,Sin información,Sin información,Educación,Educación Preescolar,Educación,Educación,NO STEM
2023,Universidad Estatal a Distancia,Educación Preescolar Estimulación y Corrección del Lenguaje,25,Región Central,GAM,Sin información,Sin información,Sin información,Educación,Educación Preescolar,Educación,Educación,NO STEM
2023,Universidad Estatal a Distancia,Educación a Distancia,6,Región Central,GAM,Maestría,Posgrado,CINE 7,Educación,Educación Generalista,Educación,Educación,NO STEM
2023,Universidad Estatal a Distancia,Ejecución y Docencia Musical énfasis Instrumento,28,Región Central,GAM,Sin información,Sin información,Sin información,Educación,Enseñanza de Música,Educación,Educación,NO STEM
2023,Universidad Estatal a Distancia,Enseñanza de la Matemática,415,Región Central,No GAM,Sin información,Sin información,Sin información,Educación,Enseñanza de Matemática,Educación,Educación,NO STEM
2023,Universidad Estatal a Distancia,Enseñanza de las Ciencias Naturales,754,Región Central,No GAM,Sin información,Sin información,Sin información,Educación,Enseñanza de Ciencias,Educación,Educación,NO STEM
2023,Universidad Estatal a Distancia,Enseñanza de los Estudios Sociales y la Educación Cívica,21,Región Central,No GAM,Sin información,Sin información,Sin información,Educación,Enseñanza de Estudios Sociales,Educación,Educación,NO STEM
2023,Universidad Estatal a Distancia,Enseñanza del Francés,51,Región Central,GAM,Sin información,Sin información,Sin información,Educación,Enseñanza de Francés,Educación,Educación,NO STEM
2023,Universidad Estatal a Distancia,Enseñanza del Inglés I y II Ciclos,249,Región Central,GAM,Sin información,Sin información,Sin información,Educación,Educación Primaria Inglés,Educación,Educación,NO STEM
2023,Universidad Estatal a Distancia,Estudio de las Violencias desde la Perspectiva de Género e Interseccionalidad,12,Región Central,GAM,Sin información,Sin información,Sin información,Ciencias Sociales,Estudios de Género,"Ciencias Sociales, Periodismo e Información",Ciencias Sociales y del Comportamiento,NO STEM
2023,Universidad Estatal a Distancia,Estudio de las adicciones,9,Región Central,GAM,Maestría,Posgrado,CINE 7,Ciencias Sociales,Estudios de Discapacidad,Salud y Bienestar,Bienestar,NO STEM
2023,Universidad Estatal a Distancia,Estudios Generales,1921,Región Central,No GAM,Sin información,Sin información,Sin información,Artes y Letras,Formación General,Artes y Humanidades,Humanidades,NO STEM
2023,Universidad Estatal a Distancia,Estudios Universitarios,14,Región Central,GAM,Sin información,Sin información,Sin información,Artes y Letras,Formación General,Artes y Humanidades,Humanidades,NO STEM
2023,Universidad Estatal a Distancia,Formación para la Educación Infantil,1,Región Central,GAM,Sin información,Sin información,Sin información,Educación,Educación Preescolar,Educación,Educación,NO STEM
2023,Universidad Estatal a Distancia,Gestión Secretarial de la Oficina,364,Región Central,No GAM,Sin información,Sin información,Sin información,Ciencias Sociales,Secretariado Profesional,Administración de Empresas y Derecho,Educación Comercial y Administración,NO STEM
2023,Universidad Estatal a Distancia,Gestión Turística Sostenible,508,Región Central,No GAM,Sin información,Sin información,Sin información,Ciencias Sociales,Turismo,Servicios,Servicios Personales,NO STEM
2023,Universidad Estatal a Distancia,Humanidades,1875,Región Central,No GAM,Sin información,Sin información,Sin información,Artes y Letras,Formación General,Artes y Humanidades,Humanidades,NO STEM
2023,Universidad Estatal a Distancia,Informática,3477,Región Central,GAM,Diplomado,Pregrado,CINE 5,Computación,Ingeniería del Software,Tecnologías de la Información y Comunicación,Tecnologías de la Información y la Comunicación (TIC),STEM
2023,Universidad Estatal a Distancia,Informática Administrativa,2,Región Central,GAM,Sin información,Sin información,Sin información,Computación,Sistemas de Información,Tecnologías de la Información y Comunicación,Tecnologías de la Información y la Comunicación (TIC),STEM
2023,Universidad Estatal a Distancia,Informática Educativa,290,Región Central,No GAM,Sin información,Sin información,Sin información,Educación,Enseñanza de Computación,Educación,Educación,NO STEM
2023,Universidad Estatal a Distancia,Ingeniería Agroindustrial,260,Región Central,No GAM,Sin información,Sin información,Sin información,Ingeniería,Ingeniería Agroindustrial,"Ingeniería, Industria y Construcción",Industria y Producción,STEM
2023,Universidad Estatal a Distancia,Ingeniería Agronómica,1097,Región Central,No GAM,Sin información,Sin información,Sin información,Recursos Naturales,Agronomía General,"Agricultura, Silvicultura, Pesca y Veterinaria",Agricultura,STEM
2023,Universidad Estatal a Distancia,Ingeniería Industrial,127,Región Central,GAM,Sin información,Sin información,Sin información,Ingeniería,Ingeniería Industrial,"Ingeniería, Industria y Construcción",Industria y Producción,STEM
2023,Universidad Estatal a Distancia,Ingeniería Informática,152,Región Central,GAM,Bachillerato,Grado,CINE 6,Computación,Ingeniería del Software,Tecnologías de la Información y Comunicación,Tecnologías de la Información y la Comunicación (TIC),STEM
2023,Universidad Estatal a Distancia,Ingeniería Informática y Administración de Proyectos,70,Región Central,GAM,Sin información,Sin información,Sin información,Computación,Sistemas de Información,Tecnologías de la Información y Comunicación,Tecnologías de la Información y la Comunicación (TIC),STEM
2023,Universidad Estatal a Distancia,Ingeniería Informática y Calidad de Software,37,Región Central,GAM,Sin información,Sin información,Sin información,Computación,Sistemas de Información,Tecnologías de la Información y Comunicación,Tecnologías de la Información y la Comunicación (TIC),STEM
2023,Universidad Estatal a Distancia,Ingeniería Informática y Desarrollo de Aplicaciones Web,42,Región Central,GAM,Sin información,Sin información,Sin información,Computación,Ingeniería del Software,Tecnologías de la Información y Comunicación,Tecnologías de la Información y la Comunicación (TIC),STEM
2023,Universidad Estatal a Distancia,Ingeniería Telecomunicaciones,54,Región Central,GAM,Sin información,Sin información,Sin información,Ingeniería,Ingeniería Electrónica,"Ingeniería, Industria y Construcción",Ingeniería y Profesiones Afines,STEM
2023,Universidad Estatal a Distancia,Investigación Criminal,7,Región Central,No GAM,Sin información,Sin información,Sin información,Ciencias Sociales,Criminología,"Ciencias Sociales, Periodismo e Información",Ciencias Sociales y del Comportamiento,NO STEM
2023,Universidad Estatal a Distancia,Manejo de Recursos Naturales,525,Región Central,No GAM,Sin información,Sin información,Sin información,Recursos Naturales,Ecología,"Ciencias naturales, matemáticas y estadística",Medio Ambiente,STEM
2023,Universidad Estatal a Distancia,Manejo y Protección de Recursos Naturales,11,Región Central,No GAM,Sin información,Sin información,Sin información,Recursos Naturales,Ecología,"Ciencias Naturales, Matemáticas y Estadística",Medio Ambiente,STEM
2023,Universidad Estatal a Distancia,Propiedad Intelectual,8,Región Central,GAM,Maestría,Posgrado,CINE 7,Derecho,Propiedad Intelectual,Administración de empresas y derecho,Derecho,NO STEM
2023,Universidad Estatal a Distancia,Psicopedagogía,26,Región Central,GAM,Maestría,Posgrado,CINE 7,Educación,Psicopedagogía,Educación,Educación,NO STEM
2023,Universidad Estatal a Distancia,Registros y Estadísticas en Salud,1078,Región Central,No GAM,Sin información,Sin información,Sin información,Ciencias de la Salud,Registros en Salud,Salud y Bienestar,Bienestar,STEM
2023,Universidad Estatal a Distancia,Secretariado Administrativo,1,Región Huetar Norte,No GAM,Sin información,Sin información,Sin información,Ciencias Sociales,Secretariado Profesional,Administración de Empresas y Derecho,Educación Comercial y Administración,NO STEM
2023,Universidad Estatal a Distancia,Tecnología Educativa,14,Región Central,GAM,Maestría,Posgrado,CINE 7,Educación,Tecnología Educativa,Educación,Educación,NO STEM
2023,Universidad Estatal a Distancia,Valuación,22,Región Central,GAM,Maestría,Posgrado,CINE 7,Ciencias Económicas,Valuación,Administración de Empresas y Derecho,Educación Comercial y Administración,NO STEM
2023,Universidad Nacional,Abastecimiento y Logística Global,17,Región Central,GAM,Maestría,Posgrado,CINE 7,Ingeniería,Ingeniería Industrial,"Ingeniería, Industria y Construcción",Industria y Producción,STEM
2023,Universidad Nacional,Administración,3085,Región Central,GAM,Bachillerato,Grado,CINE 6,Ciencias Económicas,Administración,Administración de Empresas y Derecho,Educación Comercial y Administración,NO STEM
2023,Universidad Nacional,Administración Educativa,36,Región Central,GAM,Licenciatura,Grado,CINE 6,Educación,Administración Educativa,Educación,Educación,NO STEM
2023,Universidad Nacional,Administración de Oficinas,417,Región Central,GAM,Bachillerato,Grado,CINE 6,Ciencias Sociales,Secretariado Profesional,Administración de Empresas y Derecho,Educación Comercial y Administración,NO STEM
2023,Universidad Nacional,Administración de Recursos Humanos,45,Región Central,GAM,Maestría,Posgrado,CINE 7,Ciencias Económicas,Administración de Recursos Humanos,Administración de Empresas y Derecho,Educación Comercial y Administración,NO STEM
2023,Universidad Nacional,Agricultura Ecológica,11,Región Central,GAM,Maestría,Posgrado,CINE 7,Recursos Naturales,Agronomía General,"Agricultura, Silvicultura, Pesca y Veterinaria",Agricultura,STEM
2023,Universidad Nacional,Apicultura Tropical,7,Región Central,GAM,Maestría,Posgrado,CINE 7,Recursos Naturales,Zootecnia,"Agricultura, Silvicultura, Pesca y Veterinaria",Agricultura,STEM
2023,Universidad Nacional,Arte y Comunicación Visual,279,Región Central,GAM,Bachillerato,Grado,CINE 6,Artes y Letras,Artes Plásticas,Artes y Humanidades,Artes,NO STEM
2023,Universidad Nacional,Artes Escénicas,88,Región Central,GAM,Bachillerato,Grado,CINE 6,Artes y Letras,Artes Dramáticas,Artes y Humanidades,Artes,NO STEM
2023,Universidad Nacional,Bibliotecología y Documentación,7,Región Central,GAM,Licenciatura,Grado,CINE 6,Ciencias Sociales,Bibliotecología,"Ciencias Sociales, Periodismo e Información",Periodismo e Información,NO STEM
2023,Universidad Nacional,Bibliotecología y Documentación énfasis Gestión de la Información,271,Región Central,GAM,Bachillerato,Grado,CINE 6,Ciencias Sociales,Bibliotecología,"Ciencias Sociales, Periodismo e Información",Periodismo e Información,NO STEM
2023,Universidad Nacional,Biología,364,Región Central,GAM,Bachillerato,Grado,CINE 6,Ciencias Básicas,Biología,"Ciencias Naturales, Matemáticas y Estadística",Ciencias Biológicas y Afines,STEM
2023,Universidad Nacional,Biología Marina,12,Región Central,GAM,Licenciatura,Grado,CINE 6,Ciencias Básicas,Biología,"Ciencias Naturales, Matemáticas y Estadística",Ciencias Biológicas y Afines,STEM
2023,Universidad Nacional,Bioprocesos Industriales,97,Región Central,GAM,Bachillerato,Grado,CINE 6,Ingeniería,Ingeniería Química,"Ingeniería, Industria y Construcción",Ingeniería y Profesiones Afines,STEM
2023,Universidad Nacional,Biotecnología,34,Región Central,GAM,Licenciatura,Grado,CINE 6,Recursos Naturales,Biotecnología,"Ingeniería, Industria y Construcción",Ingeniería y Profesiones Afines,STEM
2023,Universidad Nacional,Bioética,10,Región Central,GAM,Maestría,Posgrado,CINE 7,Artes y Letras,Filosofía,Artes y Humanidades,Humanidades,NO STEM
2023,Universidad Nacional,Cartografía y Diseño Digital,90,Región Central,GAM,Diplomado,Pregrado,CINE 5,Recursos Naturales,Geografía,"Ciencias Naturales, Matemáticas y Estadística",Ciencias Físicas,STEM
2023,Universidad Nacional,Ciencias Geográficas,144,Región Central,GAM,Bachillerato,Grado,CINE 6,Recursos Naturales,Geografía,"Ciencias Naturales, Matemáticas y Estadística",Ciencias Físicas,STEM
2023,Universidad Nacional,Ciencias Marinas y Costeras,4,Región Central,GAM,Maestría,Posgrado,CINE 7,Recursos Naturales,Recursos Marinos,"Ciencias Naturales, Matemáticas y Estadística",Medio Ambiente,STEM
2023,Universidad Nacional,Ciencias Naturales para el Desarrollo,7,Región Central,GAM,Doctorado,Posgrado,CINE 8,Ciencias Básicas,Ciencias,"Ciencias Naturales, Matemáticas y Estadística",Medio Ambiente,STEM
2023,Universidad Nacional,Ciencias Sociales,9,Región Central,GAM,Doctorado,Posgrado,CINE 8,Ciencias Sociales,Ciencias Sociales,"Ciencias Sociales, Periodismo e Información",Ciencias Sociales y del Comportamiento,NO STEM
2023,Universidad Nacional,Ciencias del Deporte,16,Región Central,GAM,Licenciatura,Grado,CINE 6,Educación,Educación Física,Educación,Educación,NO STEM
2023,Universidad Nacional,Ciencias del Movimiento Humano,135,Región Central,GAM,Bachillerato,Grado,CINE 6,Educación,Educación Física,Educación,Educación,NO STEM
2023,Universidad Nacional,Comercio y Negocios Internacionales,839,Región Central,GAM,Bachillerato,Grado,CINE 6,Ciencias Económicas,Comercio Internacional,Administración de Empresas y Derecho,Educación Comercial y Administración,NO STEM
2023,Universidad Nacional,Conservación,8,Región Central,GAM,Maestría,Posgrado,CINE 7,Recursos Naturales,Ecología,"Ciencias Naturales, Matemáticas y Estadística",Medio Ambiente,STEM
2023,Universidad Nacional,Conservación de Vida Silvestre y Biodiversidad,15,Región Central,GAM,Maestría,Posgrado,CINE 7,Recursos Naturales,Ecología,"Ciencias Naturales, Matemáticas y Estadística",Medio Ambiente,STEM
2023,Universidad Nacional,Danza,93,Región Central,GAM,Bachillerato,Grado,CINE 6,Artes y Letras,Danza,Artes y Humanidades,Artes,NO STEM
2023,Universidad Nacional,Derechos Humanos y Educación para la Paz,15,Región Central,GAM,Maestría,Posgrado,CINE 7,Derecho,Derechos Humanos,Administración de Empresas y Derecho,Derecho,NO STEM
2023,Universidad Nacional,Desarrollo Comunitario Sustentable,23,Región Central,GAM,Maestría,Posgrado,CINE 7,Ciencias Sociales,Sociología,"Ciencias Sociales, Periodismo e Información",Ciencias Sociales y del Comportamiento,NO STEM
2023,Universidad Nacional,Desarrollo Rural,12,Región Central,GAM,Maestría,Posgrado,CINE 7,Ciencias Sociales,Sociología,"Ciencias Sociales, Periodismo e Información",Ciencias Sociales y del Comportamiento,NO STEM
2023,Universidad Nacional,Economía,646,Región Central,GAM,Bachillerato,Grado,CINE 6,Ciencias Económicas,Economía,"Ciencias Sociales, Periodismo e Información",Ciencias Sociales y del Comportamiento,NO STEM
2023,Universidad Nacional,Economía del Desarrollo,10,Región Central,GAM,Maestría,Posgrado,CINE 7,Ciencias Económicas,Economía,"Ciencias Sociales, Periodismo e Información",Ciencias Sociales y del Comportamiento,NO STEM
2023,Universidad Nacional,Ecotoxicología Tropical,8,Región Central,GAM,Maestría,Posgrado,CINE 7,Recursos Naturales,Ecología,"Ciencias Naturales, Matemáticas y Estadística",Medio Ambiente,STEM
2023,Universidad Nacional,Educación,42,Región Central,GAM,Maestría,Posgrado,CINE 7,Educación,Educación Generalista,Educación,Educación,NO STEM
2023,Universidad Nacional,Educación Comercial,156,Región Central,GAM,Bachillerato,Grado,CINE 6,Educación,Enseñanza del Secretariado,Educación,Educación,NO STEM
2023,Universidad Nacional,Educación Especial,156,Región Central,GAM,Bachillerato,Grado,CINE 6,Educación,Educación Especial,Educación,Educación,NO STEM
2023,Universidad Nacional,Educación Física Deporte y Recreación,40,Región Central,GAM,Bachillerato,Grado,CINE 6,Educación,Educación Física,Educación,Educación,NO STEM
2023,Universidad Nacional,Educación Rural Centroamericana,6,Región Central,GAM,Maestría,Posgrado,CINE 7,Educación,Educación Rural,Educación,Educación,NO STEM
2023,Universidad Nacional,Educación Rural I y II Ciclos,350,Región Central,GAM,Licenciatura,Grado,CINE 6,Educación,Educación Rural,Educación,Educación,NO STEM
2023,Universidad Nacional,Enfermedades Tropicales,11,Región Central,GAM,Maestría,Posgrado,CINE 7,Ciencias de la Salud,Salud Pública,Salud y bienestar,Salud,STEM
2023,Universidad Nacional,Enseñanza de la Filosofía,16,Región Central,GAM,Bachillerato,Grado,CINE 6,Educación,Enseñanza de Filosofía,Educación,Educación,NO STEM
2023,Universidad Nacional,Enseñanza de la Matemática,223,Región Central,GAM,Bachillerato,Grado,CINE 6,Educación,Enseñanza de Matemática,Educación,Educación,NO STEM
2023,Universidad Nacional,Enseñanza de la Religión,75,Región Central,GAM,Bachillerato,Grado,CINE 6,Educación,Educación Religiosa,Educación,Educación,NO STEM
2023,Universidad Nacional,Enseñanza de las Ciencias,187,Región Central,GAM,Bachillerato,Grado,CINE 6,Educación,Enseñanza de Ciencias,Educación,Educación,NO STEM
2023,Universidad Nacional,Enseñanza de los Estudios Sociales,54,Región Central,GAM,Licenciatura,Grado,CINE 6,Educación,Enseñanza de Estudios Sociales,Educación,Educación,NO STEM
2023,Universidad Nacional,Enseñanza de los Estudios Sociales y la Educación Cívica,122,Región Central,GAM,Bachillerato,Grado,CINE 6,Educación,Enseñanza de Estudios Sociales,Educación,Educación,NO STEM
2023,Universidad Nacional,Enseñanza del Arte y Comunicación Visual,129,Región Central,GAM,Bachillerato,Grado,CINE 6,Educación,Enseñanza de Artes Plásticas,Educación,Educación,NO STEM
2023,Universidad Nacional,Enseñanza del Español,98,Región Central,GAM,Bachillerato,Grado,CINE 6,Educación,Enseñanza de Castellano,Educación,Educación,NO STEM
2023,Universidad Nacional,Enseñanza del Francés,63,Región Central,GAM,Bachillerato,Grado,CINE 6,Educación,Enseñanza de Francés,Educación,Educación,NO STEM
2023,Universidad Nacional,Enseñanza del Inglés,593,Región Brunca,No GAM,Bachillerato,Grado,CINE 6,Educación,Enseñanza de Inglés,Educación,Educación,NO STEM
2023,Universidad Nacional,Enseñanza del Inglés I y II Ciclos,92,Región Central,GAM,Bachillerato,Grado,CINE 6,Educación,Educación Primaria Inglés,Educación,Educación,NO STEM
2023,Universidad Nacional,Epidemiología,37,Región Central,GAM,Maestría,Posgrado,CINE 7,Ciencias de la Salud,Salud Pública,Salud y Bienestar,Salud,STEM
2023,Universidad Nacional,Estudios Latinoamericanos,23,Región Central,GAM,Maestría,Posgrado,CINE 7,Ciencias Sociales,Estudios Latinoamericanos,"Ciencias Sociales, Periodismo e Información",Ciencias Sociales y del Comportamiento,NO STEM
2023,Universidad Nacional,"Estudios Socioreligiosos, Género y Diversidades",4,Región Central,GAM,Maestría,Posgrado,CINE 7,Ciencias Sociales,Sociología,"Ciencias Sociales, Periodismo e Información",Ciencias Sociales y del Comportamiento,NO STEM
2023,Universidad Nacional,Estudios Teológicos,7,Región Central,GAM,Maestría,Posgrado,CINE 7,Artes y Letras,Teología,Artes y Humanidades,Humanidades,NO STEM
2023,Universidad Nacional,Estudios de Cultura Centroamericana,7,Región Central,GAM,Maestría,Posgrado,CINE 7,Ciencias Sociales,Estudios Latinoamericanos,"Ciencias Sociales, Periodismo e Información",Ciencias Sociales y del Comportamiento,NO STEM
2023,Universidad Nacional,Filosofía,96,Región Central,GAM,Bachillerato,Grado,CINE 6,Artes y Letras,Filosofía,Artes y Humanidades,Humanidades,NO STEM
2023,Universidad Nacional,Física Médica,7,Región Central,GAM,Maestría,Posgrado,CINE 7,Ciencias de la Salud,Medicina,Salud y Bienestar,Salud,STEM
2023,Universidad Nacional,Gerencia de Seguridad Alimentaria y Nutricional,10,Región Central,GAM,Maestría,Posgrado,CINE 7,Ciencias de la Salud,Nutrición,Salud y Bienestar,Salud,STEM
2023,Universidad Nacional,Gerencia del Comercio Internacional,15,Región Central,GAM,Maestría,Posgrado,CINE 7,Ciencias Económicas,Comercio Internacional,Administración de empresas y derecho,Educación Comercial y Administración,NO STEM
2023,Universidad Nacional,Gestión Educativa,19,Región Central,GAM,Maestría,Posgrado,CINE 7,Educación,Administración Educativa,Educación,Educación,NO STEM
2023,Universidad Nacional,Gestión Empresarial del Turismo Sostenible,419,Región Chorotega,No GAM,Bachillerato,Grado,CINE 6,Ciencias Sociales,Turismo,Servicios,Servicios Personales,NO STEM
2023,Universidad Nacional,Gestión Integral de Fincas,1,Región Huetar Norte,No GAM,Diplomado,Pregrado,CINE 5,Recursos Naturales,Agronomía General,"Agricultura, Silvicultura, Pesca y Veterinaria",Agricultura,STEM
2023,Universidad Nacional,Gestión de Negocios Turísticos Bilingües,1,Región Chorotega,No GAM,Licenciatura,Grado,CINE 6,Ciencias Sociales,Turismo,Servicios,Servicios Personales,NO STEM
2023,Universidad Nacional,Gestión de la Innovación Tecnológica,9,Región Central,GAM,Maestría,Posgrado,CINE 7,Computación,Tecnologías de Información,Tecnologías de la Información y Comunicación,Tecnologías de la Información y la Comunicación (TIC),STEM
2023,Universidad Nacional,Gestión de los Recursos Naturales y Conservación de la Biodiversidad,9,Región Central,GAM,Licenciatura,Grado,CINE 6,Recursos Naturales,Ecología,"Ciencias naturales, matemáticas y estadística",Medio Ambiente,STEM
2023,Universidad Nacional,Gestión y Estudios Ambientales,16,Región Central,GAM,Maestría,Posgrado,CINE 7,Recursos Naturales,Ecología,"Ciencias Naturales, Matemáticas y Estadística",Medio Ambiente,STEM
2023,Universidad Nacional,Gestión y Finanzas Públicas,10,Región Central,GAM,Maestría,Posgrado,CINE 7,Ciencias Económicas,Administración Pública,Administración de Empresas y Derecho,Educación Comercial y Administración,NO STEM
2023,Universidad Nacional,Gestión y Recreación Turística,20,Región Huetar Norte,No GAM,Bachillerato,Grado,CINE 6,Ciencias Sociales,Turismo,Servicios,Servicios Personales,NO STEM
2023,Universidad Nacional,Género y Desarrollo,54,Región Central,GAM,Bachillerato,Grado,CINE 6,Ciencias Sociales,Estudios de Género,"Ciencias Sociales, Periodismo e Información",Ciencias Sociales y del Comportamiento,NO STEM
2023,Universidad Nacional,Historia,109,Región Central,GAM,Bachillerato,Grado,CINE 6,Ciencias Sociales,Historia,Artes y Humanidades,Humanidades,NO STEM
2023,Universidad Nacional,Historia Aplicada,11,Región Central,GAM,Maestría,Posgrado,CINE 7,Ciencias Sociales,Historia,Artes y Humanidades,Humanidades,NO STEM
2023,Universidad Nacional,Informática,287,Región Central,GAM,Licenciatura,Grado,CINE 6,Computación,Ingeniería del Software,Tecnologías de la Información y Comunicación,Tecnologías de la Información y la Comunicación (TIC),STEM
2023,Universidad Nacional,Ingeniería Agronómica,86,Región Central,GAM,Licenciatura,Grado,CINE 6,Recursos Naturales,Agronomía General,"Agricultura, Silvicultura, Pesca y Veterinaria",Agricultura,STEM
2023,Universidad Nacional,Ingeniería Ciencias Forestales,130,Región Central,GAM,Bachillerato,Grado,CINE 6,Recursos Naturales,Forestales,"Ciencias Naturales, Matemáticas y Estadística",Medio Ambiente,STEM
2023,Universidad Nacional,Ingeniería Gestión Ambiental,184,Región Central,GAM,Bachillerato,Grado,CINE 6,Recursos Naturales,Ecología,"Ciencias Naturales, Matemáticas y Estadística",Medio Ambiente,STEM
2023,Universidad Nacional,Ingeniería Hidrológica,138,Región Chorotega,No GAM,Bachillerato,Grado,CINE 6,Recursos Naturales,Manejo de Recursos Hídricos,"Ciencias Naturales, Matemáticas y Estadística",Medio Ambiente,STEM
2023,Universidad Nacional,Ingeniería de Bioprocesos Industriales,36,Región Central,GAM,Bachillerato,Grado,CINE 6,Ingeniería,Ingeniería Química,"Ingeniería, Industria y Construcción",Ingeniería y Profesiones Afines,STEM
2023,Universidad Nacional,Ingeniería de Ciencias Forestales,34,Región Central,GAM,Licenciatura,Grado,CINE 6,Recursos Naturales,Ecología,"Ciencias naturales, matemáticas y estadística",Medio Ambiente,STEM
2023,Universidad Nacional,Ingeniería en Agronomía,190,Región Central,GAM,Bachillerato,Grado,CINE 6,Recursos Naturales,Agronomía General,"Agricultura, Silvicultura, Pesca y Veterinaria",Agricultura,STEM
2023,Universidad Nacional,Ingeniería en Calidad e Innovación Agroalimentaria,93,Región Brunca,No GAM,Bachillerato,Grado,CINE 6,Recursos Naturales,Economía Agrícola,"Agricultura, Silvicultura, Pesca y Veterinaria",Agricultura,STEM
2023,Universidad Nacional,Ingeniería en Energías Sostenibles,39,Región Chorotega,No GAM,Licenciatura,Grado,CINE 6,Ingeniería,Ingeniería Mecánica,"Ingeniería, Industria y Construcción",Ingeniería y Profesiones Afines,STEM
2023,Universidad Nacional,Inglés,506,Región Central,No GAM,Bachillerato,Grado,CINE 6,Artes y Letras,Inglés,Artes y Humanidades,Idiomas,NO STEM
2023,Universidad Nacional,Jazz y Prácticas Musicales Contemporáneas,15,Región Central,GAM,Maestría,Posgrado,CINE 7,Artes y Letras,Artes Musicales,Artes y Humanidades,Artes,NO STEM
2023,Universidad Nacional,Lengua Francesa,81,Región Central,GAM,Bachillerato,Grado,CINE 6,Artes y Letras,Francés,Artes y Humanidades,Idiomas,NO STEM
2023,Universidad Nacional,Lingüística Aplicada énfasis Inglés,20,Región Central,GAM,Maestría,Posgrado,CINE 7,Artes y Letras,Inglés,Artes y Humanidades,Idiomas,NO STEM
2023,Universidad Nacional,Literatura y Lingüística,56,Región Central,GAM,Bachillerato,Grado,CINE 6,Artes y Letras,Literatura y Lingüística (Español),Artes y Humanidades,Idiomas,NO STEM
2023,Universidad Nacional,Medicina Veterinaria,265,Región Central,GAM,Licenciatura,Grado,CINE 6,Ciencias de la Salud,Veterinaria,"Agricultura, Silvicultura, Pesca y Veterinaria",Veterinaria,STEM
2023,Universidad Nacional,Mercadeo y Ventas,24,Región Central,GAM,Maestría,Posgrado,CINE 7,Ciencias Económicas,Mercadeo,Administración de Empresas y Derecho,Educación Comercial y Administración,NO STEM
2023,Universidad Nacional,Metrología y Calidad,11,Región Central,GAM,Maestría,Posgrado,CINE 7,Ingeniería,Ingeniería Industrial,"Ingeniería, Industria y Construcción",Industria y Producción,STEM
2023,Universidad Nacional,Música,10,Región Central,GAM,Maestría,Posgrado,CINE 7,Artes y Letras,Artes Musicales,Artes y Humanidades,Artes,NO STEM
2023,Universidad Nacional,Música Ejecución y Enseñanza de Instrumento,85,Región Central,GAM,Bachillerato,Grado,CINE 6,Educación,Enseñanza de Música,Educación,Educación,NO STEM
2023,Universidad Nacional,Música énfasis Dirección Coral,8,Región Central,GAM,Bachillerato,Grado,CINE 6,Artes y Letras,Artes Musicales,Artes y Humanidades,Artes,NO STEM
2023,Universidad Nacional,Música énfasis Educación Musical,117,Región Central,GAM,Bachillerato,Grado,CINE 6,Educación,Enseñanza de Música,Educación,Educación,NO STEM
2023,Universidad Nacional,Música énfasis Enseñanza e Interpretación de Canto,8,Región Central,GAM,Bachillerato,Grado,CINE 6,Educación,Enseñanza de Música,Educación,Educación,NO STEM
2023,Universidad Nacional,Orientación,306,Región Central,GAM,Bachillerato,Grado,CINE 6,Educación,Orientación,Salud y Bienestar,Bienestar,NO STEM
2023,Universidad Nacional,Pedagogía,23,Región Central,GAM,Maestría,Posgrado,CINE 7,Educación,Educación Generalista,Educación,Educación,NO STEM
2023,Universidad Nacional,Pedagogía énfasis Didáctica,40,Región Central,GAM,Licenciatura,Grado,CINE 6,Educación,Educación Generalista,Educación,Educación,NO STEM
2023,Universidad Nacional,Pedagogía énfasis Educación Preescolar,168,Región Central,GAM,Bachillerato,Grado,CINE 6,Educación,Educación Preescolar,Educación,Educación,NO STEM
2023,Universidad Nacional,Pedagogía énfasis I y II Ciclos de la Educación General Básica,418,Región Chorotega,No GAM,Bachillerato,Grado,CINE 6,Educación,Educación Primaria,Educación,Educación,NO STEM
2023,Universidad Nacional,Pensamiento Estratégico y Prospectiva,10,Región Central,GAM,Maestría,Posgrado,CINE 7,Ciencias Económicas,Planificación,Administración de Empresas y Derecho,Educación Comercial y Administración,NO STEM
2023,Universidad Nacional,Perspectivas de Género en Derechos Humanos,7,Región Central,GAM,Maestría,Posgrado,CINE 7,Ciencias Sociales,Estudios de Género,"Ciencias Sociales, Periodismo e Información",Ciencias Sociales y del Comportamiento,NO STEM
2023,Universidad Nacional,Planificación,3,Región Central,GAM,Maestría,Posgrado,CINE 7,Ciencias Económicas,Planificación,Administración de Empresas y Derecho,Educación Comercial y Administración,NO STEM
2023,Universidad Nacional,Planificación Económica y Social,582,Región Central,GAM,Bachillerato,Grado,CINE 6,Ciencias Económicas,Planificación,Administración de Empresas y Derecho,Educación Comercial y Administración,NO STEM
2023,Universidad Nacional,Política Económica,10,Región Central,GAM,Maestría,Posgrado,CINE 7,Ciencias Económicas,Economía,"Ciencias Sociales, Periodismo e Información",Ciencias Sociales y del Comportamiento,NO STEM
2023,Universidad Nacional,Preparación y Readaptación Física Deportiva,14,Región Central,GAM,Licenciatura,Grado,CINE 6,Ciencias de la Salud,Terapia Física,Salud y Bienestar,Salud,STEM
2023,Universidad Nacional,Promoción de la Salud Física,52,Región Central,GAM,Bachillerato,Grado,CINE 6,Educación,Educación Física,Educación,Educación,NO STEM
2023,Universidad Nacional,Promoción de la Salud y Movimiento Humano,46,Región Brunca,No GAM,Licenciatura,Grado,CINE 6,Ciencias de la Salud,Salud Pública,Salud y Bienestar,Salud,STEM
2023,Universidad Nacional,Psicología,315,Región Central,GAM,Bachillerato,Grado,CINE 6,Ciencias Sociales,Psicología,"Ciencias Sociales, Periodismo e Información",Ciencias Sociales y del Comportamiento,NO STEM
2023,Universidad Nacional,Química Industrial,284,Región Central,GAM,Bachillerato,Grado,CINE 6,Ciencias Básicas,Química,"Ciencias Naturales, Matemáticas y Estadística",Ciencias Físicas,STEM
2023,Universidad Nacional,Relaciones Internacionales,299,Región Central,GAM,Bachillerato,Grado,CINE 6,Ciencias Sociales,Relaciones Internacionales,"Ciencias Sociales, Periodismo e Información",Ciencias Sociales y del Comportamiento,NO STEM
2023,Universidad Nacional,Relaciones Internacionales y Diplomacia,8,Región Central,GAM,Maestría,Posgrado,CINE 7,Ciencias Sociales,Relaciones Internacionales,"Ciencias Sociales, Periodismo e Información",Ciencias Sociales y del Comportamiento,NO STEM
2023,Universidad Nacional,Responsabilidad Social y Sostenibilidad,16,Región Central,GAM,Maestría,Posgrado,CINE 7,Ciencias Sociales,Relaciones Internacionales,"Ciencias Sociales, Periodismo e Información",Ciencias Sociales y del Comportamiento,NO STEM
2023,Universidad Nacional,Salud Integral y Movimiento Humano,22,Región Central,GAM,Maestría,Posgrado,CINE 7,Educación,Educación Física,Educación,Educación,NO STEM
2023,Universidad Nacional,Secretariado Profesional,8,Región Brunca,No GAM,Diplomado,Pregrado,CINE 5,Ciencias Sociales,Secretariado Profesional,Administración de Empresas y Derecho,Educación Comercial y Administración,NO STEM
2023,Universidad Nacional,Sistemas de Información,2301,Región Central,GAM,Bachillerato,Grado,CINE 6,Computación,Ingeniería del Software,Tecnologías de la Información y Comunicación,Tecnologías de la Información y la Comunicación (TIC),STEM
2023,Universidad Nacional,Sistemas de Información Geográfica y Teledetección,9,Región Central,GAM,Maestría,Posgrado,CINE 7,Recursos Naturales,Geografía,"Ciencias Naturales, Matemáticas y Estadística",Ciencias Físicas,STEM
2023,Universidad Nacional,Sociología,373,Región Central,GAM,Bachillerato,Grado,CINE 6,Ciencias Sociales,Sociología,"Ciencias Sociales, Periodismo e Información",Ciencias Sociales y del Comportamiento,NO STEM
2023,Universidad Nacional,Tecnología e Innovación Educativa,32,Región Central,GAM,Maestría,Posgrado,CINE 7,Educación,Tecnología Educativa,Educación,Educación,NO STEM
2023,Universidad Nacional,Tecnologías de Información,30,Región Central,GAM,Maestría,Posgrado,CINE 7,Computación,Tecnologías de Información,Tecnologías de la Información y Comunicación,Tecnologías de la Información y la Comunicación (TIC),STEM
2023,Universidad Nacional,Teología,55,Región Central,GAM,Bachillerato,Grado,CINE 6,Artes y Letras,Teología,Artes y Humanidades,Humanidades,NO STEM
2023,Universidad Nacional,Topografía y Catastro,201,Región Central,GAM,Bachillerato,Grado,CINE 6,Ingeniería,Ingeniería Topográfica,"Ingeniería, Industria y Construcción",Arquitectura y Construcción,STEM
2023,Universidad Nacional,Topografía y Geodesia,37,Región Central,GAM,Licenciatura,Grado,CINE 6,Ingeniería,Ingeniería Topográfica,"Ingeniería, Industria y Construcción",Arquitectura y Construcción,STEM
2023,Universidad Nacional,Traducción Inglés-Español,43,Región Central,GAM,Maestría,Posgrado,CINE 7,Artes y Letras,Inglés,Artes y Humanidades,Idiomas,NO STEM
2023,Universidad Nacional,Turismo y Desarollo Sostenible,14,Región Chorotega,No GAM,Maestría,Posgrado,CINE 7,Ciencias Sociales,Turismo,Servicios,Servicios Personales,NO STEM
2023,Universidad Técnica Nacional,Administración Aduanera,569,Región Central,GAM,Diplomado,Pregrado,CINE 5,Ciencias Económicas,Administración Pública,Administración de Empresas y Derecho,Educación Comercial y Administración,NO STEM
2023,Universidad Técnica Nacional,Administración Agroindustrial,35,Región Huetar Norte,No GAM,Diplomado,Pregrado,CINE 5,Ciencias Económicas,Administración de Empresas Agropecuarias,Administración de Empresas y Derecho,Educación Comercial y Administración,NO STEM
2023,Universidad Técnica Nacional,Administración de Compras y Control de Inventarios,230,Región Central,GAM,Diplomado,Pregrado,CINE 5,Ciencias Económicas,Proveeduría,Administración de Empresas y Derecho,Educación Comercial y Administración,NO STEM
2023,Universidad Técnica Nacional,Administración del Comercio Exterior,36,Región Central,GAM,Licenciatura,Grado,CINE 6,Ciencias Económicas,Comercio Internacional,Administración de Empresas y Derecho,Educación Comercial y Administración,NO STEM
2023,Universidad Técnica Nacional,Administración y Gestión de Recursos Humanos,729,Región Central,GAM,Diplomado,Pregrado,CINE 5,Ciencias Económicas,Administración de Recursos Humanos,Administración de Empresas y Derecho,Educación Comercial y Administración,NO STEM
2023,Universidad Técnica Nacional,Asistencia Administrativa,258,Región Central,GAM,Diplomado,Pregrado,CINE 5,Ciencias Sociales,Secretariado Profesional,Administración de Empresas y Derecho,Educación Comercial y Administración,NO STEM
2023,Universidad Técnica Nacional,Asistencia Veterinaria,31,Región Central,GAM,Diplomado,Pregrado,CINE 5,Ciencias de la Salud,Asistente Veterinaria,"Agricultura, Silvicultura, Pesca y Veterinaria",Veterinaria,STEM
2023,Universidad Técnica Nacional,Comercio Exterior,321,Región Central,GAM,Diplomado,Pregrado,CINE 5,Ciencias Económicas,Comercio Internacional,Administración de Empresas y Derecho,Educación Comercial y Administración,NO STEM
2023,Universidad Técnica Nacional,Contabilidad y Finanzas,1161,Región Central,GAM,Diplomado,Pregrado,CINE 5,Ciencias Económicas,Finanzas,Administración de empresas y derecho,Educación Comercial y Administración,NO STEM
2023,Universidad Técnica Nacional,Contaduría Pública,175,Región Central,GAM,Licenciatura,Grado,CINE 6,Ciencias Económicas,Contaduría,Administración de Empresas y Derecho,Educación Comercial y Administración,NO STEM
2023,Universidad Técnica Nacional,Diseño Gráfico,112,Región Pacífico Central,No GAM,Diplomado,Pregrado,CINE 5,Artes y Letras,Diseño Gráfico,Artes y Humanidades,Artes,NO STEM
2023,Universidad Técnica Nacional,Enseñanza de Especialidad Técnica,151,Región Central,No GAM,Profesorado,Pregrado,CINE 5,Educación,Educación Técnica,Educación,Educación,NO STEM
2023,Universidad Técnica Nacional,Gestión Ecoturística,262,Región Chorotega,No GAM,Diplomado,Pregrado,CINE 5,Ciencias Sociales,Turismo,Servicios,Servicios Personales,NO STEM
2023,Universidad Técnica Nacional,Gestión Empresarial,55,Región Chorotega,No GAM,Licenciatura,Grado,CINE 6,Ciencias Económicas,Administración,Administración de Empresas y Derecho,Educación Comercial y Administración,NO STEM
2023,Universidad Técnica Nacional,Gestión de Centros de Servicios Compartidos,33,Región Huetar Norte,No GAM,Diplomado,Pregrado,CINE 5,Ciencias Económicas,Administración,Administración de Empresas y Derecho,Educación Comercial y Administración,NO STEM
2023,Universidad Técnica Nacional,Gestión de Empresas de Hospedaje y Gastronómicas,292,Región Central,GAM,Diplomado,Pregrado,CINE 5,Ciencias Sociales,Turismo,Servicios,Servicios Personales,NO STEM
2023,Universidad Técnica Nacional,Gestión y Administración Empresarial,481,Región Chorotega,No GAM,Diplomado,Pregrado,CINE 5,Ciencias Económicas,Administración,Administración de Empresas y Derecho,Educación Comercial y Administración,NO STEM
2023,Universidad Técnica Nacional,Ingeniería Acuicultura,70,Región Pacífico Central,No GAM,Diplomado,Pregrado,CINE 5,Recursos Naturales,Zootecnia,"Agricultura, Silvicultura, Pesca y Veterinaria",Agricultura,STEM
2023,Universidad Técnica Nacional,Ingeniería Agricultura Integrada Bajo Riego,1,Región Chorotega,No GAM,Bachillerato,Grado,CINE 6,Recursos Naturales,Agronomía General,"Agricultura, Silvicultura, Pesca y Veterinaria",Agricultura,STEM
2023,Universidad Técnica Nacional,Ingeniería Agronómica,138,Región Chorotega,No GAM,Diplomado,Pregrado,CINE 5,Recursos Naturales,Agronomía General,"Agricultura, Silvicultura, Pesca y Veterinaria",Agricultura,STEM
2023,Universidad Técnica Nacional,Ingeniería Electromecánica,382,Región Central,GAM,Diplomado,Pregrado,CINE 5,Ingeniería,Ingeniería Mecánica,"Ingeniería, Industria y Construcción",Ingeniería y Profesiones Afines,STEM
2023,Universidad Técnica Nacional,Ingeniería Electrónica,496,Región Central,GAM,Diplomado,Pregrado,CINE 5,Ingeniería,Ingeniería Electrónica,"Ingeniería, Industria y Construcción",Ingeniería y Profesiones Afines,STEM
2023,Universidad Técnica Nacional,Ingeniería Eléctrica,230,Región Pacífico Central,No GAM,Diplomado,Pregrado,CINE 5,Ingeniería,Ingeniería Eléctrica,"Ingeniería, Industria y Construcción",Ingeniería y Profesiones Afines,STEM
2023,Universidad Técnica Nacional,Ingeniería Energética,58,Región Chorotega,No GAM,Diplomado,Pregrado,CINE 5,Ingeniería,Ingeniería Mecánica,"Ingeniería, Industria y Construcción",Ingeniería y Profesiones Afines,STEM
2023,Universidad Técnica Nacional,Ingeniería Gestión Ambiental,506,Región Chorotega,No GAM,Diplomado,Pregrado,CINE 5,Recursos Naturales,Ecología,"Ciencias Naturales, Matemáticas y Estadística",Medio Ambiente,STEM
2023,Universidad Técnica Nacional,Ingeniería Manejo del Recurso Hídrico,195,Región Central,GAM,Diplomado,Pregrado,CINE 5,Recursos Naturales,Manejo de Recursos Hídricos,"Ciencias Naturales, Matemáticas y Estadística",Medio Ambiente,STEM
2023,Universidad Técnica Nacional,Ingeniería Procesos y Calidad,334,Región Central,GAM,Diplomado,Pregrado,CINE 5,Ingeniería,Ingeniería Industrial,"Ingeniería, Industria y Construcción",Industria y Producción,STEM
2023,Universidad Técnica Nacional,Ingeniería Producción Animal,1,Región Central,GAM,Bachillerato,Grado,CINE 6,Recursos Naturales,Producción Animal,"Agricultura, Silvicultura, Pesca y Veterinaria",Agricultura,STEM
2023,Universidad Técnica Nacional,Ingeniería Producción Industrial,591,Región Central,GAM,Diplomado,Pregrado,CINE 5,Ingeniería,Ingeniería Industrial,"Ingeniería, Industria y Construcción",Industria y Producción,STEM
2023,Universidad Técnica Nacional,Ingeniería Salud Ocupacional y Ambiente,660,Región Central,GAM,Diplomado,Pregrado,CINE 5,Ingeniería,Seguridad Laboral,Servicios,Servicios de Higiene y Salud Ocupacional,STEM
2023,Universidad Técnica Nacional,Ingeniería Sistemas de Producción Animal,289,Región Central,GAM,Diplomado,Pregrado,CINE 5,Recursos Naturales,Producción Animal,"Agricultura, Silvicultura, Pesca y Veterinaria",Agricultura,STEM
2023,Universidad Técnica Nacional,Ingeniería Tecnología de Alimentos,296,Región Central,GAM,Diplomado,Pregrado,CINE 5,Ingeniería,Ingeniería de Alimentos,"Ingeniería, Industria y Construcción",Industria y Producción,STEM
2023,Universidad Técnica Nacional,Ingeniería Tecnologías de Información,631,Región Chorotega,No GAM,Diplomado,Pregrado,CINE 5,Computación,Tecnologías de Información,Tecnologías de la Información y Comunicación,Tecnologías de la Información y la Comunicación (TIC),STEM
2023,Universidad Técnica Nacional,Ingeniería de Software,993,Región Central,GAM,Diplomado,Pregrado,CINE 5,Computación,Ingeniería del Software,Tecnologías de la Información y Comunicación,Tecnologías de la Información y la Comunicación (TIC),STEM
2023,Universidad Técnica Nacional,Ingeniería en Ciencias Forestales y Vida Silvestre,230,Región Central,GAM,Diplomado,Pregrado,CINE 5,Recursos Naturales,Forestales,"Ciencias Naturales, Matemáticas y Estadística",Medio Ambiente,STEM
2023,Universidad Técnica Nacional,Inglés como Lengua Extranjera,829,Región Central,No GAM,Diplomado,Pregrado,CINE 5,Educación,Enseñanza de Inglés,Educación,Educación,NO STEM
2023,Universidad Técnica Nacional,Logística Internacional,35,Región Central,GAM,Licenciatura,Grado,CINE 6,Ciencias Económicas,Administración Pública,Administración de Empresas y Derecho,Educación Comercial y Administración,NO STEM
2023,Universidad Técnica Nacional,Mantenimiento Agroindustrial Sostenible,32,Región Huetar Norte,No GAM,Diplomado,Pregrado,CINE 5,Ingeniería,Ingeniería Mecánica,"Ingeniería, Industria y Construcción",Ingeniería y Profesiones Afines,STEM
2023,Universidad Técnica Nacional,Mecatrónica,44,Región Central,GAM,Diplomado,Pregrado,CINE 5,Ingeniería,Ingeniería Mecánica,"Ingeniería, Industria y Construcción",Ingeniería y Profesiones Afines,STEM
2023,Universidad Técnica Nacional,Mediación Pedagógica,47,Región Central,No GAM,Licenciatura,Grado,CINE 6,Educación,Educación Generalista,Educación,Educación,NO STEM
2023,Universidad Técnica Nacional,Medicina Veterinaria,232,Región Central,GAM,Diplomado,Pregrado,CINE 5,Ciencias de la Salud,Veterinaria,"Agricultura, Silvicultura, Pesca y Veterinaria",Veterinaria,STEM
2023,Universidad Técnica Nacional,Tecnología de la Imagen,140,Región Central,GAM,Diplomado,Pregrado,CINE 5,Artes y Letras,Fotografía,Artes y Humanidades,Artes,NO STEM
2023,Universidad de Costa Rica,Administración Aduanera y Comercio Exterior,1022,Región Central,GAM,Licenciatura,Grado,CINE 6,Ciencias Económicas,Administración Pública,Administración de Empresas y Derecho,Educación Comercial y Administración,NO STEM
2023,Universidad de Costa Rica,Administración Educativa,48,Región Central,GAM,Maestría,Posgrado,CINE 7,Educación,Administración Educativa,Educación,Educación,NO STEM
2023,Universidad de Costa Rica,Administración Pública,562,Región Central,GAM,Licenciatura,Grado,CINE 6,Ciencias Económicas,Administración Pública,Administración de Empresas y Derecho,Educación Comercial y Administración,NO STEM
2023,Universidad de Costa Rica,Administración Pública énfasis Administración Aduanera y Comercio Internacional,7,Región Central,GAM,Maestría,Posgrado,CINE 7,Ciencias Económicas,Administración Pública,Administración de Empresas y Derecho,Educación Comercial y Administración,NO STEM
2023,Universidad de Costa Rica,Administración Pública énfasis Gestión Pública,14,Región Central,GAM,Maestría,Posgrado,CINE 7,Ciencias Económicas,Administración Pública,Administración de Empresas y Derecho,Educación Comercial y Administración,NO STEM
2023,Universidad de Costa Rica,Administración Universitaria,9,Región Central,GAM,Maestría,Posgrado,CINE 7,Educación,Administración Educativa,Educación,Educación,NO STEM
2023,Universidad de Costa Rica,Administración de Negocios Varios énfasis,2,Región Central,GAM,Licenciatura,Grado,CINE 6,Ciencias Económicas,Administración,Administración de Empresas y Derecho,Educación Comercial y Administración,NO STEM
2023,Universidad de Costa Rica,Administración e Ingeniería de la Construcción,3,Región Central,GAM,Maestría,Posgrado,CINE 7,Ingeniería,Ingeniería Civil,"Ingeniería, Industria y Construcción",Arquitectura y Construcción,STEM
2023,Universidad de Costa Rica,Administración y Dirección de Empresas,15,Región Central,GAM,Maestría,Posgrado,CINE 7,Ciencias Económicas,Administración,Administración de Empresas y Derecho,Educación Comercial y Administración,NO STEM
2023,Universidad de Costa Rica,Administración y Dirección de Empresas énfasis Finanzas,26,Región Central,GAM,Maestría,Posgrado,CINE 7,Ciencias Económicas,Finanzas,Administración de Empresas y Derecho,Educación Comercial y Administración,NO STEM
2023,Universidad de Costa Rica,Administración y Dirección de Empresas énfasis Gerencia,34,Región Central,GAM,Maestría,Posgrado,CINE 7,Ciencias Económicas,Administración,Administración de Empresas y Derecho,Educación Comercial y Administración,NO STEM
2023,Universidad de Costa Rica,Agronomía,717,Región Central,GAM,Licenciatura,Grado,CINE 6,Recursos Naturales,Agronomía General,"Agricultura, Silvicultura, Pesca y Veterinaria",Agricultura,STEM
2023,Universidad de Costa Rica,Anatomía Patológica,9,Región Central,GAM,Especialidad Profesional,Posgrado,CINE 7,Ciencias de la Salud,Medicina,Salud y Bienestar,Salud,STEM
2023,Universidad de Costa Rica,Anestesiología y Recuperación,70,Región Central,GAM,Especialidad Profesional,Posgrado,CINE 7,Ciencias de la Salud,Medicina,Salud y Bienestar,Salud,STEM
2023,Universidad de Costa Rica,Antropología,336,Región Central,GAM,Bachillerato,Grado,CINE 6,Ciencias Sociales,Antropología,"Ciencias Sociales, Periodismo e Información",Ciencias Sociales y del Comportamiento,NO STEM
2023,Universidad de Costa Rica,Antropología varios énfasis,16,Región Central,GAM,Licenciatura,Grado,CINE 6,Ciencias Sociales,Antropología,"Ciencias Sociales, Periodismo e Información",Ciencias Sociales y del Comportamiento,NO STEM
2023,Universidad de Costa Rica,Archivística,279,Región Central,GAM,Licenciatura,Grado,CINE 6,Ciencias Sociales,Archivística,"Ciencias Sociales, Periodismo e Información",Periodismo e Información,NO STEM
2023,Universidad de Costa Rica,Arquitectura,696,Región Central,GAM,Licenciatura,Grado,CINE 6,Ingeniería,Arquitectura,"Ingeniería, Industria y Construcción",Arquitectura y Construcción,STEM
2023,Universidad de Costa Rica,Arquitectura Tropical,7,Región Central,GAM,Maestría,Posgrado,CINE 7,Ingeniería,Arquitectura,"Ingeniería, Industria y Construcción",Arquitectura y Construcción,STEM
2023,Universidad de Costa Rica,Arquitectura y Construcción,9,Región Central,GAM,Maestría,Posgrado,CINE 7,Ingeniería,Arquitectura,"Ingeniería, Industria y Construcción",Arquitectura y Construcción,STEM
2023,Universidad de Costa Rica,Artes,24,Región Central,GAM,Maestría,Posgrado,CINE 7,Artes y Letras,Artes y Letras,Artes y Humanidades,Artes,NO STEM
2023,Universidad de Costa Rica,Artes Dramáticas,149,Región Central,GAM,Licenciatura,Grado,CINE 6,Artes y Letras,Artes Dramáticas,Artes y Humanidades,Artes,NO STEM
2023,Universidad de Costa Rica,Artes Plásticas énfasis Cerámica,2,Región Central,GAM,Licenciatura,Grado,CINE 6,Artes y Letras,Artes Plásticas,Artes y Humanidades,Artes,NO STEM
2023,Universidad de Costa Rica,Artes Plásticas énfasis Diseño Gráfico,3,Región Central,GAM,Licenciatura,Grado,CINE 6,Artes y Letras,Diseño Gráfico,Artes y Humanidades,Artes,NO STEM
2023,Universidad de Costa Rica,Artes Plásticas énfasis Escultura,5,Región Central,GAM,Licenciatura,Grado,CINE 6,Artes y Letras,Artes Plásticas,Artes y Humanidades,Artes,NO STEM
2023,Universidad de Costa Rica,Artes Plásticas énfasis Pintura,6,Región Central,GAM,Licenciatura,Grado,CINE 6,Artes y Letras,Artes Plásticas,Artes y Humanidades,Artes,NO STEM
2023,Universidad de Costa Rica,Artes Visuales,1,Región Central,GAM,Maestría,Posgrado,CINE 7,Artes y Letras,Artes Plásticas,Artes y Humanidades,Artes,NO STEM
2023,Universidad de Costa Rica,Artes énfasis Artes Escénicas,3,Región Central,GAM,Maestría,Posgrado,CINE 7,Artes y Letras,Artes Dramáticas,Artes y Humanidades,Artes,NO STEM
2023,Universidad de Costa Rica,Artes énfasis Cinematografía,1,Región Central,GAM,Maestría,Posgrado,CINE 7,Artes y Letras,Producción de Cine y Televisión,Artes y Humanidades,Artes,NO STEM
2023,Universidad de Costa Rica,Asistente de Laboratorio,75,Región Central,GAM,Diplomado,Pregrado,CINE 5,Ciencias de la Salud,Asistente de Laboratorio,"Ciencias naturales, matemáticas y estadística",Ciencias Biológicas y afines,STEM
2023,Universidad de Costa Rica,Astrofísica,8,Región Central,GAM,Maestría,Posgrado,CINE 7,Ciencias Básicas,Física,"Ciencias Naturales, Matemáticas y Estadística",Ciencias Físicas,STEM
2023,Universidad de Costa Rica,Atención Farmacéutica,3,Región Central,GAM,Maestría,Posgrado,CINE 7,Ciencias de la Salud,Farmacia,Salud y Bienestar,Salud,STEM
2023,Universidad de Costa Rica,Audiología,149,Región Central,GAM,Licenciatura,Grado,CINE 6,Ciencias de la Salud,Audiología,Salud y Bienestar,Salud,STEM
2023,Universidad de Costa Rica,Bibliotecología y Ciencias de la Información,76,Región Central,GAM,Licenciatura,Grado,CINE 6,Ciencias Sociales,Bibliotecología,"Ciencias Sociales, Periodismo e Información",Periodismo e Información,NO STEM
2023,Universidad de Costa Rica,Bibliotecología y Estudios de la Información,9,Región Central,GAM,Maestría,Posgrado,CINE 7,Ciencias Sociales,Bibliotecología,"Ciencias Sociales, Periodismo e Información",Periodismo e Información,NO STEM
2023,Universidad de Costa Rica,Bibliotecología énfasis Bibliotecas Educativas,236,Región Central,GAM,Bachillerato,Grado,CINE 6,Ciencias Sociales,Bibliotecología,"Ciencias Sociales, Periodismo e Información",Periodismo e Información,NO STEM
2023,Universidad de Costa Rica,Bibliotecología énfasis Ciencias de la Información,160,Región Central,GAM,Bachillerato,Grado,CINE 6,Ciencias Sociales,Bibliotecología,"Ciencias Sociales, Periodismo e Información",Periodismo e Información,NO STEM
2023,Universidad de Costa Rica,Bioinformática y Biología de Sistemas,16,Región Central,GAM,Maestría,Posgrado,CINE 7,Ciencias Básicas,Biología,"Ciencias Naturales, Matemáticas y Estadística",Ciencias Biológicas y Afines,STEM
2023,Universidad de Costa Rica,Biología,397,Región Central,GAM,Licenciatura,Grado,CINE 6,Ciencias Básicas,Biología,"Ciencias Naturales, Matemáticas y Estadística",Ciencias Biológicas y Afines,STEM
2023,Universidad de Costa Rica,Biología énfasis Genética y Biología Molecular,25,Región Central,GAM,Maestría,Posgrado,CINE 7,Ciencias Básicas,Biología,"Ciencias Naturales, Matemáticas y Estadística",Ciencias Biológicas y Afines,STEM
2023,Universidad de Costa Rica,Bioética,1,Región Central,GAM,Maestría,Posgrado,CINE 7,Artes y Letras,Filosofía,Artes y Humanidades,Humanidades,NO STEM
2023,Universidad de Costa Rica,Cardiología,26,Región Central,GAM,Especialidad Profesional,Posgrado,CINE 7,Ciencias de la Salud,Medicina,Salud y Bienestar,Salud,STEM
2023,Universidad de Costa Rica,Cardiología Pediátrica,1,Región Central,GAM,Especialidad Profesional,Posgrado,CINE 7,Ciencias de la Salud,Medicina,Salud y Bienestar,Salud,STEM
2023,Universidad de Costa Rica,Ciencia de Alimentos,13,Región Central,GAM,Maestría,Posgrado,CINE 7,Ingeniería,Ingeniería de Alimentos,"Ingeniería, Industria y Construcción",Industria y Producción,STEM
2023,Universidad de Costa Rica,Ciencias,14,Región Central,GAM,Doctorado,Posgrado,CINE 8,Ciencias Básicas,Ciencias,"Ciencias Naturales, Matemáticas y Estadística",Medio Ambiente,STEM
2023,Universidad de Costa Rica,Ciencias Actuariales,214,Región Central,GAM,Licenciatura,Grado,CINE 6,Ciencias Básicas,Ciencias Actuariales,"Ciencias Naturales, Matemáticas y Estadística",Matemáticas y Estadística,STEM
2023,Universidad de Costa Rica,Ciencias Agrícolas,6,Región Central,GAM,Doctorado,Posgrado,CINE 8,Recursos Naturales,Agronomía General,"Agricultura, Silvicultura, Pesca y Veterinaria",Agricultura,STEM
2023,Universidad de Costa Rica,Ciencias Agrícolas y Recursos Naturales énfasis Biotecnología,5,Región Central,GAM,Maestría,Posgrado,CINE 7,Recursos Naturales,Agronomía General,"Agricultura, Silvicultura, Pesca y Veterinaria",Agricultura,STEM
2023,Universidad de Costa Rica,Ciencias Agrícolas y Recursos Naturales énfasis Nutrición Animal,7,Región Central,GAM,Maestría,Posgrado,CINE 7,Recursos Naturales,Zootecnia,"Agricultura, Silvicultura, Pesca y Veterinaria",Agricultura,STEM
2023,Universidad de Costa Rica,Ciencias Agrícolas y Recursos Naturales énfasis Protección de Cultivos,11,Región Central,GAM,Maestría,Posgrado,CINE 7,Recursos Naturales,Agronomía General,"Agricultura, Silvicultura, Pesca y Veterinaria",Agricultura,STEM
2023,Universidad de Costa Rica,Ciencias Agrícolas y Recursos Naturales énfasis Suelos,9,Región Central,GAM,Maestría,Posgrado,CINE 7,Recursos Naturales,Agronomía General,"Agricultura, Silvicultura, Pesca y Veterinaria",Agricultura,STEM
2023,Universidad de Costa Rica,Ciencias Biomédicas énfasis Bioquímica y Fisiología Celular,2,Región Central,GAM,Maestría,Posgrado,CINE 7,Ciencias de la Salud,Biomédica,Salud y Bienestar,Salud,STEM
2023,Universidad de Costa Rica,Ciencias Cognoscitivas,3,Región Central,GAM,Maestría,Posgrado,CINE 7,Artes y Letras,Ciencias Cognoscitivas,Artes y Humanidades,Artes,NO STEM
2023,Universidad de Costa Rica,Ciencias Morfológicas,8,Región Central,GAM,Maestría,Posgrado,CINE 7,Ciencias de la Salud,Medicina,Salud y Bienestar,Salud,STEM
2023,Universidad de Costa Rica,Ciencias Médicas y Quirúrgicas,11,Región Central,GAM,Maestría,Posgrado,CINE 7,Ciencias de la Salud,Medicina,Salud y Bienestar,Salud,STEM
2023,Universidad de Costa Rica,Ciencias Neurológicas,6,Región Central,GAM,Maestría,Posgrado,CINE 7,Ciencias de la Salud,Medicina,Salud y Bienestar,Salud,STEM
2023,Universidad de Costa Rica,Ciencias Penales,23,Región Central,GAM,Maestría,Posgrado,CINE 7,Derecho,Derecho Penal,Administración de Empresas y Derecho,Derecho,NO STEM
2023,Universidad de Costa Rica,Ciencias Políticas,706,Región Central,GAM,Licenciatura,Grado,CINE 6,Ciencias Sociales,Ciencias Políticas,"Ciencias Sociales, Periodismo e Información",Ciencias Sociales y del Comportamiento,NO STEM
2023,Universidad de Costa Rica,Ciencias Sociales sobre América Central,3,Región Central,GAM,Doctorado,Posgrado,CINE 8,Ciencias Sociales,Ciencias Sociales,"Ciencias Sociales, Periodismo e Información",Ciencias Sociales y del Comportamiento,NO STEM
2023,Universidad de Costa Rica,Ciencias de la Atmósfera,4,Región Central,GAM,Maestría,Posgrado,CINE 7,Ciencias Básicas,Meteorología,"Ciencias Naturales, Matemáticas y Estadística",Ciencias Físicas,STEM
2023,Universidad de Costa Rica,Ciencias de la Comunicación Colectiva,524,Región Central,GAM,Licenciatura,Grado,CINE 6,Ciencias Sociales,Comunicación,"Ciencias Sociales, Periodismo e Información",Periodismo e Información,NO STEM
2023,Universidad de Costa Rica,Ciencias de la Educación Inicial,188,Región Chorotega,No GAM,Bachillerato,Grado,CINE 6,Educación,Educación Preescolar,Educación,Educación,NO STEM
2023,Universidad de Costa Rica,Ciencias de la Educación Preescolar énfasis Inglés,132,Región Central,No GAM,Bachillerato,Grado,CINE 6,Educación,Educación Preescolar Inglés,Educación,Educación,NO STEM
2023,Universidad de Costa Rica,Ciencias de la Educación Primaria,283,Región Central,No GAM,Bachillerato,Grado,CINE 6,Educación,Educación Primaria,Educación,Educación,NO STEM
2023,Universidad de Costa Rica,Ciencias de la Educación Primaria énfasis Inglés,368,Región Chorotega,No GAM,Bachillerato,Grado,CINE 6,Educación,Educación Primaria Inglés,Educación,Educación,NO STEM
2023,Universidad de Costa Rica,Ciencias de la Educación énfasis Administración de la Educación,67,Región Central,GAM,Licenciatura,Grado,CINE 6,Educación,Administración Educativa,Educación,Educación,NO STEM
2023,Universidad de Costa Rica,Ciencias de la Educación énfasis Administración de la Educación No Formal,83,Región Central,GAM,Licenciatura,Grado,CINE 6,Educación,Educación Generalista,Educación,Educación,NO STEM
2023,Universidad de Costa Rica,Ciencias de la Educación énfasis Educación Especial,139,Región Central,GAM,Bachillerato,Grado,CINE 6,Educación,Educación Especial,Educación,Educación,NO STEM
2023,Universidad de Costa Rica,Ciencias de la Educación énfasis Orientación,196,Región Central,GAM,Licenciatura,Grado,CINE 6,Educación,Orientación,Salud y Bienestar,Bienestar,NO STEM
2023,Universidad de Costa Rica,Ciencias del Movimiento Humano,387,Región Central,GAM,Bachillerato,Grado,CINE 6,Educación,Educación Física,Educación,Educación,NO STEM
2023,Universidad de Costa Rica,Ciencias del Movimiento Humano en el Medio Natural,16,Región Central,No GAM,Licenciatura,Grado,CINE 6,Educación,Educación Física,Educación,Educación,NO STEM
2023,Universidad de Costa Rica,Cirugía Cardiovascular Toráxica,2,Región Central,GAM,Especialidad Profesional,Posgrado,CINE 7,Ciencias de la Salud,Medicina,Salud y Bienestar,Salud,STEM
2023,Universidad de Costa Rica,Cirugía General,33,Región Central,GAM,Especialidad Profesional,Posgrado,CINE 7,Ciencias de la Salud,Medicina,Salud y Bienestar,Salud,STEM
2023,Universidad de Costa Rica,Cirugía Pediátrica,10,Región Central,GAM,Especialidad Profesional,Posgrado,CINE 7,Ciencias de la Salud,Medicina,Salud y Bienestar,Salud,STEM
2023,Universidad de Costa Rica,Cirugía Plástica y Reconstructiva,6,Región Central,GAM,Especialidad Profesional,Posgrado,CINE 7,Ciencias de la Salud,Medicina,Salud y Bienestar,Salud,STEM
2023,Universidad de Costa Rica,Cirugía Toráxica General,2,Región Central,GAM,Especialidad Profesional,Posgrado,CINE 7,Ciencias de la Salud,Medicina,Salud y Bienestar,Salud,STEM
2023,Universidad de Costa Rica,Computación e Informática,55,Región Central,GAM,Maestría,Posgrado,CINE 7,Computación,Ciencias de la Computación,Tecnologías de la Información y Comunicación,Tecnologías de la Información y la Comunicación (TIC),STEM
2023,Universidad de Costa Rica,Computación varios énfasis,773,Región Central,GAM,Bachillerato,Grado,CINE 6,Computación,Ciencias de la Computación,Tecnologías de la Información y Comunicación,Tecnologías de la Información y la Comunicación (TIC),STEM
2023,Universidad de Costa Rica,Comunicación y Desarrollo,2,Región Central,GAM,Maestría,Posgrado,CINE 7,Ciencias Sociales,Comunicación,"Ciencias Sociales, Periodismo e Información",Periodismo e Información,NO STEM
2023,Universidad de Costa Rica,Comunicación énfasis Diseño del Lenguaje Audiovisual y Multimedia,33,Región Central,GAM,Maestría,Posgrado,CINE 7,Ciencias Sociales,Producción Audiovisual,Artes y Humanidades,Artes,NO STEM
2023,Universidad de Costa Rica,Contaduría Pública,1752,Región Central,GAM,Licenciatura,Grado,CINE 6,Ciencias Económicas,Contaduría,Administración de Empresas y Derecho,Educación Comercial y Administración,NO STEM
2023,Universidad de Costa Rica,Derecho,1345,Región Central,GAM,Licenciatura,Grado,CINE 6,Derecho,Derecho,Administración de Empresas y Derecho,Derecho,NO STEM
2023,Universidad de Costa Rica,Derecho Ambiental,7,Región Central,GAM,Maestría,Posgrado,CINE 7,Derecho,Derecho Ambiental,Administración de Empresas y Derecho,Derecho,NO STEM
2023,Universidad de Costa Rica,Derecho Comunitario y Derechos Humanos,3,Región Central,GAM,Maestría,Posgrado,CINE 7,Derecho,Derechos Humanos,Administración de Empresas y Derecho,Derecho,NO STEM
2023,Universidad de Costa Rica,Derecho Notarial y Registral,24,Región Central,GAM,Especialidad Profesional,Posgrado,CINE 7,Derecho,Derecho Notarial,Administración de Empresas y Derecho,Derecho,NO STEM
2023,Universidad de Costa Rica,Derecho Público,47,Región Central,GAM,Maestría,Posgrado,CINE 7,Derecho,Derecho Público,Administración de Empresas y Derecho,Derecho,NO STEM
2023,Universidad de Costa Rica,Derechos Humanos de la Niñez y la Adolescencia,2,Región Central,GAM,Maestría,Posgrado,CINE 7,Derecho,Derechos Humanos,Administración de Empresas y Derecho,Derecho,NO STEM
2023,Universidad de Costa Rica,Dermatología,21,Región Central,GAM,Especialidad Profesional,Posgrado,CINE 7,Ciencias de la Salud,Medicina,Salud y Bienestar,Salud,STEM
2023,Universidad de Costa Rica,Desarrollo Sostenible énfasis Conservación de los Recursos Biológicos,16,Región Central,No GAM,Maestría,Posgrado,CINE 7,Recursos Naturales,Ecología,"Ciencias Naturales, Matemáticas y Estadística",Medio Ambiente,STEM
2023,Universidad de Costa Rica,Desarrollo Sostenible énfasis Formación y Promoción Ecológica,5,Región Central,No GAM,Maestría,Posgrado,CINE 7,Recursos Naturales,Ecología,"Ciencias Naturales, Matemáticas y Estadística",Medio Ambiente,STEM
2023,Universidad de Costa Rica,Desarrollo Urbano y Gestión Territorial,14,Región Central,GAM,Maestría,Posgrado,CINE 7,Ingeniería,Arquitectura,"Ingeniería, Industria y Construcción",Arquitectura y Construcción,STEM
2023,Universidad de Costa Rica,Diplomacia,42,Región Central,GAM,Maestría,Posgrado,CINE 7,Ciencias Sociales,Relaciones Internacionales,"Ciencias Sociales, Periodismo e Información",Ciencias Sociales y del Comportamiento,NO STEM
2023,Universidad de Costa Rica,Dirección de Empresas,2736,Región Central,GAM,Licenciatura,Grado,CINE 6,Ciencias Económicas,Administración,Administración de Empresas y Derecho,Educación Comercial y Administración,NO STEM
2023,Universidad de Costa Rica,Diseño Gráfico,603,Región Central,GAM,Licenciatura,Grado,CINE 6,Artes y Letras,Diseño Gráfico,Artes y Humanidades,Artes,NO STEM
2023,Universidad de Costa Rica,Diseño Plástico énfasis Diseño Pictórico,440,Región Central,GAM,Licenciatura,Grado,CINE 6,Artes y Letras,Artes Plásticas,Artes y Humanidades,Artes,NO STEM
2023,Universidad de Costa Rica,Docencia Universitaria,63,Región Central,GAM,Licenciatura,Grado,CINE 6,Educación,Docencia,Educación,Educación,NO STEM
2023,Universidad de Costa Rica,Economía,554,Región Central,GAM,Bachillerato,Grado,CINE 6,Ciencias Económicas,Economía,"Ciencias Sociales, Periodismo e Información",Ciencias Sociales y del Comportamiento,NO STEM
2023,Universidad de Costa Rica,Economía Agrícola,2,Región Central,GAM,Licenciatura,Grado,CINE 6,Recursos Naturales,Agronomía General,"Agricultura, Silvicultura, Pesca y Veterinaria",Agricultura,STEM
2023,Universidad de Costa Rica,Economía Agrícola y Agronegocios énfasis Agroambiente,502,Región Central,GAM,Licenciatura,Grado,CINE 6,Recursos Naturales,Economía Agrícola,"Agricultura, Silvicultura, Pesca y Veterinaria",Agricultura,STEM
2023,Universidad de Costa Rica,Economía Varios énfasis,1,Región Central,GAM,Licenciatura,Grado,CINE 6,Ciencias Económicas,Economía,"Ciencias Sociales, Periodismo e Información",Ciencias Sociales y del Comportamiento,NO STEM
2023,Universidad de Costa Rica,Educación,14,Región Central,GAM,Doctorado,Posgrado,CINE 8,Educación,Educación Generalista,Educación,Educación,NO STEM
2023,Universidad de Costa Rica,Educación Especial énfasis Aprendizaje Diverso,15,Región Central,GAM,Licenciatura,Grado,CINE 6,Educación,Educación Especial,Educación,Educación,NO STEM
2023,Universidad de Costa Rica,Educación Especial énfasis Educación de Personas Trastornos,19,Región Central,GAM,Licenciatura,Grado,CINE 6,Educación,Educación Especial,Educación,Educación,NO STEM
2023,Universidad de Costa Rica,Educación Inicial Inglés,15,Región Central,No GAM,Licenciatura,Grado,CINE 6,Educación,Educación Preescolar Inglés,Educación,Educación,NO STEM
2023,Universidad de Costa Rica,Educación Matemática,233,Región Central,GAM,Licenciatura,Grado,CINE 6,Educación,Enseñanza de Matemática,Educación,Educación,NO STEM
2023,Universidad de Costa Rica,Educación Preescolar,175,Región Central,GAM,Licenciatura,Grado,CINE 6,Educación,Educación Preescolar,Educación,Educación,NO STEM
2023,Universidad de Costa Rica,Educación Primaria,240,Región Central,GAM,Licenciatura,Grado,CINE 6,Educación,Educación Primaria,Educación,Educación,NO STEM
2023,Universidad de Costa Rica,Educación Primaria Inglés,14,Región Central,No GAM,Licenciatura,Grado,CINE 6,Educación,Educación Primaria Inglés,Educación,Educación,NO STEM
2023,Universidad de Costa Rica,Educación énfasis Docencia Universitaria,9,Región Central,GAM,Maestría,Posgrado,CINE 7,Educación,Docencia,Educación,Educación,NO STEM
2023,Universidad de Costa Rica,Educación énfasis Evaluación Educativa,16,Región Central,GAM,Maestría,Posgrado,CINE 7,Educación,Evaluación Educativa,Educación,Educación,NO STEM
2023,Universidad de Costa Rica,Educación énfasis Orientación Área Familiar,2,Región Central,GAM,Maestría,Posgrado,CINE 7,Educación,Orientación,Salud y Bienestar,Bienestar,NO STEM
2023,Universidad de Costa Rica,Educación énfasis Orientación Área Laboral,6,Región Central,GAM,Maestría,Posgrado,CINE 7,Educación,Orientación,Salud y Bienestar,Bienestar,NO STEM
2023,Universidad de Costa Rica,Emergencias Médicas,9,Región Central,GAM,Diplomado,Pregrado,CINE 5,Ciencias de la Salud,Emergencias Médicas,Salud y Bienestar,Salud,STEM
2023,Universidad de Costa Rica,Endocrinología,14,Región Central,GAM,Especialidad Profesional,Posgrado,CINE 7,Ciencias de la Salud,Medicina,Salud y Bienestar,Salud,STEM
2023,Universidad de Costa Rica,Enfermería,554,Región Central,GAM,Licenciatura,Grado,CINE 6,Ciencias de la Salud,Enfermería,Salud y Bienestar,Salud,STEM
2023,Universidad de Costa Rica,Enfermería Oncológica y Hematología,1,Región Central,GAM,Maestría,Posgrado,CINE 7,Ciencias de la Salud,Enfermería,Salud y Bienestar,Salud,STEM
2023,Universidad de Costa Rica,Enfermería Pediátrica énfasis Neonatología,4,Región Central,GAM,Maestría,Posgrado,CINE 7,Ciencias de la Salud,Enfermería,Salud y Bienestar,Salud,STEM
2023,Universidad de Costa Rica,Enfermería Pediátrica énfasis Niñez y Adolescencia,4,Región Central,GAM,Maestría,Posgrado,CINE 7,Ciencias de la Salud,Enfermería,Salud y Bienestar,Salud,STEM
2023,Universidad de Costa Rica,Enfermería Quirúrgica,16,Región Central,GAM,Maestría,Posgrado,CINE 7,Ciencias de la Salud,Enfermería,Salud y Bienestar,Salud,STEM
2023,Universidad de Costa Rica,Enfermería en Salud Mental y Psiquiatría,21,Región Central,GAM,Maestría,Posgrado,CINE 7,Ciencias de la Salud,Enfermería,Salud y Bienestar,Salud,STEM
2023,Universidad de Costa Rica,Enseñanza de la Filosofía,89,Región Central,GAM,Bachillerato,Grado,CINE 6,Educación,Enseñanza de Filosofía,Educación,Educación,NO STEM
2023,Universidad de Costa Rica,Enseñanza de la Matemática,381,Región Central,GAM,Licenciatura,Grado,CINE 6,Educación,Enseñanza de Matemática,Educación,Educación,NO STEM
2023,Universidad de Costa Rica,Enseñanza de la Música,209,Región Central,GAM,Licenciatura,Grado,CINE 6,Educación,Enseñanza de Música,Educación,Educación,NO STEM
2023,Universidad de Costa Rica,Enseñanza de la Psicología,116,Región Central,GAM,Bachillerato,Grado,CINE 6,Educación,Enseñanza de Psicología,Educación,Educación,NO STEM
2023,Universidad de Costa Rica,Enseñanza de las Ciencias Naturales,261,Región Central,GAM,Licenciatura,Grado,CINE 6,Educación,Enseñanza de Ciencias,Educación,Educación,NO STEM
2023,Universidad de Costa Rica,Enseñanza de los Estudios Sociales y la Educación Cívica,373,Región Central,GAM,Licenciatura,Grado,CINE 6,Educación,Enseñanza de Estudios Sociales,Educación,Educación,NO STEM
2023,Universidad de Costa Rica,Enseñanza del Castellano y Literatura,336,Región Central,GAM,Licenciatura,Grado,CINE 6,Educación,Enseñanza de Castellano,Educación,Educación,NO STEM
2023,Universidad de Costa Rica,Enseñanza del Francés,155,Región Central,GAM,Bachillerato,Grado,CINE 6,Educación,Enseñanza de Francés,Educación,Educación,NO STEM
2023,Universidad de Costa Rica,Enseñanza del Francés como Lengua Extranjera,2,Región Central,GAM,Licenciatura,Grado,CINE 6,Educación,Enseñanza de Francés,Educación,Educación,NO STEM
2023,Universidad de Costa Rica,Enseñanza del Inglés,679,Región Central,No GAM,Bachillerato,Grado,CINE 6,Educación,Enseñanza de Inglés,Educación,Educación,NO STEM
2023,Universidad de Costa Rica,Enseñanza del Inglés como Lengua Extranjera,38,Región Central,GAM,Maestría,Posgrado,CINE 7,Educación,Enseñanza de Inglés,Educación,Educación,NO STEM
2023,Universidad de Costa Rica,Español como Segunda Lengua,3,Región Central,GAM,Maestría,Posgrado,CINE 7,Artes y Letras,Lenguas,Artes y Humanidades,Idiomas,NO STEM
2023,Universidad de Costa Rica,Estadística,435,Región Central,GAM,Bachillerato,Grado,CINE 6,Ciencias Básicas,Estadística,"Ciencias Naturales, Matemáticas y Estadística",Matemáticas y Estadística,STEM
2023,Universidad de Costa Rica,Estudios Interdisciplinarios sobre Discapacidad,15,Región Central,GAM,Maestría,Posgrado,CINE 7,Ciencias Sociales,Estudios de Discapacidad,Salud y Bienestar,Bienestar,NO STEM
2023,Universidad de Costa Rica,Estudios de la Sociedad y la Cultura,25,Región Central,GAM,Doctorado,Posgrado,CINE 8,Ciencias Sociales,Sociología,"Ciencias Sociales, Periodismo e Información",Ciencias Sociales y del Comportamiento,NO STEM
2023,Universidad de Costa Rica,Estudios de las Mujeres Géneros y Sexualidades,11,Región Central,GAM,Maestría,Posgrado,CINE 7,Ciencias Sociales,Estudios de Género,"Ciencias Sociales, Periodismo e Información",Ciencias Sociales y del Comportamiento,NO STEM
2023,Universidad de Costa Rica,Evaluación de Programas y Proyectos de Desarrollo,21,Región Central,GAM,Maestría,Posgrado,CINE 7,Ciencias Económicas,Administración Pública,Administración de Empresas y Derecho,Educación Comercial y Administración,NO STEM
2023,Universidad de Costa Rica,Farmacia,606,Región Central,GAM,Licenciatura,Grado,CINE 6,Ciencias de la Salud,Farmacia,Salud y Bienestar,Salud,STEM
2023,Universidad de Costa Rica,Filología Clásica,203,Región Central,GAM,Licenciatura,Grado,CINE 6,Artes y Letras,Literatura y Lingüística (Español),Artes y Humanidades,Idiomas,NO STEM
2023,Universidad de Costa Rica,Filología Española,401,Región Central,GAM,Licenciatura,Grado,CINE 6,Artes y Letras,Literatura y Lingüística (Español),Artes y Humanidades,Idiomas,NO STEM
2023,Universidad de Costa Rica,Filosofía,215,Región Central,GAM,Licenciatura,Grado,CINE 6,Artes y Letras,Filosofía,Artes y Humanidades,Humanidades,NO STEM
2023,Universidad de Costa Rica,Finanzas y Riesgo,41,Región Central,GAM,Maestría,Posgrado,CINE 7,Ciencias Económicas,Economía,"Ciencias Sociales, Periodismo e Información",Ciencias Sociales y del Comportamiento,NO STEM
2023,Universidad de Costa Rica,Francés,205,Región Central,GAM,Bachillerato,Grado,CINE 6,Artes y Letras,Francés,Artes y Humanidades,Idiomas,NO STEM
2023,Universidad de Costa Rica,Física,377,Región Central,GAM,Bachillerato,Grado,CINE 6,Ciencias Básicas,Física,"Ciencias Naturales, Matemáticas y Estadística",Ciencias Físicas,STEM
2023,Universidad de Costa Rica,Física Médica,18,Región Central,GAM,Maestría,Posgrado,CINE 7,Ciencias de la Salud,Medicina,Salud y Bienestar,Salud,STEM
2023,Universidad de Costa Rica,Gastroenterología y Endoscopía Diagnóstica,18,Región Central,GAM,Especialidad Profesional,Posgrado,CINE 7,Ciencias de la Salud,Medicina,Salud y Bienestar,Salud,STEM
2023,Universidad de Costa Rica,Geografía,266,Región Central,GAM,Licenciatura,Grado,CINE 6,Recursos Naturales,Geografía,"Ciencias Naturales, Matemáticas y Estadística",Ciencias Físicas,STEM
2023,Universidad de Costa Rica,Geología,216,Región Central,GAM,Licenciatura,Grado,CINE 6,Ciencias Básicas,Geología,"Ciencias Naturales, Matemáticas y Estadística",Ciencias Físicas,STEM
2023,Universidad de Costa Rica,Gerencia Agroempresarial,51,Región Brunca,No GAM,Maestría,Posgrado,CINE 7,Recursos Naturales,Ingeniería Agropecuaria Administrativa,"Agricultura, Silvicultura, Pesca y Veterinaria",Agricultura,STEM
2023,Universidad de Costa Rica,Geriatría y Gerontología,73,Región Central,GAM,Especialidad Profesional,Posgrado,CINE 7,Ciencias de la Salud,Medicina,Salud y Bienestar,Salud,STEM
2023,Universidad de Costa Rica,Gerontología,37,Región Central,GAM,Maestría,Posgrado,CINE 7,Ciencias Sociales,Gerontología,Salud y Bienestar,Bienestar,NO STEM
2023,Universidad de Costa Rica,Gestión Ambiental y Ecoturismo énfasis Impacto Ambiental,1,Región Central,GAM,Maestría,Posgrado,CINE 7,Recursos Naturales,Ecología,"Ciencias Naturales, Matemáticas y Estadística",Medio Ambiente,STEM
2023,Universidad de Costa Rica,Gestión Cultural,95,Región Pacífico Central,No GAM,Bachillerato,Grado,CINE 6,Ciencias Sociales,Antropología,"Ciencias Sociales, Periodismo e Información",Ciencias Sociales y del Comportamiento,NO STEM
2023,Universidad de Costa Rica,Gestión Ecoturística,605,Región Central,No GAM,Licenciatura,Grado,CINE 6,Ciencias Sociales,Turismo,Servicios,Servicios Personales,NO STEM
2023,Universidad de Costa Rica,Gestión Habitacional Sostenible,5,Región Central,GAM,Maestría,Posgrado,CINE 7,Ingeniería,Arquitectura,"Ingeniería, Industria y Construcción",Arquitectura y Construcción,STEM
2023,Universidad de Costa Rica,Gestión Integrada Áreas Costeras,11,Región Central,GAM,Maestría,Posgrado,CINE 7,Recursos Naturales,Ecología,"Ciencias Naturales, Matemáticas y Estadística",Medio Ambiente,STEM
2023,Universidad de Costa Rica,Gestión Integral del Recurso Hídrico,119,Región Central,No GAM,Bachillerato,Grado,CINE 6,Recursos Naturales,Manejo de Recursos Hídricos,"Ciencias Naturales, Matemáticas y Estadística",Medio Ambiente,STEM
2023,Universidad de Costa Rica,Gestión Jurídica de la Educación,10,Región Central,GAM,Maestría,Posgrado,CINE 7,Educación,Educación Generalista,Educación,Educación,NO STEM
2023,Universidad de Costa Rica,Gestión de Empresas Turísticas Sostenibles,22,Región Central,No GAM,Licenciatura,Grado,CINE 6,Ciencias Sociales,Turismo,Servicios,Servicios Personales,NO STEM
2023,Universidad de Costa Rica,Gestión de Recursos Naturales,98,Región Central,No GAM,Bachillerato,Grado,CINE 6,Recursos Naturales,Ecología,"Ciencias Naturales, Matemáticas y Estadística",Medio Ambiente,STEM
2023,Universidad de Costa Rica,Gestión de la Calidad Microbiología y Química Clínica,11,Región Central,GAM,Especialidad Profesional,Posgrado,CINE 7,Ciencias de la Salud,Microbiología,"Ciencias Naturales, Matemáticas y Estadística",Ciencias Biológicas y Afines,STEM
2023,Universidad de Costa Rica,Gestión del Riesgo en Desastres y Atención de Emergencias,9,Región Central,GAM,Maestría,Posgrado,CINE 7,Ciencias de la Salud,Salud Pública,Salud y Bienestar,Salud,STEM
2023,Universidad de Costa Rica,Ginecología Oncológica,3,Región Central,GAM,Especialidad Profesional,Posgrado,CINE 7,Ciencias de la Salud,Medicina,Salud y Bienestar,Salud,STEM
2023,Universidad de Costa Rica,Ginecología y Obstetricia,44,Región Central,GAM,Especialidad Profesional,Posgrado,CINE 7,Ciencias de la Salud,Medicina,Salud y Bienestar,Salud,STEM
2023,Universidad de Costa Rica,Gobierno y Políticas Públicas,20,Región Central,GAM,Doctorado,Posgrado,CINE 8,Ciencias Sociales,Ciencias Políticas,"Ciencias Sociales, Periodismo e Información",Ciencias Sociales y del Comportamiento,NO STEM
2023,Universidad de Costa Rica,Hematología,18,Región Central,GAM,Especialidad Profesional,Posgrado,CINE 7,Ciencias de la Salud,Microbiología,"Ciencias Naturales, Matemáticas y Estadística",Ciencias Biológicas y Afines,STEM
2023,Universidad de Costa Rica,Hematología Pediátrica,2,Región Central,GAM,Especialidad Profesional,Posgrado,CINE 7,Ciencias de la Salud,Microbiología,"Ciencias Naturales, Matemáticas y Estadística",Ciencias Biológicas y Afines,STEM
2023,Universidad de Costa Rica,Hidrología,2,Región Central,GAM,Maestría,Posgrado,CINE 7,Recursos Naturales,Manejo de Recursos Hídricos,"Ciencias Naturales, Matemáticas y Estadística",Medio Ambiente,STEM
2023,Universidad de Costa Rica,Histocitotecnología,3,Región Central,GAM,Licenciatura,Grado,CINE 6,Ciencias de la Salud,Biomédica,Salud y Bienestar,Salud,STEM
2023,Universidad de Costa Rica,Historia,335,Región Central,GAM,Licenciatura,Grado,CINE 6,Ciencias Sociales,Historia,Artes y Humanidades,Humanidades,NO STEM
2023,Universidad de Costa Rica,Historia del Arte,76,Región Central,GAM,Licenciatura,Grado,CINE 6,Artes y Letras,Historia del Arte,Artes y Humanidades,Artes,NO STEM
2023,Universidad de Costa Rica,Imagenología Diagnóstica y Terapéutica,138,Región Central,GAM,Licenciatura,Grado,CINE 6,Ciencias de la Salud,Imagenología,Salud y Bienestar,Salud,STEM
2023,Universidad de Costa Rica,Infectología,8,Región Central,GAM,Especialidad Profesional,Posgrado,CINE 7,Ciencias de la Salud,Medicina,Salud y Bienestar,Salud,STEM
2023,Universidad de Costa Rica,Informática Empresarial,1851,Región Central,No GAM,Bachillerato,Grado,CINE 6,Computación,Tecnologías de Información,Tecnologías de la Información y Comunicación,Tecnologías de la Información y la Comunicación (TIC),STEM
2023,Universidad de Costa Rica,Informática y Tecnología Multimedia,250,Región Pacífico Central,No GAM,Licenciatura,Grado,CINE 6,Artes y Letras,Diseño Gráfico,Artes y Humanidades,Artes,NO STEM
2023,Universidad de Costa Rica,Ingeniería,9,Región Central,GAM,Doctorado,Posgrado,CINE 8,Ingeniería,Ingeniería,"Ingeniería, Industria y Construcción",Ingeniería y Profesiones Afines,STEM
2023,Universidad de Costa Rica,Ingeniería Agronómica énfasis Zootecnia,338,Región Central,GAM,Licenciatura,Grado,CINE 6,Recursos Naturales,Zootecnia,"Agricultura, Silvicultura, Pesca y Veterinaria",Agricultura,STEM
2023,Universidad de Costa Rica,Ingeniería Agrícola y de Biosistemas,547,Región Central,GAM,Licenciatura,Grado,CINE 6,Ingeniería,Ingeniería Agrícola,"Agricultura, Silvicultura, Pesca y Veterinaria",Agricultura,STEM
2023,Universidad de Costa Rica,Ingeniería Civil,1005,Región Central,GAM,Licenciatura,Grado,CINE 6,Ingeniería,Ingeniería Civil,"Ingeniería, Industria y Construcción",Arquitectura y Construcción,STEM
2023,Universidad de Costa Rica,Ingeniería Desarrollo Sostenible,175,Región Central,No GAM,Licenciatura,Grado,CINE 6,Ingeniería,Ingeniería Ambiental,"Ingeniería, Industria y Construcción",Ingeniería y Profesiones Afines,STEM
2023,Universidad de Costa Rica,Ingeniería Electromecánica Industrial,137,Región Pacífico Central,No GAM,Licenciatura,Grado,CINE 6,Ingeniería,Ingeniería Mecánica,"Ingeniería, Industria y Construcción",Ingeniería y Profesiones Afines,STEM
2023,Universidad de Costa Rica,Ingeniería Eléctrica,1411,Región Central,GAM,Licenciatura,Grado,CINE 6,Ingeniería,Ingeniería Eléctrica,"Ingeniería, Industria y Construcción",Ingeniería y Profesiones Afines,STEM
2023,Universidad de Costa Rica,Ingeniería Estructural,12,Región Central,GAM,Maestría,Posgrado,CINE 7,Ingeniería,Ingeniería Civil,"Ingeniería, Industria y Construcción",Arquitectura y Construcción,STEM
2023,Universidad de Costa Rica,Ingeniería Geotécnica,1,Región Central,GAM,Maestría,Posgrado,CINE 7,Ingeniería,Ingeniería Civil,"Ingeniería, Industria y Construcción",Arquitectura y Construcción,STEM
2023,Universidad de Costa Rica,Ingeniería Industrial,1086,Región Central,GAM,Licenciatura,Grado,CINE 6,Ingeniería,Ingeniería Industrial,"Ingeniería, Industria y Construcción",Industria y Producción,STEM
2023,Universidad de Costa Rica,Ingeniería Industrial con énfasis en Gestión Ambiental,2,Región Central,GAM,Maestría,Posgrado,CINE 7,Ingeniería,Ingeniería Industrial,"Ingeniería, Industria y Construcción",Industria y Producción,STEM
2023,Universidad de Costa Rica,Ingeniería Industrial énfasis Administración Industrial,26,Región Central,GAM,Maestría,Posgrado,CINE 7,Ingeniería,Ingeniería Industrial,"Ingeniería, Industria y Construcción",Industria y Producción,STEM
2023,Universidad de Costa Rica,Ingeniería Industrial énfasis Manufactura y Calidad,21,Región Central,GAM,Maestría,Posgrado,CINE 7,Ingeniería,Ingeniería Industrial,"Ingeniería, Industria y Construcción",Industria y Producción,STEM
2023,Universidad de Costa Rica,Ingeniería Mecánica,612,Región Central,GAM,Licenciatura,Grado,CINE 6,Ingeniería,Ingeniería Mecánica,"Ingeniería, Industria y Construcción",Ingeniería y Profesiones Afines,STEM
2023,Universidad de Costa Rica,Ingeniería Mecánica énfasis Protección contra Incendios,205,Región Central,GAM,Licenciatura,Grado,CINE 6,Ingeniería,Ingeniería Mecánica,"Ingeniería, Industria y Construcción",Ingeniería y Profesiones Afines,STEM
2023,Universidad de Costa Rica,Ingeniería Mecánica énfasis Sistemas Térmicos y Energéticos,5,Región Central,GAM,Maestría,Posgrado,CINE 7,Ingeniería,Ingeniería Mecánica,"Ingeniería, Industria y Construcción",Ingeniería y Profesiones Afines,STEM
2023,Universidad de Costa Rica,Ingeniería Química,934,Región Central,GAM,Licenciatura,Grado,CINE 6,Ingeniería,Ingeniería Química,"Ingeniería, Industria y Construcción",Ingeniería y Profesiones Afines,STEM
2023,Universidad de Costa Rica,Ingeniería Química énfasis Ingeniería Ambiental,3,Región Central,GAM,Maestría,Posgrado,CINE 7,Ingeniería,Ingeniería Química,"Ingeniería, Industria y Construcción",Ingeniería y Profesiones Afines,STEM
2023,Universidad de Costa Rica,Ingeniería Química énfasis Ingeniería Procesos Industriales,7,Región Central,GAM,Maestría,Posgrado,CINE 7,Ingeniería,Ingeniería Química,"Ingeniería, Industria y Construcción",Ingeniería y Profesiones Afines,STEM
2023,Universidad de Costa Rica,Ingeniería Topográfica,405,Región Central,GAM,Licenciatura,Grado,CINE 6,Ingeniería,Ingeniería Topográfica,"Ingeniería, Industria y Construcción",Arquitectura y Construcción,STEM
2023,Universidad de Costa Rica,Ingeniería de Alimentos,401,Región Central,GAM,Licenciatura,Grado,CINE 6,Ingeniería,Ingeniería de Alimentos,"Ingeniería, Industria y Construcción",Industria y Producción,STEM
2023,Universidad de Costa Rica,Ingeniería en Biosistemas,1,Región Central,GAM,Maestría,Posgrado,CINE 7,Ingeniería,Ingeniería Agrícola,"Agricultura, Silvicultura, Pesca y Veterinaria",Agricultura,STEM
2023,Universidad de Costa Rica,Inglés,971,Región Central,GAM,Bachillerato,Grado,CINE 6,Artes y Letras,Inglés,Artes y Humanidades,Idiomas,NO STEM
2023,Universidad de Costa Rica,Inglés Formación Gestión Empresarial,215,Región Pacífico Central,No GAM,Licenciatura,Grado,CINE 6,Artes y Letras,Inglés,Artes y Humanidades,Idiomas,NO STEM
2023,Universidad de Costa Rica,Inglés a Distancia,1,Región Central,GAM,Bachillerato,Grado,CINE 6,Artes y Letras,Inglés,Artes y Humanidades,Idiomas,NO STEM
2023,Universidad de Costa Rica,Inmunología,6,Región Central,GAM,Maestría,Posgrado,CINE 7,Ciencias de la Salud,Microbiología,"Ciencias Naturales, Matemáticas y Estadística",Ciencias Biológicas y Afines,STEM
2023,Universidad de Costa Rica,Inmunología Clínica,12,Región Central,GAM,Especialidad Profesional,Posgrado,CINE 7,Ciencias de la Salud,Microbiología,"Ciencias Naturales, Matemáticas y Estadística",Ciencias Biológicas y Afines,STEM
2023,Universidad de Costa Rica,Investigación Psicológica,1,Región Central,GAM,Maestría,Posgrado,CINE 7,Ciencias Sociales,Psicología,"Ciencias Sociales, Periodismo e Información",Ciencias Sociales y del Comportamiento,NO STEM
2023,Universidad de Costa Rica,Justicia constitucional,9,Región Central,GAM,Maestría,Posgrado,CINE 7,Derecho,Derecho Constitucional,Administración de Empresas y Derecho,Derecho,NO STEM
2023,Universidad de Costa Rica,Laboratorista Químico,152,Región Central,No GAM,Licenciatura,Grado,CINE 6,Ciencias Básicas,Laboratorista Químico,"Ciencias Naturales, Matemáticas y Estadística",Ciencias Físicas,STEM
2023,Universidad de Costa Rica,Lingüística,47,Región Central,GAM,Maestría,Posgrado,CINE 7,Artes y Letras,Literatura y Lingüística (Español),Artes y Humanidades,Idiomas,NO STEM
2023,Universidad de Costa Rica,Literatura Clásica,11,Región Central,GAM,Maestría,Posgrado,CINE 7,Artes y Letras,Literatura y Lingüística (Español),Artes y Humanidades,Idiomas,NO STEM
2023,Universidad de Costa Rica,Literatura Francesa,7,Región Central,GAM,Maestría,Posgrado,CINE 7,Artes y Letras,Francés,Artes y Humanidades,Idiomas,NO STEM
2023,Universidad de Costa Rica,Literatura Inglesa,16,Región Central,GAM,Maestría,Posgrado,CINE 7,Artes y Letras,Inglés,Artes y Humanidades,Idiomas,NO STEM
2023,Universidad de Costa Rica,Literatura Latinoamericana,28,Región Central,GAM,Maestría,Posgrado,CINE 7,Artes y Letras,Literatura y Lingüística (Español),Artes y Humanidades,Idiomas,NO STEM
2023,Universidad de Costa Rica,Marina Civil énfasis Ingeniería Náutica y Transporte Marítimo,17,Región Huetar Caribe,No GAM,Licenciatura,Grado,CINE 6,Ingeniería,Ingeniería Naútica,"Ingeniería, Industria y Construcción",Ingeniería y Profesiones Afines,STEM
2023,Universidad de Costa Rica,Matemática énfasis Matemática Aplicada,3,Región Central,GAM,Maestría,Posgrado,CINE 7,Ciencias Básicas,Matemática,"Ciencias Naturales, Matemáticas y Estadística",Matemáticas y Estadística,STEM
2023,Universidad de Costa Rica,Matemática énfasis Matemática Pura,6,Región Central,GAM,Maestría,Posgrado,CINE 7,Ciencias Básicas,Matemática,"Ciencias Naturales, Matemáticas y Estadística",Matemáticas y Estadística,STEM
2023,Universidad de Costa Rica,Matemáticas,98,Región Central,GAM,Licenciatura,Grado,CINE 6,Ciencias Básicas,Matemática,"Ciencias Naturales, Matemáticas y Estadística",Matemáticas y Estadística,STEM
2023,Universidad de Costa Rica,Medicina Crítica y Terapia Intensiva,3,Región Central,GAM,Especialidad Profesional,Posgrado,CINE 7,Ciencias de la Salud,Medicina,Salud y Bienestar,Salud,STEM
2023,Universidad de Costa Rica,Medicina Extracorpórea Pediátrica,1,Región Central,GAM,Especialidad Profesional,Posgrado,CINE 7,Ciencias de la Salud,Medicina,Salud y Bienestar,Salud,STEM
2023,Universidad de Costa Rica,Medicina Familiar y Comunitaria,25,Región Central,GAM,Especialidad Profesional,Posgrado,CINE 7,Ciencias de la Salud,Medicina,Salud y Bienestar,Salud,STEM
2023,Universidad de Costa Rica,Medicina Física y Rehabilitación,24,Región Central,GAM,Especialidad Profesional,Posgrado,CINE 7,Ciencias de la Salud,Medicina,Salud y Bienestar,Salud,STEM
2023,Universidad de Costa Rica,Medicina Interna,80,Región Central,GAM,Especialidad Profesional,Posgrado,CINE 7,Ciencias de la Salud,Medicina,Salud y Bienestar,Salud,STEM
2023,Universidad de Costa Rica,Medicina Legal,3,Región Central,GAM,Especialidad Profesional,Posgrado,CINE 7,Ciencias de la Salud,Medicina,Salud y Bienestar,Salud,STEM
2023,Universidad de Costa Rica,Medicina Materno Fetal,6,Región Central,GAM,Especialidad Profesional,Posgrado,CINE 7,Ciencias de la Salud,Medicina,Salud y Bienestar,Salud,STEM
2023,Universidad de Costa Rica,Medicina Paliativa,13,Región Central,GAM,Especialidad Profesional,Posgrado,CINE 7,Ciencias de la Salud,Medicina,Salud y Bienestar,Salud,STEM
2023,Universidad de Costa Rica,Medicina de Emergencias,21,Región Central,GAM,Especialidad Profesional,Posgrado,CINE 7,Ciencias de la Salud,Medicina,Salud y Bienestar,Salud,STEM
2023,Universidad de Costa Rica,Medicina y Cirugía,841,Región Central,GAM,Licenciatura,Grado,CINE 6,Ciencias de la Salud,Medicina,Salud y Bienestar,Salud,STEM
2023,Universidad de Costa Rica,Meteorología,61,Región Central,GAM,Licenciatura,Grado,CINE 6,Ciencias Básicas,Meteorología,"Ciencias Naturales, Matemáticas y Estadística",Ciencias Físicas,STEM
2023,Universidad de Costa Rica,Micología Médica,11,Región Central,GAM,Especialidad Profesional,Posgrado,CINE 7,Ciencias de la Salud,Microbiología,Salud y Bienestar,Salud,STEM
2023,Universidad de Costa Rica,Microbiología,19,Región Central,GAM,Maestría,Posgrado,CINE 7,Ciencias de la Salud,Microbiología,"Ciencias Naturales, Matemáticas y Estadística",Ciencias Biológicas y Afines,STEM
2023,Universidad de Costa Rica,Microbiología y Química Clínica,394,Región Central,GAM,Licenciatura,Grado,CINE 6,Ciencias de la Salud,Microbiología,"Ciencias Naturales, Matemáticas y Estadística",Ciencias Biológicas y Afines,STEM
2023,Universidad de Costa Rica,Microbiología énfasis Bacteriología,11,Región Central,GAM,Maestría,Posgrado,CINE 7,Ciencias de la Salud,Microbiología,"Ciencias Naturales, Matemáticas y Estadística",Ciencias Biológicas y Afines,STEM
2023,Universidad de Costa Rica,Microbiología énfasis Virología,2,Región Central,GAM,Maestría,Posgrado,CINE 7,Ciencias de la Salud,Microbiología,"Ciencias Naturales, Matemáticas y Estadística",Ciencias Biológicas y Afines,STEM
2023,Universidad de Costa Rica,Modelación Matemática,29,Región Central,No GAM,Bachillerato,Grado,CINE 6,Ciencias Básicas,Matemática,"Ciencias Naturales, Matemáticas y Estadística",Matemáticas y Estadística,STEM
2023,Universidad de Costa Rica,Métodos Matemáticos y Aplicación,42,Región Central,GAM,Maestría,Posgrado,CINE 7,Ciencias Básicas,Matemática,"Ciencias Naturales, Matemáticas y Estadística",Matemáticas y Estadística,STEM
2023,Universidad de Costa Rica,Música énfasis Canto,19,Región Central,GAM,Licenciatura,Grado,CINE 6,Artes y Letras,Artes Musicales,Artes y Humanidades,Artes,NO STEM
2023,Universidad de Costa Rica,Música énfasis Clarinete,4,Región Central,GAM,Maestría,Posgrado,CINE 7,Artes y Letras,Artes Musicales,Artes y Humanidades,Artes,NO STEM
2023,Universidad de Costa Rica,Música énfasis Composición,31,Región Central,GAM,Licenciatura,Grado,CINE 6,Artes y Letras,Artes Musicales,Artes y Humanidades,Artes,NO STEM
2023,Universidad de Costa Rica,Música énfasis Corno Francés,1,Región Central,GAM,Maestría,Posgrado,CINE 7,Artes y Letras,Artes Musicales,Artes y Humanidades,Artes,NO STEM
2023,Universidad de Costa Rica,Música énfasis Dirección,12,Región Central,GAM,Bachillerato,Grado,CINE 6,Artes y Letras,Artes Musicales,Artes y Humanidades,Artes,NO STEM
2023,Universidad de Costa Rica,Música énfasis Dirección Orquestal,2,Región Central,GAM,Licenciatura,Grado,CINE 6,Artes y Letras,Artes Musicales,Artes y Humanidades,Artes,NO STEM
2023,Universidad de Costa Rica,Música énfasis Dirección de Banda,1,Región Central,GAM,Licenciatura,Grado,CINE 6,Artes y Letras,Artes Musicales,Artes y Humanidades,Artes,NO STEM
2023,Universidad de Costa Rica,Música énfasis Enseñanza Instrumental o Vocal,6,Región Central,GAM,Licenciatura,Grado,CINE 6,Educación,Enseñanza de Música,Educación,Educación,NO STEM
2023,Universidad de Costa Rica,Música énfasis Guitarra,25,Región Central,GAM,Licenciatura,Grado,CINE 6,Artes y Letras,Artes Musicales,Artes y Humanidades,Artes,NO STEM
2023,Universidad de Costa Rica,Música énfasis Instrumentos de Cuerdas,34,Región Central,GAM,Licenciatura,Grado,CINE 6,Artes y Letras,Artes Musicales,Artes y Humanidades,Artes,NO STEM
2023,Universidad de Costa Rica,Música énfasis Instrumentos de Viento o Percusión,82,Región Central,GAM,Licenciatura,Grado,CINE 6,Artes y Letras,Artes Musicales,Artes y Humanidades,Artes,NO STEM
2023,Universidad de Costa Rica,Música énfasis Piano,24,Región Central,GAM,Licenciatura,Grado,CINE 6,Artes y Letras,Artes Musicales,Artes y Humanidades,Artes,NO STEM
2023,Universidad de Costa Rica,Música énfasis Trompeta,2,Región Central,GAM,Maestría,Posgrado,CINE 7,Artes y Letras,Artes Musicales,Artes y Humanidades,Artes,NO STEM
2023,Universidad de Costa Rica,Música énfasis Tuba,1,Región Central,GAM,Maestría,Posgrado,CINE 7,Artes y Letras,Artes Musicales,Artes y Humanidades,Artes,NO STEM
2023,Universidad de Costa Rica,Música énfasis Violonchelo,2,Región Central,GAM,Maestría,Posgrado,CINE 7,Artes y Letras,Artes Musicales,Artes y Humanidades,Artes,NO STEM
2023,Universidad de Costa Rica,Nefrología,7,Región Central,GAM,Especialidad Profesional,Posgrado,CINE 7,Ciencias de la Salud,Medicina,Salud y Bienestar,Salud,STEM
2023,Universidad de Costa Rica,Neonatología,5,Región Central,GAM,Especialidad Profesional,Posgrado,CINE 7,Ciencias de la Salud,Medicina,Salud y Bienestar,Salud,STEM
2023,Universidad de Costa Rica,Neumología,3,Región Central,GAM,Especialidad Profesional,Posgrado,CINE 7,Ciencias de la Salud,Medicina,Salud y Bienestar,Salud,STEM
2023,Universidad de Costa Rica,Neurocirugía,17,Región Central,GAM,Especialidad Profesional,Posgrado,CINE 7,Ciencias de la Salud,Medicina,Salud y Bienestar,Salud,STEM
2023,Universidad de Costa Rica,Neurología,12,Región Central,GAM,Especialidad Profesional,Posgrado,CINE 7,Ciencias de la Salud,Medicina,Salud y Bienestar,Salud,STEM
2023,Universidad de Costa Rica,Nutrición,323,Región Central,GAM,Licenciatura,Grado,CINE 6,Ciencias de la Salud,Nutrición,Salud y Bienestar,Salud,STEM
2023,Universidad de Costa Rica,Nutrición Clínica de las Enfermedades Crónicas no Transmisibles,8,Región Central,GAM,Maestría,Posgrado,CINE 7,Ciencias de la Salud,Nutrición,Salud y Bienestar,Salud,STEM
2023,Universidad de Costa Rica,Odontología,548,Región Central,GAM,Licenciatura,Grado,CINE 6,Ciencias de la Salud,Odontología,Salud y Bienestar,Salud,STEM
2023,Universidad de Costa Rica,Odontología Odontopediatría,6,Región Central,GAM,Maestría,Posgrado,CINE 7,Ciencias de la Salud,Odontología,Salud y Bienestar,Salud,STEM
2023,Universidad de Costa Rica,Odontología énfasis Prostodoncia,9,Región Central,GAM,Maestría,Posgrado,CINE 7,Ciencias de la Salud,Odontología,Salud y Bienestar,Salud,STEM
2023,Universidad de Costa Rica,Oftalmología,15,Región Central,GAM,Especialidad Profesional,Posgrado,CINE 7,Ciencias de la Salud,Medicina,Salud y Bienestar,Salud,STEM
2023,Universidad de Costa Rica,Oncología Médica,10,Región Central,GAM,Especialidad Profesional,Posgrado,CINE 7,Ciencias de la Salud,Medicina,Salud y Bienestar,Salud,STEM
2023,Universidad de Costa Rica,Oncología Médica Pediátrica,1,Región Central,GAM,Especialidad Profesional,Posgrado,CINE 7,Ciencias de la Salud,Medicina,Salud y Bienestar,Salud,STEM
2023,Universidad de Costa Rica,Oncología Quirúrgica,3,Región Central,GAM,Especialidad Profesional,Posgrado,CINE 7,Ciencias de la Salud,Medicina,Salud y Bienestar,Salud,STEM
2023,Universidad de Costa Rica,Oncología Radioterápica,6,Región Central,GAM,Especialidad Profesional,Posgrado,CINE 7,Ciencias de la Salud,Medicina,Salud y Bienestar,Salud,STEM
2023,Universidad de Costa Rica,Ortopedia y Traumatología,46,Región Central,GAM,Especialidad Profesional,Posgrado,CINE 7,Ciencias de la Salud,Medicina,Salud y Bienestar,Salud,STEM
2023,Universidad de Costa Rica,Ortoprotesis y Ortopedia,47,Región Central,GAM,Licenciatura,Grado,CINE 6,Ciencias de la Salud,Medicina,Salud y Bienestar,Salud,STEM
2023,Universidad de Costa Rica,Otorrinolaringología y Cirugía de Cabeza y Cuello,17,Región Central,GAM,Especialidad Profesional,Posgrado,CINE 7,Ciencias de la Salud,Medicina,Salud y Bienestar,Salud,STEM
2023,Universidad de Costa Rica,Paisajismo y Diseño de Sitio,9,Región Central,GAM,Maestría,Posgrado,CINE 7,Ingeniería,Arquitectura,"Ingeniería, Industria y Construcción",Arquitectura y Construcción,STEM
2023,Universidad de Costa Rica,Pediatría,47,Región Central,GAM,Especialidad Profesional,Posgrado,CINE 7,Ciencias de la Salud,Medicina,Salud y Bienestar,Salud,STEM
2023,Universidad de Costa Rica,Planificación Curricular,10,Región Central,GAM,Maestría,Posgrado,CINE 7,Educación,Currículo,Educación,Educación,NO STEM
2023,Universidad de Costa Rica,Promoción de la Salud,135,Región Central,GAM,Licenciatura,Grado,CINE 6,Ciencias de la Salud,Salud Pública,Salud y Bienestar,Salud,STEM
2023,Universidad de Costa Rica,Psicología,842,Región Central,GAM,Licenciatura,Grado,CINE 6,Ciencias Sociales,Psicología,"Ciencias Sociales, Periodismo e Información",Ciencias Sociales y del Comportamiento,NO STEM
2023,Universidad de Costa Rica,Psicología Clínica,4,Región Central,GAM,Especialidad Profesional,Posgrado,CINE 7,Ciencias Sociales,Psicología,"Ciencias Sociales, Periodismo e Información",Ciencias Sociales y del Comportamiento,NO STEM
2023,Universidad de Costa Rica,Psicología Clínica y de la Salud,14,Región Central,GAM,Maestría,Posgrado,CINE 7,Ciencias Sociales,Psicología,"Ciencias Sociales, Periodismo e Información",Ciencias Sociales y del Comportamiento,NO STEM
2023,Universidad de Costa Rica,Psicología Comunitaria,2,Región Central,GAM,Maestría,Posgrado,CINE 7,Ciencias Sociales,Psicología,"Ciencias Sociales, Periodismo e Información",Ciencias Sociales y del Comportamiento,NO STEM
2023,Universidad de Costa Rica,Psicología del Trabajo y de las Organizaciones,12,Región Central,GAM,Maestría,Posgrado,CINE 7,Ciencias Sociales,Psicología,"Ciencias Sociales, Periodismo e Información",Ciencias Sociales y del Comportamiento,NO STEM
2023,Universidad de Costa Rica,Psiquiatría,42,Región Central,GAM,Especialidad Profesional,Posgrado,CINE 7,Ciencias de la Salud,Medicina,Salud y Bienestar,Salud,STEM
2023,Universidad de Costa Rica,Psiquiatría Infantil,1,Región Central,GAM,Especialidad Profesional,Posgrado,CINE 7,Ciencias de la Salud,Medicina,Salud y Bienestar,Salud,STEM
2023,Universidad de Costa Rica,Química,478,Región Central,GAM,Licenciatura,Grado,CINE 6,Ciencias Básicas,Química,"Ciencias Naturales, Matemáticas y Estadística",Ciencias Físicas,STEM
2023,Universidad de Costa Rica,Radiología e Imágenes Médicas,37,Región Central,GAM,Especialidad Profesional,Posgrado,CINE 7,Ciencias de la Salud,Medicina,Salud y Bienestar,Salud,STEM
2023,Universidad de Costa Rica,Recreación,4,Región Central,GAM,Maestría,Posgrado,CINE 7,Ciencias Sociales,Turismo,Servicios,Servicios Personales,NO STEM
2023,Universidad de Costa Rica,Reumatología,2,Región Central,GAM,Especialidad Profesional,Posgrado,CINE 7,Ciencias de la Salud,Medicina,Salud y Bienestar,Salud,STEM
2023,Universidad de Costa Rica,Salud Ambiental,313,Región Central,GAM,Licenciatura,Grado,CINE 6,Ciencias de la Salud,Salud Pública,Salud y Bienestar,Salud,STEM
2023,Universidad de Costa Rica,Salud Pública énfasis Gerencia de la Salud,6,Región Central,GAM,Maestría,Posgrado,CINE 7,Ciencias de la Salud,Salud Pública,Salud y Bienestar,Salud,STEM
2023,Universidad de Costa Rica,Sistemas de Información Geográfica y Teledetección,11,Región Central,GAM,Maestría,Posgrado,CINE 7,Recursos Naturales,Geografía,"Ciencias Naturales, Matemáticas y Estadística",Ciencias Físicas,STEM
2023,Universidad de Costa Rica,Sociología,384,Región Central,GAM,Licenciatura,Grado,CINE 6,Ciencias Sociales,Sociología,"Ciencias Sociales, Periodismo e Información",Ciencias Sociales y del Comportamiento,NO STEM
2023,Universidad de Costa Rica,Tecnologías de Información y Comunicación para la Gestión Organizacional,16,Región Central,GAM,Maestría,Posgrado,CINE 7,Computación,Tecnologías de Información,Tecnologías de la Información y Comunicación,Tecnologías de la Información y la Comunicación (TIC),NO STEM
2023,Universidad de Costa Rica,Teoría Psicoanalítica,2,Región Central,GAM,Maestría,Posgrado,CINE 7,Ciencias Sociales,Psicología,"Ciencias Sociales, Periodismo e Información",Ciencias Sociales y del Comportamiento,NO STEM
2023,Universidad de Costa Rica,Terapia Física,262,Región Central,GAM,Licenciatura,Grado,CINE 6,Ciencias de la Salud,Terapia Física,Salud y Bienestar,Salud,STEM
2023,Universidad de Costa Rica,Trabajo Social,765,Región Central,GAM,Licenciatura,Grado,CINE 6,Ciencias Sociales,Trabajo Social,Salud y Bienestar,Bienestar,NO STEM
2023,Universidad de Costa Rica,Urología,23,Región Central,GAM,Especialidad Profesional,Posgrado,CINE 7,Ciencias de la Salud,Medicina,Salud y Bienestar,Salud,STEM
2023,Universidad de Costa Rica,Vascular Periférico,5,Región Central,GAM,Especialidad Profesional,Posgrado,CINE 7,Ciencias de la Salud,Medicina,Salud y Bienestar,Salud,STEM
2024,Tecnológico de Costa Rica,Administración de Empresas,1468,Región Central,GAM,Bachillerato,Grado,CINE 6,Ciencias Económicas,Administración,Administración de Empresas y Derecho,Educación Comercial y Administración,NO STEM
2024,Tecnológico de Costa Rica,Administración de Empresas énfasis Administración Financiera,108,Región Central,GAM,Licenciatura,Grado,CINE 6,Ciencias Económicas,Finanzas,Administración de Empresas y Derecho,Educación Comercial y Administración,NO STEM
2024,Tecnológico de Costa Rica,Administración de Empresas énfasis Contaduría Pública,56,Región Central,GAM,Licenciatura,Grado,CINE 6,Ciencias Económicas,Contaduría,Administración de Empresas y Derecho,Educación Comercial y Administración,NO STEM
2024,Tecnológico de Costa Rica,Administración de Empresas énfasis Finanzas,175,Región Central,GAM,Maestría,Posgrado,CINE 7,Ciencias Económicas,Finanzas,Administración de Empresas y Derecho,Educación Comercial y Administración,NO STEM
2024,Tecnológico de Costa Rica,Administración de Empresas énfasis Mercadeo,131,Región Central,GAM,Licenciatura,Grado,CINE 6,Ciencias Económicas,Mercadeo,Administración de Empresas y Derecho,Educación Comercial y Administración,NO STEM
2024,Tecnológico de Costa Rica,Administración de Empresas énfasis Recursos Humanos,101,Región Central,GAM,Licenciatura,Grado,CINE 6,Ciencias Económicas,Administración de Recursos Humanos,Administración de Empresas y Derecho,Educación Comercial y Administración,NO STEM
2024,Tecnológico de Costa Rica,Administración de Ingeniería Electromecánica énfasis Gerencia de Mantenimiento,21,Región Central,GAM,Maestría,Posgrado,CINE 7,Ingeniería,Ingeniería Mecánica,"Ingeniería, Industria y Construcción",Ingeniería y Profesiones Afines,STEM
2024,Tecnológico de Costa Rica,Administración de Tecnologías de Información,438,Región Central,GAM,Licenciatura,Grado,CINE 6,Computación,Tecnologías de Información,Tecnologías de la Información y Comunicación,Tecnologías de la Información y la Comunicación (TIC),STEM
2024,Tecnológico de Costa Rica,Administración de la Ingeniería Electromecánica,19,Región Central,GAM,Maestría,Posgrado,CINE 7,Ingeniería,Ingeniería Mecánica,"Ingeniería, Industria y Construcción",Ingeniería y Profesiones Afines,STEM
2024,Tecnológico de Costa Rica,Arquitectura y Urbanismo,256,Región Central,GAM,Licenciatura,Grado,CINE 6,Ingeniería,Arquitectura,"Ingeniería, Industria y Construcción",Arquitectura y Construcción,STEM
2024,Tecnológico de Costa Rica,Cadena de Abastecimiento,48,Región Central,GAM,Maestría,Posgrado,CINE 7,Ingeniería,Ingeniería Industrial,"Ingeniería, Industria y Construcción",Industria y Producción,STEM
2024,Tecnológico de Costa Rica,Ciberseguridad,4,Región Central,GAM,Maestría,Posgrado,CINE 7,Computación,Ingeniería en Computadores,Tecnologías de la Información y Comunicación,Tecnologías de la Información y la Comunicación (TIC),STEM
2024,Tecnológico de Costa Rica,Ciberseguridad con énfasis en Defensa y Ataque de Sistema,6,Región Central,GAM,Maestría,Posgrado,CINE 7,Computación,Ingeniería en Computadores,Tecnologías de la Información y Comunicación,Tecnologías de la Información y la Comunicación (TIC),STEM
2024,Tecnológico de Costa Rica,Ciberseguridad con énfasis en Gestión de la Seguridad de la Información,8,Región Central,GAM,Maestría,Posgrado,CINE 7,Computación,Ingeniería en Computadores,Tecnologías de la Información y Comunicación,Tecnologías de la Información y la Comunicación (TIC),STEM
2024,Tecnológico de Costa Rica,Ciberseguridad con énfasis en Seguridad del Software,5,Región Central,GAM,Maestría,Posgrado,CINE 7,Computación,Ingeniería en Computadores,Tecnologías de la Información y Comunicación,Tecnologías de la Información y la Comunicación (TIC),STEM
2024,Tecnológico de Costa Rica,Ciencia y Tecnología para la Sostenibilidad,11,Región Huetar Norte,No GAM,Maestría,Posgrado,CINE 7,Ciencias Básicas,Ciencias,"Ciencias Naturales, Matemáticas y Estadística",Medio Ambiente,STEM
2024,Tecnológico de Costa Rica,Ciencias Forestales,8,Región Central,GAM,Maestría,Posgrado,CINE 7,Recursos Naturales,Forestales,"Ciencias Naturales, Matemáticas y Estadística",Medio Ambiente,STEM
2024,Tecnológico de Costa Rica,Ciencias Naturales para el Desarrollo énfasis Gestión de Recursos Naturales,2,Región Huetar Norte,No GAM,Doctorado,Posgrado,CINE 8,Ciencias Básicas,Ciencias,"Ciencias Naturales, Matemáticas y Estadística",Medio Ambiente,STEM
2024,Tecnológico de Costa Rica,Ciencias Naturales para el Desarrollo énfasis Gestión y Cultura Ambiental,1,Región Huetar Norte,No GAM,Doctorado,Posgrado,CINE 8,Ciencias Básicas,Ciencias,"Ciencias Naturales, Matemáticas y Estadística",Medio Ambiente,STEM
2024,Tecnológico de Costa Rica,Ciencias Naturales para el Desarrollo énfasis Sistemas de Producción Agrícola,4,Región Huetar Norte,No GAM,Doctorado,Posgrado,CINE 8,Ciencias Básicas,Ciencias,"Ciencias Naturales, Matemáticas y Estadística",Medio Ambiente,STEM
2024,Tecnológico de Costa Rica,Ciencias Naturales para el Desarrollo énfasis Tecnologías Electrónicas Aplicadas,2,Región Huetar Norte,No GAM,Doctorado,Posgrado,CINE 8,Ciencias Básicas,Ciencias,"Ciencias Naturales, Matemáticas y Estadística",Medio Ambiente,STEM
2024,Tecnológico de Costa Rica,Computación énfasis Ciencias de la Computación,91,Región Central,GAM,Maestría,Posgrado,CINE 7,Computación,Ciencias de la Computación,Tecnologías de la Información y Comunicación,Tecnologías de la Información y la Comunicación (TIC),STEM
2024,Tecnológico de Costa Rica,Computación énfasis Sistemas de Información,3,Región Central,GAM,Maestría,Posgrado,CINE 7,Computación,Sistemas de Información,Tecnologías de la Información y Comunicación,Tecnologías de la Información y la Comunicación (TIC),STEM
2024,Tecnológico de Costa Rica,Dirección de Empresas,99,Región Central,GAM,Maestría,Posgrado,CINE 7,Ciencias Económicas,Administración,Administración de Empresas y Derecho,Educación Comercial y Administración,NO STEM
2024,Tecnológico de Costa Rica,Diseño y Construcción Sostenible,28,Región Central,GAM,Maestría,Posgrado,CINE 7,Ingeniería,Arquitectura,"Ingeniería, Industria y Construcción",Arquitectura y Construcción,STEM
2024,Tecnológico de Costa Rica,Educación Técnica,18,Región Central,GAM,Licenciatura,Grado,CINE 6,Educación,Educación Técnica,Educación,Educación,NO STEM
2024,Tecnológico de Costa Rica,Enseñanza de Matemática Asistida por Computadora,1,Región Central,GAM,Licenciatura,Grado,CINE 6,Educación,Enseñanza de Matemática,Educación,Educación,NO STEM
2024,Tecnológico de Costa Rica,Enseñanza de la Matemática con Entornos Tecnológicos,186,Región Central,GAM,Bachillerato,Grado,CINE 6,Educación,Enseñanza de Matemática,Educación,Educación,NO STEM
2024,Tecnológico de Costa Rica,Gerencia de Proyectos énfasis Proyectos Empresariales,133,Región Central,GAM,Maestría,Posgrado,CINE 7,Ciencias Económicas,Administración de Proyectos,Administración de Empresas y Derecho,Educación Comercial y Administración,NO STEM
2024,Tecnológico de Costa Rica,Gerencia de Proyectos énfasis Proyectos de Construcción,47,Región Central,GAM,Maestría,Posgrado,CINE 7,Ciencias Económicas,Administración de Proyectos,Administración de Empresas y Derecho,Educación Comercial y Administración,NO STEM
2024,Tecnológico de Costa Rica,Gerencia de Proyectos énfasis Proyectos de Tecnologías de Información,24,Región Central,GAM,Maestría,Posgrado,CINE 7,Ciencias Económicas,Administración de Proyectos,Administración de Empresas y Derecho,Educación Comercial y Administración,NO STEM
2024,Tecnológico de Costa Rica,Gerencias de Tecnologías de Información,57,Región Central,GAM,Maestría,Posgrado,CINE 7,Computación,Tecnologías de Información,Tecnologías de la Información y Comunicación,Tecnologías de la Información y la Comunicación (TIC),NO STEM
2024,Tecnológico de Costa Rica,Gestión de Recursos Naturales y Tecnologías de Producción,23,Región Central,GAM,Maestría,Posgrado,CINE 7,Recursos Naturales,Ecología,"Ciencias Naturales, Matemáticas y Estadística",Medio Ambiente,STEM
2024,Tecnológico de Costa Rica,Gestión de Turismo Rural Sostenible,11,Región Huetar Norte,No GAM,Bachillerato,Grado,CINE 6,Ciencias Sociales,Turismo,Servicios,Servicios Personales,NO STEM
2024,Tecnológico de Costa Rica,Gestión del Turismo Sostenible,14,Región Central,GAM,Bachillerato,Grado,CINE 6,Ciencias Sociales,Turismo,Servicios,Servicios Personales,NO STEM
2024,Tecnológico de Costa Rica,Gestión en Sostenibilidad Turística,26,Región Huetar Norte,No GAM,Bachillerato,Grado,CINE 6,Ciencias Sociales,Turismo,Servicios,Servicios Personales,NO STEM
2024,Tecnológico de Costa Rica,Ingeniería,9,Región Central,GAM,Doctorado,Posgrado,CINE 8,Ingeniería,Ingeniería,"Ingeniería, Industria y Construcción",Ingeniería y Profesiones Afines,STEM
2024,Tecnológico de Costa Rica,Ingeniería Agronegocios,158,Región Central,GAM,Licenciatura,Grado,CINE 6,Recursos Naturales,Economía Agrícola,"Agricultura, Silvicultura, Pesca y Veterinaria",Agricultura,STEM
2024,Tecnológico de Costa Rica,Ingeniería Agrícola,139,Región Central,GAM,Licenciatura,Grado,CINE 6,Ingeniería,Ingeniería Agrícola,"Agricultura, Silvicultura, Pesca y Veterinaria",Agricultura,STEM
2024,Tecnológico de Costa Rica,Ingeniería Ambiental,206,Región Central,GAM,Licenciatura,Grado,CINE 6,Ingeniería,Ingeniería Ambiental,"Ingeniería, industria y construcción",Ingeniería y Profesiones afines,STEM
2024,Tecnológico de Costa Rica,Ingeniería Biotecnología,276,Región Central,GAM,Bachillerato,Grado,CINE 6,Recursos Naturales,Biotecnología,"Ingeniería, Industria y Construcción",Ingeniería y Profesiones Afines,STEM
2024,Tecnológico de Costa Rica,Ingeniería Construcción,465,Región Central,GAM,Licenciatura,Grado,CINE 6,Ingeniería,Ingeniería Civil,"Ingeniería, Industria y Construcción",Arquitectura y Construcción,STEM
2024,Tecnológico de Costa Rica,Ingeniería Diseño Industrial énfasis Comunicación Visual,30,Región Central,GAM,Licenciatura,Grado,CINE 6,Ingeniería,Diseño Industrial,"Ingeniería, Industria y Construcción",Industria y Producción,STEM
2024,Tecnológico de Costa Rica,Ingeniería Diseño Industrial énfasis Desarrollo de Productos,381,Región Central,GAM,Licenciatura,Grado,CINE 6,Ingeniería,Diseño Industrial,"Ingeniería, Industria y Construcción",Industria y Producción,STEM
2024,Tecnológico de Costa Rica,Ingeniería Dispositivos Médicos,80,Región Central,GAM,Maestría,Posgrado,CINE 7,Ingeniería,Ingeniería Electrónica,"Ingeniería, Industria y Construcción",Ingeniería y Profesiones Afines,STEM
2024,Tecnológico de Costa Rica,Ingeniería Electrónica,1104,Región Central,GAM,Licenciatura,Grado,CINE 6,Ingeniería,Ingeniería Electrónica,"Ingeniería, Industria y Construcción",Ingeniería y Profesiones Afines,STEM
2024,Tecnológico de Costa Rica,Ingeniería Electrónica énfasis Procesamiento Digital de Señales,5,Región Central,GAM,Maestría,Posgrado,CINE 7,Ingeniería,Ingeniería Electrónica,"Ingeniería, Industria y Construcción",Ingeniería y Profesiones Afines,STEM
2024,Tecnológico de Costa Rica,Ingeniería Electrónica énfasis Sistemas Empotrados,13,Región Central,GAM,Maestría,Posgrado,CINE 7,Ingeniería,Ingeniería Electrónica,"Ingeniería, Industria y Construcción",Ingeniería y Profesiones Afines,STEM
2024,Tecnológico de Costa Rica,Ingeniería Electrónica énfasis en Microelectrónica,20,Región Central,GAM,Maestría,Posgrado,CINE 7,Ingeniería,Ingeniería Electrónica,"Ingeniería, Industria y Construcción",Ingeniería y Profesiones Afines,STEM
2024,Tecnológico de Costa Rica,Ingeniería Forestal énfasis Conservación y Restauración de Ecosistemas Forestales,19,Región Central,GAM,Licenciatura,Grado,CINE 6,Recursos Naturales,Forestales,"Ciencias Naturales, Matemáticas y Estadística",Medio Ambiente,STEM
2024,Tecnológico de Costa Rica,Ingeniería Forestal énfasis Manejo y Producción Forestal,123,Región Central,GAM,Licenciatura,Grado,CINE 6,Recursos Naturales,Forestales,"Ciencias Naturales, Matemáticas y Estadística",Medio Ambiente,STEM
2024,Tecnológico de Costa Rica,Ingeniería Física,223,Región Central,GAM,Licenciatura,Grado,CINE 6,Ciencias Básicas,Física,"Ciencias Naturales, Matemáticas y Estadística",Ciencias Físicas,STEM
2024,Tecnológico de Costa Rica,Ingeniería Mantenimiento Industrial,567,Región Central,GAM,Licenciatura,Grado,CINE 6,Ingeniería,Ingeniería Mecánica,"Ingeniería, Industria y Construcción",Ingeniería y Profesiones Afines,STEM
2024,Tecnológico de Costa Rica,Ingeniería Materiales,367,Región Central,GAM,Licenciatura,Grado,CINE 6,Ingeniería,Ingeniería de Materiales,"Ingeniería, Industria y Construcción",Industria y Producción,STEM
2024,Tecnológico de Costa Rica,Ingeniería Materiales énfasis Metalurgia,1,Región Central,GAM,Licenciatura,Grado,CINE 6,Ingeniería,Ingeniería de Materiales,"Ingeniería, Industria y Construcción",Industria y Producción,STEM
2024,Tecnológico de Costa Rica,Ingeniería Mecatrónica,540,Región Central,GAM,Licenciatura,Grado,CINE 6,Ingeniería,Ingeniería Mecánica,"Ingeniería, Industria y Construcción",Ingeniería y Profesiones Afines,STEM
2024,Tecnológico de Costa Rica,Ingeniería Producción Industrial,1070,Región Central,GAM,Licenciatura,Grado,CINE 6,Ingeniería,Ingeniería Industrial,"Ingeniería, Industria y Construcción",Industria y Producción,STEM
2024,Tecnológico de Costa Rica,Ingeniería Seguridad Laboral e Higiene Ambiental,204,Región Central,GAM,Licenciatura,Grado,CINE 6,Ingeniería,Seguridad Laboral,Servicios,Servicios de Higiene y Salud Ocupacional,STEM
2024,Tecnológico de Costa Rica,Ingeniería Vial,14,Región Central,GAM,Maestría,Posgrado,CINE 7,Ingeniería,Ingeniería Civil,"Ingeniería, Industria y Construcción",Arquitectura y Construcción,STEM
2024,Tecnológico de Costa Rica,Ingeniería en Agronomía,240,Región Huetar Norte,No GAM,Licenciatura,Grado,CINE 6,Recursos Naturales,Agronomía General,"Agricultura, Silvicultura, Pesca y Veterinaria",Agricultura,STEM
2024,Tecnológico de Costa Rica,Ingeniería en Computación,1521,Región Central,GAM,Bachillerato,Grado,CINE 6,Computación,Ciencias de la Computación,Tecnologías de la Información y Comunicación,Tecnologías de la Información y la Comunicación (TIC),STEM
2024,Tecnológico de Costa Rica,Ingeniería en Computadores,597,Región Central,GAM,Licenciatura,Grado,CINE 6,Computación,Ingeniería en Computadores,Tecnologías de la Información y Comunicación,Tecnologías de la Información y la Comunicación (TIC),STEM
2024,Tecnológico de Costa Rica,Investigación Empresarial,8,Región Central,GAM,Maestría,Posgrado,CINE 7,Ciencias Económicas,Administración,Administración de Empresas y Derecho,Educación Comercial y Administración,NO STEM
2024,Tecnológico de Costa Rica,Salud Ocupacional énfasis Higiene Ambiental,7,Región Central,GAM,Maestría,Posgrado,CINE 7,Ingeniería,Seguridad Laboral,Servicios,Servicios de Higiene y Salud Ocupacional,STEM
2024,Tecnológico de Costa Rica,Seguridad e Higiene Ocupacional,21,Región Central,GAM,Licenciatura,Grado,CINE 6,Ingeniería,Seguridad Laboral,Servicios,Servicios de Higiene y Salud Ocupacional,STEM
2024,Tecnológico de Costa Rica,Sistemas Modernos de Manufactura,33,Región Central,GAM,Maestría,Posgrado,CINE 7,Ingeniería,Ingeniería Industrial,"Ingeniería, Industria y Construcción",Industria y Producción,STEM
2024,Universidad Estatal a Distancia,Administración,1,Región Central,GAM,Sin información,Sin información,Sin información,Ciencias Económicas,Administración,Administración de Empresas y Derecho,Educación Comercial y Administración,NO STEM
2024,Universidad Estatal a Distancia,Administración Educativa,90,Región Central,No GAM,Sin información,Sin información,Sin información,Educación,Administración Educativa,Educación,Educación,NO STEM
2024,Universidad Estatal a Distancia,Administración Policial y Prevención del Delito,14,Región Central,GAM,Sin información,Sin información,Sin información,Ciencias Sociales,Criminología,"Ciencias Sociales, Periodismo e Información",Ciencias Sociales y del Comportamiento,NO STEM
2024,Universidad Estatal a Distancia,Administración de Empresas,7024,Región Central,GAM,Sin información,Sin información,Sin información,Ciencias Económicas,Administración,Administración de Empresas y Derecho,Educación Comercial y Administración,NO STEM
2024,Universidad Estatal a Distancia,Administración de Empresas Agropecuarias,10,Región Central,No GAM,Sin información,Sin información,Sin información,Ciencias Económicas,Administración de Empresas Agropecuarias,Administración de Empresas y Derecho,Educación Comercial y Administración,NO STEM
2024,Universidad Estatal a Distancia,Administración de Empresas con énfasis en Dirección Empresarial,296,Región Central,GAM,Sin información,Sin información,Sin información,Ciencias Económicas,Administración,Administración de Empresas y Derecho,Educación Comercial y Administración,NO STEM
2024,Universidad Estatal a Distancia,Administración de Empresas con énfasis en Operaciones,36,Región Central,GAM,Sin información,Sin información,Sin información,Ciencias Económicas,Administración,Administración de Empresas y Derecho,Educación Comercial y Administración,NO STEM
2024,Universidad Estatal a Distancia,Administración de Empresas énfasis Banca y Finanzas,210,Región Central,GAM,Sin información,Sin información,Sin información,Ciencias Económicas,Finanzas,Administración de Empresas y Derecho,Educación Comercial y Administración,NO STEM
2024,Universidad Estatal a Distancia,Administración de Empresas énfasis Contaduría,329,Región Central,No GAM,Sin información,Sin información,Sin información,Ciencias Económicas,Contaduría,Administración de Empresas y Derecho,Educación Comercial y Administración,NO STEM
2024,Universidad Estatal a Distancia,Administración de Empresas énfasis Dirección Empresas,149,Región Central,GAM,Sin información,Sin información,Sin información,Ciencias Económicas,Administración,Administración de Empresas y Derecho,Educación Comercial y Administración,NO STEM
2024,Universidad Estatal a Distancia,Administración de Empresas énfasis Gestión Organizacional,1,Región Huetar Norte,No GAM,Sin información,Sin información,Sin información,Ciencias Económicas,Administración,Administración de Empresas y Derecho,Educación Comercial y Administración,NO STEM
2024,Universidad Estatal a Distancia,Administración de Empresas énfasis Mercadeo,75,Región Central,GAM,Sin información,Sin información,Sin información,Ciencias Económicas,Mercadeo,Administración de Empresas y Derecho,Educación Comercial y Administración,NO STEM
2024,Universidad Estatal a Distancia,Administración de Empresas énfasis Negocios Internacionales,78,Región Central,GAM,Sin información,Sin información,Sin información,Ciencias Económicas,Comercio Internacional,Administración de empresas y derecho,Educación Comercial y Administración,NO STEM
2024,Universidad Estatal a Distancia,Administración de Empresas énfasis Producción,41,Región Central,GAM,Sin información,Sin información,Sin información,Ciencias Económicas,Administración de la Producción,Administración de Empresas y Derecho,Educación Comercial y Administración,NO STEM
2024,Universidad Estatal a Distancia,Administración de Empresas énfasis Recursos Humanos,516,Región Central,No GAM,Sin información,Sin información,Sin información,Ciencias Económicas,Administración de Recursos Humanos,Administración de Empresas y Derecho,Educación Comercial y Administración,NO STEM
2024,Universidad Estatal a Distancia,Administración de Servicios de Salud,736,Región Central,No GAM,Sin información,Sin información,Sin información,Ciencias Económicas,Administración de Servicios de Salud,Administración de Empresas y Derecho,Educación Comercial y Administración,NO STEM
2024,Universidad Estatal a Distancia,Agroindustria,2,Región Central,GAM,Sin información,Sin información,Sin información,Ingeniería,Ingeniería Agroindustrial,"Ingeniería, Industria y Construcción",Industria y Producción,STEM
2024,Universidad Estatal a Distancia,Bibliotecología Bibliotecas Educativas y Centros de Recursos para Aprendizaje,472,Región Central,No GAM,Sin información,Sin información,Sin información,Ciencias Sociales,Bibliotecología,"Ciencias Sociales, Periodismo e Información",Periodismo e Información,NO STEM
2024,Universidad Estatal a Distancia,Bibliotecología y Nuevas Tecnologías de Información y Comunicación,233,Región Central,No GAM,Sin información,Sin información,Sin información,Ciencias Sociales,Bibliotecología,"Ciencias Sociales, Periodismo e Información",Periodismo e Información,NO STEM
2024,Universidad Estatal a Distancia,Ciencias Criminológicas,1444,Región Central,No GAM,Bachillerato,Grado,CINE 6,Ciencias Sociales,Criminología,"Ciencias Sociales, Periodismo e Información",Ciencias Sociales y del Comportamiento,NO STEM
2024,Universidad Estatal a Distancia,Ciencias Policiales,288,Región Central,No GAM,Bachillerato,Grado,CINE 6,Ciencias Sociales,Criminología,"Ciencias Sociales, Periodismo e Información",Ciencias Sociales y del Comportamiento,NO STEM
2024,Universidad Estatal a Distancia,Ciencias de la Educación I y II Ciclo énfasis Enseñanza del Inglés,2,Región Central,GAM,Sin información,Sin información,Sin información,Educación,Educación Primaria Inglés,Educación,Educación,NO STEM
2024,Universidad Estatal a Distancia,Ciencias de la Educación énfasis Docencia,1,Región Central,No GAM,Sin información,Sin información,Sin información,Educación,Docencia,Educación,Educación,NO STEM
2024,Universidad Estatal a Distancia,Ciencias de la Educación énfasis Educación Especial,1,Región Central,No GAM,Sin información,Sin información,Sin información,Educación,Educación Especial,Educación,Educación,NO STEM
2024,Universidad Estatal a Distancia,Ciencias de la Educación énfasis I y II Ciclo,1,Región Huetar Caribe,No GAM,Sin información,Sin información,Sin información,Educación,Educación Primaria,Educación,Educación,NO STEM
2024,Universidad Estatal a Distancia,Ciencias de la Educación énfasis Preescolar,4,Región Central,GAM,Sin información,Sin información,Sin información,Educación,Educación Preescolar,Educación,Educación,NO STEM
2024,Universidad Estatal a Distancia,Criminalística,9,Región Central,GAM,Sin información,Sin información,Sin información,Ciencias Sociales,Criminología,"Ciencias Sociales, Periodismo e Información",Ciencias Sociales y del Comportamiento,NO STEM
2024,Universidad Estatal a Distancia,Criminología,25,Región Central,GAM,Sin información,Sin información,Sin información,Ciencias Sociales,Criminología,"Ciencias Sociales, Periodismo e Información",Ciencias Sociales y del Comportamiento,NO STEM
2024,Universidad Estatal a Distancia,Docencia,147,Región Central,GAM,Sin información,Sin información,Sin información,Educación,Docencia,Educación,Educación,NO STEM
2024,Universidad Estatal a Distancia,Educación Especial,190,Región Central,No GAM,Sin información,Sin información,Sin información,Educación,Educación Especial,Educación,Educación,NO STEM
2024,Universidad Estatal a Distancia,Educación General Básica I y II Ciclos,3491,Región Central,No GAM,Sin información,Sin información,Sin información,Educación,Educación Primaria,Educación,Educación,NO STEM
2024,Universidad Estatal a Distancia,Educación Preescolar,3082,Región Central,No GAM,Sin información,Sin información,Sin información,Educación,Educación Preescolar,Educación,Educación,NO STEM
2024,Universidad Estatal a Distancia,Educación Preescolar Estimulación y Corrección del Lenguaje,13,Región Central,GAM,Sin información,Sin información,Sin información,Educación,Educación Preescolar,Educación,Educación,NO STEM
2024,Universidad Estatal a Distancia,Ejecución y Docencia Musical énfasis Instrumento,26,Región Central,GAM,Sin información,Sin información,Sin información,Educación,Enseñanza de Música,Educación,Educación,NO STEM
2024,Universidad Estatal a Distancia,Enseñanza de la Matemática,403,Región Central,No GAM,Sin información,Sin información,Sin información,Educación,Enseñanza de Matemática,Educación,Educación,NO STEM
2024,Universidad Estatal a Distancia,Enseñanza de las Ciencias Naturales,703,Región Central,No GAM,Sin información,Sin información,Sin información,Educación,Enseñanza de Ciencias,Educación,Educación,NO STEM
2024,Universidad Estatal a Distancia,Enseñanza de los Estudios Sociales y la Educación Cívica,166,Región Central,No GAM,Sin información,Sin información,Sin información,Educación,Enseñanza de Estudios Sociales,Educación,Educación,NO STEM
2024,Universidad Estatal a Distancia,Enseñanza del Francés,37,Región Central,GAM,Sin información,Sin información,Sin información,Educación,Enseñanza de Francés,Educación,Educación,NO STEM
2024,Universidad Estatal a Distancia,Enseñanza del Inglés I y II Ciclos,234,Región Central,GAM,Sin información,Sin información,Sin información,Educación,Educación Primaria Inglés,Educación,Educación,NO STEM
2024,Universidad Estatal a Distancia,Estudios Generales,1560,Región Central,No GAM,Sin información,Sin información,Sin información,Artes y Letras,Formación General,Artes y Humanidades,Humanidades,NO STEM
2024,Universidad Estatal a Distancia,Estudios Universitarios,15,Región Central,GAM,Sin información,Sin información,Sin información,Artes y Letras,Formación General,Artes y Humanidades,Humanidades,NO STEM
2024,Universidad Estatal a Distancia,Gerontología,4,Región Huetar Caribe,No GAM,Sin información,Sin información,Sin información,Ciencias Sociales,Gerontología,Salud y Bienestar,Bienestar,NO STEM
2024,Universidad Estatal a Distancia,Gestión Secretarial de la Oficina,440,Región Central,No GAM,Sin información,Sin información,Sin información,Ciencias Sociales,Secretariado Profesional,Administración de Empresas y Derecho,Educación Comercial y Administración,NO STEM
2024,Universidad Estatal a Distancia,Gestión Turística Sostenible,574,Región Central,No GAM,Sin información,Sin información,Sin información,Ciencias Sociales,Turismo,Servicios,Servicios Personales,NO STEM
2024,Universidad Estatal a Distancia,Gestión y Gerencia del Turismo Sostenible,23,Región Central,No GAM,Sin información,Sin información,Sin información,Ciencias Sociales,Turismo,Servicios,Servicios Personales,NO STEM
2024,Universidad Estatal a Distancia,Humanidades,2482,Región Central,No GAM,Sin información,Sin información,Sin información,Artes y Letras,Formación General,Artes y Humanidades,Humanidades,NO STEM
2024,Universidad Estatal a Distancia,Informática,3860,Región Central,GAM,Diplomado,Pregrado,CINE 5,Computación,Ingeniería del Software,Tecnologías de la Información y Comunicación,Tecnologías de la Información y la Comunicación (TIC),STEM
2024,Universidad Estatal a Distancia,Informática Administrativa,2,Región Central,GAM,Sin información,Sin información,Sin información,Computación,Sistemas de Información,Tecnologías de la Información y Comunicación,Tecnologías de la Información y la Comunicación (TIC),STEM
2024,Universidad Estatal a Distancia,Informática Educativa,274,Región Central,No GAM,Sin información,Sin información,Sin información,Educación,Enseñanza de Computación,Educación,Educación,NO STEM
2024,Universidad Estatal a Distancia,Ingeniería Agroindustrial,284,Región Central,No GAM,Sin información,Sin información,Sin información,Ingeniería,Ingeniería Agroindustrial,"Ingeniería, Industria y Construcción",Industria y Producción,STEM
2024,Universidad Estatal a Distancia,Ingeniería Agronómica,1170,Región Central,No GAM,Sin información,Sin información,Sin información,Recursos Naturales,Agronomía General,"Agricultura, Silvicultura, Pesca y Veterinaria",Agricultura,STEM
2024,Universidad Estatal a Distancia,Ingeniería Industrial,136,Región Central,GAM,Sin información,Sin información,Sin información,Ingeniería,Ingeniería Industrial,"Ingeniería, Industria y Construcción",Industria y Producción,STEM
2024,Universidad Estatal a Distancia,Ingeniería Informática,161,Región Central,GAM,Bachillerato,Grado,CINE 6,Computación,Ingeniería del Software,Tecnologías de la Información y Comunicación,Tecnologías de la Información y la Comunicación (TIC),STEM
2024,Universidad Estatal a Distancia,Ingeniería Informática y Administración de Proyectos,62,Región Central,GAM,Sin información,Sin información,Sin información,Computación,Sistemas de Información,Tecnologías de la Información y Comunicación,Tecnologías de la Información y la Comunicación (TIC),STEM
2024,Universidad Estatal a Distancia,Ingeniería Informática y Calidad de Software,28,Región Central,GAM,Sin información,Sin información,Sin información,Computación,Sistemas de Información,Tecnologías de la Información y Comunicación,Tecnologías de la Información y la Comunicación (TIC),STEM
2024,Universidad Estatal a Distancia,Ingeniería Informática y Desarrollo de Aplicaciones Web,52,Región Central,GAM,Sin información,Sin información,Sin información,Computación,Ingeniería del Software,Tecnologías de la Información y Comunicación,Tecnologías de la Información y la Comunicación (TIC),STEM
2024,Universidad Estatal a Distancia,Ingeniería Telecomunicaciones,48,Región Central,GAM,Sin información,Sin información,Sin información,Ingeniería,Ingeniería Electrónica,"Ingeniería, Industria y Construcción",Ingeniería y Profesiones Afines,STEM
2024,Universidad Estatal a Distancia,Investigación Criminal,4,Región Central,GAM,Sin información,Sin información,Sin información,Ciencias Sociales,Criminología,"Ciencias Sociales, Periodismo e Información",Ciencias Sociales y del Comportamiento,NO STEM
2024,Universidad Estatal a Distancia,Manejo de Recursos Naturales,538,Región Central,No GAM,Sin información,Sin información,Sin información,Recursos Naturales,Ecología,"Ciencias naturales, matemáticas y estadística",Medio Ambiente,STEM
2024,Universidad Estatal a Distancia,Manejo y Protección de Recursos Naturales,10,Región Central,No GAM,Sin información,Sin información,Sin información,Recursos Naturales,Ecología,"Ciencias Naturales, Matemáticas y Estadística",Medio Ambiente,STEM
2024,Universidad Estatal a Distancia,Registros y Estadísticas en Salud,695,Región Central,No GAM,Sin información,Sin información,Sin información,Ciencias de la Salud,Registros en Salud,Salud y Bienestar,Bienestar,STEM
2024,Universidad Estatal a Distancia,Secretariado Administrativo,3,Región Brunca,No GAM,Sin información,Sin información,Sin información,Ciencias Sociales,Secretariado Profesional,Administración de Empresas y Derecho,Educación Comercial y Administración,NO STEM
2024,Universidad Estatal a Distancia,Sistemas de información en Salud,185,Región Central,No GAM,Sin información,Sin información,Sin información,Ciencias de la Salud,Registros en Salud,Salud y Bienestar,Bienestar,STEM
2024,Universidad Nacional,Abastecimiento y Logística Global,15,Región Central,GAM,Maestría,Posgrado,CINE 7,Ingeniería,Ingeniería Industrial,"Ingeniería, Industria y Construcción",Industria y Producción,STEM
2024,Universidad Nacional,Administración,3106,Región Central,GAM,Bachillerato,Grado,CINE 6,Ciencias Económicas,Administración,Administración de Empresas y Derecho,Educación Comercial y Administración,NO STEM
2024,Universidad Nacional,Administración Educativa,40,Región Central,GAM,Licenciatura,Grado,CINE 6,Educación,Administración Educativa,Educación,Educación,NO STEM
2024,Universidad Nacional,Administración de Oficinas,431,Región Central,GAM,Bachillerato,Grado,CINE 6,Ciencias Sociales,Secretariado Profesional,Administración de Empresas y Derecho,Educación Comercial y Administración,NO STEM
2024,Universidad Nacional,Administración de Recursos Humanos,28,Región Central,GAM,Maestría,Posgrado,CINE 7,Ciencias Económicas,Administración de Recursos Humanos,Administración de Empresas y Derecho,Educación Comercial y Administración,NO STEM
2024,Universidad Nacional,Agricultura Ecológica,5,Región Central,GAM,Maestría,Posgrado,CINE 7,Recursos Naturales,Agronomía General,"Agricultura, Silvicultura, Pesca y Veterinaria",Agricultura,STEM
2024,Universidad Nacional,Arte y Comunicación Visual,283,Región Central,GAM,Bachillerato,Grado,CINE 6,Artes y Letras,Artes Plásticas,Artes y Humanidades,Artes,NO STEM
2024,Universidad Nacional,Artes Escénicas,84,Región Central,GAM,Bachillerato,Grado,CINE 6,Artes y Letras,Artes Dramáticas,Artes y Humanidades,Artes,NO STEM
2024,Universidad Nacional,Bibliotecología y Documentación,4,Región Central,GAM,Licenciatura,Grado,CINE 6,Ciencias Sociales,Bibliotecología,"Ciencias Sociales, Periodismo e Información",Periodismo e Información,NO STEM
2024,Universidad Nacional,Bibliotecología y Documentación énfasis Gestión de la Información,242,Región Central,GAM,Bachillerato,Grado,CINE 6,Ciencias Sociales,Bibliotecología,"Ciencias Sociales, Periodismo e Información",Periodismo e Información,NO STEM
2024,Universidad Nacional,Biología,408,Región Central,GAM,Bachillerato,Grado,CINE 6,Ciencias Básicas,Biología,"Ciencias Naturales, Matemáticas y Estadística",Ciencias Biológicas y Afines,STEM
2024,Universidad Nacional,Biología Marina,7,Región Central,GAM,Licenciatura,Grado,CINE 6,Ciencias Básicas,Biología,"Ciencias Naturales, Matemáticas y Estadística",Ciencias Biológicas y Afines,STEM
2024,Universidad Nacional,Bioprocesos Industriales,27,Región Central,GAM,Bachillerato,Grado,CINE 6,Ingeniería,Ingeniería Química,"Ingeniería, Industria y Construcción",Ingeniería y Profesiones Afines,STEM
2024,Universidad Nacional,Biotecnología,49,Región Central,GAM,Licenciatura,Grado,CINE 6,Recursos Naturales,Biotecnología,"Ingeniería, Industria y Construcción",Ingeniería y Profesiones Afines,STEM
2024,Universidad Nacional,Cartografía y Diseño Digital,99,Región Central,GAM,Diplomado,Pregrado,CINE 5,Recursos Naturales,Geografía,"Ciencias Naturales, Matemáticas y Estadística",Ciencias Físicas,STEM
2024,Universidad Nacional,Ciencias Geográficas,134,Región Central,GAM,Bachillerato,Grado,CINE 6,Recursos Naturales,Geografía,"Ciencias Naturales, Matemáticas y Estadística",Ciencias Físicas,STEM
2024,Universidad Nacional,Ciencias Marinas y Costeras,5,Región Central,GAM,Maestría,Posgrado,CINE 7,Recursos Naturales,Recursos Marinos,"Ciencias Naturales, Matemáticas y Estadística",Medio Ambiente,STEM
2024,Universidad Nacional,Ciencias Naturales para el Desarrollo,7,Región Central,GAM,Doctorado,Posgrado,CINE 8,Ciencias Básicas,Ciencias,"Ciencias Naturales, Matemáticas y Estadística",Medio Ambiente,STEM
2024,Universidad Nacional,Ciencias del Deporte,5,Región Central,GAM,Licenciatura,Grado,CINE 6,Educación,Educación Física,Educación,Educación,NO STEM
2024,Universidad Nacional,Ciencias del Movimiento Humano,181,Región Central,GAM,Bachillerato,Grado,CINE 6,Educación,Educación Física,Educación,Educación,NO STEM
2024,Universidad Nacional,Comercio y Negocios Internacionales,836,Región Central,GAM,Bachillerato,Grado,CINE 6,Ciencias Económicas,Comercio Internacional,Administración de Empresas y Derecho,Educación Comercial y Administración,NO STEM
2024,Universidad Nacional,Conservación de Vida Silvestre y Biodiversidad,26,Región Central,GAM,Maestría,Posgrado,CINE 7,Recursos Naturales,Ecología,"Ciencias Naturales, Matemáticas y Estadística",Medio Ambiente,STEM
2024,Universidad Nacional,Conservación y Manejo de Vida Silvestre,1,Región Central,GAM,Maestría,Posgrado,CINE 7,Recursos Naturales,Ecología,"Ciencias Naturales, Matemáticas y Estadística",Medio Ambiente,STEM
2024,Universidad Nacional,Conservación y Manejo de Áreas Protegidas para Guardaparques,16,Región Central,GAM,Diplomado,Pregrado,CINE 5,Recursos Naturales,Ecología,"Ciencias Naturales, Matemáticas y Estadística",Medio Ambiente,STEM
2024,Universidad Nacional,Danza,89,Región Central,GAM,Bachillerato,Grado,CINE 6,Artes y Letras,Danza,Artes y Humanidades,Artes,NO STEM
2024,Universidad Nacional,Derechos Humanos y Educación para la Paz,13,Región Central,GAM,Maestría,Posgrado,CINE 7,Derecho,Derechos Humanos,Administración de Empresas y Derecho,Derecho,NO STEM
2024,Universidad Nacional,Desarrollo Comunitario Sustentable,11,Región Central,GAM,Maestría,Posgrado,CINE 7,Ciencias Sociales,Sociología,"Ciencias Sociales, Periodismo e Información",Ciencias Sociales y del Comportamiento,NO STEM
2024,Universidad Nacional,Desarrollo Rural,22,Región Central,GAM,Maestría,Posgrado,CINE 7,Ciencias Sociales,Sociología,"Ciencias Sociales, Periodismo e Información",Ciencias Sociales y del Comportamiento,NO STEM
2024,Universidad Nacional,Economía,665,Región Central,GAM,Bachillerato,Grado,CINE 6,Ciencias Económicas,Economía,"Ciencias Sociales, Periodismo e Información",Ciencias Sociales y del Comportamiento,NO STEM
2024,Universidad Nacional,Economía del Desarrollo,13,Región Central,GAM,Maestría,Posgrado,CINE 7,Ciencias Económicas,Economía,"Ciencias Sociales, Periodismo e Información",Ciencias Sociales y del Comportamiento,NO STEM
2024,Universidad Nacional,Ecotoxicología Tropical,10,Región Central,GAM,Maestría,Posgrado,CINE 7,Recursos Naturales,Ecología,"Ciencias Naturales, Matemáticas y Estadística",Medio Ambiente,STEM
2024,Universidad Nacional,Educación,33,Región Central,GAM,Maestría,Posgrado,CINE 7,Educación,Educación Generalista,Educación,Educación,NO STEM
2024,Universidad Nacional,Educación Comercial,162,Región Central,GAM,Bachillerato,Grado,CINE 6,Educación,Enseñanza del Secretariado,Educación,Educación,NO STEM
2024,Universidad Nacional,Educación Especial,132,Región Central,GAM,Bachillerato,Grado,CINE 6,Educación,Educación Especial,Educación,Educación,NO STEM
2024,Universidad Nacional,Educación Física Deporte y Recreación,22,Región Central,GAM,Bachillerato,Grado,CINE 6,Educación,Educación Física,Educación,Educación,NO STEM
2024,Universidad Nacional,Educación Rural I y II Ciclos,330,Región Central,GAM,Bachillerato,Grado,CINE 6,Educación,Educación Rural,Educación,Educación,NO STEM
2024,Universidad Nacional,Enseñanza de la Filosofía,10,Región Central,GAM,Bachillerato,Grado,CINE 6,Educación,Enseñanza de Filosofía,Educación,Educación,NO STEM
2024,Universidad Nacional,Enseñanza de la Matemática,216,Región Central,GAM,Bachillerato,Grado,CINE 6,Educación,Enseñanza de Matemática,Educación,Educación,NO STEM
2024,Universidad Nacional,Enseñanza de la Religión,78,Región Central,GAM,Bachillerato,Grado,CINE 6,Educación,Educación Religiosa,Educación,Educación,NO STEM
2024,Universidad Nacional,Enseñanza de las Ciencias,172,Región Central,GAM,Bachillerato,Grado,CINE 6,Educación,Enseñanza de Ciencias,Educación,Educación,NO STEM
2024,Universidad Nacional,Enseñanza de los Estudios Sociales,56,Región Central,GAM,Licenciatura,Grado,CINE 6,Educación,Enseñanza de Estudios Sociales,Educación,Educación,NO STEM
2024,Universidad Nacional,Enseñanza de los Estudios Sociales y la Educación Cívica,117,Región Central,GAM,Bachillerato,Grado,CINE 6,Educación,Enseñanza de Estudios Sociales,Educación,Educación,NO STEM
2024,Universidad Nacional,Enseñanza del Arte y Comunicación Visual,142,Región Central,GAM,Bachillerato,Grado,CINE 6,Educación,Enseñanza de Artes Plásticas,Educación,Educación,NO STEM
2024,Universidad Nacional,Enseñanza del Español,92,Región Central,GAM,Bachillerato,Grado,CINE 6,Educación,Enseñanza de Castellano,Educación,Educación,NO STEM
2024,Universidad Nacional,Enseñanza del Francés,62,Región Central,GAM,Bachillerato,Grado,CINE 6,Educación,Enseñanza de Francés,Educación,Educación,NO STEM
2024,Universidad Nacional,Enseñanza del Inglés,582,Región Brunca,No GAM,Bachillerato,Grado,CINE 6,Educación,Enseñanza de Inglés,Educación,Educación,NO STEM
2024,Universidad Nacional,Enseñanza del Inglés I y II Ciclos,79,Región Central,GAM,Bachillerato,Grado,CINE 6,Educación,Educación Primaria Inglés,Educación,Educación,NO STEM
2024,Universidad Nacional,Estudios Latinoamericanos,27,Región Central,GAM,Maestría,Posgrado,CINE 7,Ciencias Sociales,Estudios Latinoamericanos,"Ciencias Sociales, Periodismo e Información",Ciencias Sociales y del Comportamiento,NO STEM
2024,Universidad Nacional,"Estudios Socioreligiosos, Género y Diversidades",8,Región Central,GAM,Doctorado,Posgrado,CINE 7,Ciencias Sociales,Sociología,"Ciencias Sociales, Periodismo e Información",Ciencias Sociales y del Comportamiento,NO STEM
2024,Universidad Nacional,Estudios Teológicos,5,Región Central,GAM,Maestría,Posgrado,CINE 7,Artes y Letras,Teología,Artes y Humanidades,Humanidades,NO STEM
2024,Universidad Nacional,Estudios de Cultura Centroamericana,7,Región Central,GAM,Maestría,Posgrado,CINE 7,Ciencias Sociales,Estudios Latinoamericanos,"Ciencias Sociales, Periodismo e Información",Ciencias Sociales y del Comportamiento,NO STEM
2024,Universidad Nacional,Filosofía,88,Región Central,GAM,Bachillerato,Grado,CINE 6,Artes y Letras,Filosofía,Artes y Humanidades,Humanidades,NO STEM
2024,Universidad Nacional,Filosofía Contemporánea,2,Región Central,GAM,Maestría,Posgrado,CINE 7,Artes y Letras,Filosofía,Artes y Humanidades,Humanidades,NO STEM
2024,Universidad Nacional,Francés,37,Región Central,GAM,Licenciatura,Grado,CINE 6,Artes y Letras,Francés,Artes y Humanidades,Idiomas,NO STEM
2024,Universidad Nacional,Física Médica,8,Región Central,GAM,Maestría,Posgrado,CINE 7,Ciencias de la Salud,Medicina,Salud y Bienestar,Salud,STEM
2024,Universidad Nacional,Gerencia de Seguridad Alimentaria y Nutricional,13,Región Central,GAM,Maestría,Posgrado,CINE 7,Ciencias de la Salud,Nutrición,Salud y Bienestar,Salud,STEM
2024,Universidad Nacional,Gerencia del Comercio Internacional,16,Región Central,GAM,Maestría,Posgrado,CINE 7,Ciencias Económicas,Comercio Internacional,Administración de empresas y derecho,Educación Comercial y Administración,NO STEM
2024,Universidad Nacional,Gestión Ambiental,1,Región Central,GAM,Licenciatura,Grado,CINE 6,Recursos Naturales,Ecología,"Ciencias naturales, matemáticas y estadística",Medio Ambiente,STEM
2024,Universidad Nacional,Gestión Educativa,22,Región Central,GAM,Maestría,Posgrado,CINE 7,Educación,Administración Educativa,Educación,Educación,NO STEM
2024,Universidad Nacional,Gestión Empresarial del Turismo Sostenible,381,Región Chorotega,No GAM,Bachillerato,Grado,CINE 6,Ciencias Sociales,Turismo,Servicios,Servicios Personales,NO STEM
2024,Universidad Nacional,Gestión de Negocios Turísticos Bilingües,1,Región Chorotega,No GAM,Licenciatura,Grado,CINE 6,Ciencias Sociales,Turismo,Servicios,Servicios Personales,NO STEM
2024,Universidad Nacional,Gestión de la Innovación Tecnológica,14,Región Central,GAM,Maestría,Posgrado,CINE 7,Computación,Tecnologías de Información,Tecnologías de la Información y Comunicación,Tecnologías de la Información y la Comunicación (TIC),STEM
2024,Universidad Nacional,Gestión de los Recursos Naturales y Conservación de la Biodiversidad,18,Región Central,GAM,Licenciatura,Grado,CINE 6,Recursos Naturales,Ecología,"Ciencias naturales, matemáticas y estadística",Medio Ambiente,STEM
2024,Universidad Nacional,Gestión y Estudios Ambientales,2,Región Central,GAM,Maestría,Posgrado,CINE 7,Recursos Naturales,Ecología,"Ciencias Naturales, Matemáticas y Estadística",Medio Ambiente,STEM
2024,Universidad Nacional,Gestión y Finanzas Públicas,19,Región Central,GAM,Maestría,Posgrado,CINE 7,Ciencias Económicas,Administración Pública,Administración de Empresas y Derecho,Educación Comercial y Administración,NO STEM
2024,Universidad Nacional,Gestión y Recreación Turística,1,Región Huetar Norte,No GAM,Bachillerato,Grado,CINE 6,Ciencias Sociales,Turismo,Servicios,Servicios Personales,NO STEM
2024,Universidad Nacional,Género y Desarrollo,68,Región Central,GAM,Bachillerato,Grado,CINE 6,Ciencias Sociales,Estudios de Género,"Ciencias Sociales, Periodismo e Información",Ciencias Sociales y del Comportamiento,NO STEM
2024,Universidad Nacional,Historia,117,Región Central,GAM,Bachillerato,Grado,CINE 6,Ciencias Sociales,Historia,Artes y Humanidades,Humanidades,NO STEM
2024,Universidad Nacional,Historia Aplicada,10,Región Central,GAM,Maestría,Posgrado,CINE 7,Ciencias Sociales,Historia,Artes y Humanidades,Humanidades,NO STEM
2024,Universidad Nacional,Informática,235,Región Central,GAM,Licenciatura,Grado,CINE 6,Computación,Ingeniería del Software,Tecnologías de la Información y Comunicación,Tecnologías de la Información y la Comunicación (TIC),STEM
2024,Universidad Nacional,Ingeniería Agronómica,73,Región Central,GAM,Licenciatura,Grado,CINE 6,Recursos Naturales,Agronomía General,"Agricultura, Silvicultura, Pesca y Veterinaria",Agricultura,STEM
2024,Universidad Nacional,Ingeniería Ciencias Forestales,155,Región Central,GAM,Bachillerato,Grado,CINE 6,Recursos Naturales,Forestales,"Ciencias Naturales, Matemáticas y Estadística",Medio Ambiente,STEM
2024,Universidad Nacional,Ingeniería Gestión Ambiental,158,Región Central,GAM,Bachillerato,Grado,CINE 6,Recursos Naturales,Ecología,"Ciencias Naturales, Matemáticas y Estadística",Medio Ambiente,STEM
2024,Universidad Nacional,Ingeniería Hidrológica,91,Región Chorotega,No GAM,Bachillerato,Grado,CINE 6,Recursos Naturales,Manejo de Recursos Hídricos,"Ciencias Naturales, Matemáticas y Estadística",Medio Ambiente,STEM
2024,Universidad Nacional,Ingeniería de Bioprocesos Industriales,119,Región Central,GAM,Bachillerato,Grado,CINE 6,Ingeniería,Ingeniería Química,"Ingeniería, Industria y Construcción",Ingeniería y Profesiones Afines,STEM
2024,Universidad Nacional,Ingeniería en Agronomía,216,Región Central,GAM,Bachillerato,Grado,CINE 6,Recursos Naturales,Agronomía General,"Agricultura, Silvicultura, Pesca y Veterinaria",Agricultura,STEM
2024,Universidad Nacional,Ingeniería en Calidad e Innovación Agroalimentaria,123,Región Brunca,No GAM,Bachillerato,Grado,CINE 6,Recursos Naturales,Economía Agrícola,"Agricultura, Silvicultura, Pesca y Veterinaria",Agricultura,STEM
2024,Universidad Nacional,Ingeniería en Energías Sostenibles,68,Región Chorotega,No GAM,Licenciatura,Grado,CINE 6,Ingeniería,Ingeniería Mecánica,"Ingeniería, Industria y Construcción",Ingeniería y Profesiones Afines,STEM
2024,Universidad Nacional,Ingeniería en Sistemas de Información,2453,Región Central,GAM,Bachillerato,Grado,CINE 6,Computación,Tecnologías de Información,Tecnologías de la Información y Comunicación,Tecnologías de la Información y la Comunicación (TIC),STEM
2024,Universidad Nacional,Inglés,580,Región Central,No GAM,Diplomado,Pregrado,CINE 5,Artes y Letras,Inglés,Artes y Humanidades,Idiomas,NO STEM
2024,Universidad Nacional,Jazz y Prácticas Musicales Contemporáneas,15,Región Central,GAM,Maestría,Posgrado,CINE 7,Artes y Letras,Artes Musicales,Artes y Humanidades,Artes,NO STEM
2024,Universidad Nacional,Lengua Francesa,66,Región Central,GAM,Bachillerato,Grado,CINE 6,Artes y Letras,Francés,Artes y Humanidades,Idiomas,NO STEM
2024,Universidad Nacional,Lingüística Aplicada énfasis Inglés,18,Región Central,GAM,Maestría,Posgrado,CINE 7,Artes y Letras,Inglés,Artes y Humanidades,Idiomas,NO STEM
2024,Universidad Nacional,Literatura y Lingüística,61,Región Central,GAM,Bachillerato,Grado,CINE 6,Artes y Letras,Literatura y Lingüística (Español),Artes y Humanidades,Idiomas,NO STEM
2024,Universidad Nacional,Medicina Veterinaria,277,Región Central,GAM,Licenciatura,Grado,CINE 6,Ciencias de la Salud,Veterinaria,"Agricultura, Silvicultura, Pesca y Veterinaria",Veterinaria,STEM
2024,Universidad Nacional,Mercadeo y Ventas,21,Región Central,GAM,Maestría,Posgrado,CINE 7,Ciencias Económicas,Mercadeo,Administración de Empresas y Derecho,Educación Comercial y Administración,NO STEM
2024,Universidad Nacional,Música,10,Región Central,GAM,Maestría,Posgrado,CINE 7,Artes y Letras,Artes Musicales,Artes y Humanidades,Artes,NO STEM
2024,Universidad Nacional,Música Ejecución y Enseñanza de Instrumento,83,Región Central,GAM,Bachillerato,Grado,CINE 6,Educación,Enseñanza de Música,Educación,Educación,NO STEM
2024,Universidad Nacional,Música énfasis Dirección Coral,7,Región Central,GAM,Bachillerato,Grado,CINE 6,Artes y Letras,Artes Musicales,Artes y Humanidades,Artes,NO STEM
2024,Universidad Nacional,Música énfasis Educación Musical,102,Región Central,GAM,Bachillerato,Grado,CINE 6,Educación,Enseñanza de Música,Educación,Educación,NO STEM
2024,Universidad Nacional,Música énfasis Enseñanza e Interpretación de Canto,9,Región Central,GAM,Bachillerato,Grado,CINE 6,Educación,Enseñanza de Música,Educación,Educación,NO STEM
2024,Universidad Nacional,Orientación,293,Región Central,GAM,Bachillerato,Grado,CINE 6,Educación,Orientación,Salud y Bienestar,Bienestar,NO STEM
2024,Universidad Nacional,Pedagogía,9,Región Central,GAM,Maestría,Posgrado,CINE 7,Educación,Educación Generalista,Educación,Educación,NO STEM
2024,Universidad Nacional,Pedagogía énfasis Didáctica,48,Región Central,GAM,Licenciatura,Grado,CINE 6,Educación,Educación Generalista,Educación,Educación,NO STEM
2024,Universidad Nacional,Pedagogía énfasis Educación Preescolar,138,Región Central,GAM,Bachillerato,Grado,CINE 6,Educación,Educación Preescolar,Educación,Educación,NO STEM
2024,Universidad Nacional,Pedagogía énfasis I y II Ciclos de la Educación General Básica,436,Región Chorotega,No GAM,Bachillerato,Grado,CINE 6,Educación,Educación Primaria,Educación,Educación,NO STEM
2024,Universidad Nacional,Pensamiento Estratégico y Prospectiva,5,Región Central,GAM,Maestría,Posgrado,CINE 7,Ciencias Económicas,Planificación,Administración de Empresas y Derecho,Educación Comercial y Administración,NO STEM
2024,Universidad Nacional,Planificación,1,Región Central,GAM,Maestría,Posgrado,CINE 7,Ciencias Económicas,Planificación,Administración de Empresas y Derecho,Educación Comercial y Administración,NO STEM
2024,Universidad Nacional,Planificación Económica y Social,478,Región Central,GAM,Bachillerato,Grado,CINE 6,Ciencias Económicas,Planificación,Administración de Empresas y Derecho,Educación Comercial y Administración,NO STEM
2024,Universidad Nacional,Política Económica,10,Región Central,GAM,Maestría,Posgrado,CINE 7,Ciencias Económicas,Economía,"Ciencias Sociales, Periodismo e Información",Ciencias Sociales y del Comportamiento,NO STEM
2024,Universidad Nacional,Preparación y Readaptación Física Deportiva,26,Región Central,GAM,Licenciatura,Grado,CINE 6,Ciencias de la Salud,Terapia Física,Salud y Bienestar,Salud,STEM
2024,Universidad Nacional,Promoción de la Salud Física,23,Región Central,GAM,Bachillerato,Grado,CINE 6,Educación,Educación Física,Educación,Educación,NO STEM
2024,Universidad Nacional,Promoción de la Salud y Movimiento Humano,2,Región Central,GAM,Licenciatura,Grado,CINE 6,Ciencias de la Salud,Salud Pública,Salud y Bienestar,Salud,STEM
2024,Universidad Nacional,Psicología,317,Región Central,GAM,Bachillerato,Grado,CINE 6,Ciencias Sociales,Psicología,"Ciencias Sociales, Periodismo e Información",Ciencias Sociales y del Comportamiento,NO STEM
2024,Universidad Nacional,Química Industrial,331,Región Central,GAM,Bachillerato,Grado,CINE 6,Ciencias Básicas,Química,"Ciencias Naturales, Matemáticas y Estadística",Ciencias Físicas,STEM
2024,Universidad Nacional,Relaciones Internacionales,297,Región Central,GAM,Bachillerato,Grado,CINE 6,Ciencias Sociales,Relaciones Internacionales,"Ciencias Sociales, Periodismo e Información",Ciencias Sociales y del Comportamiento,NO STEM
2024,Universidad Nacional,Relaciones Internacionales y Diplomacia,23,Región Central,GAM,Maestría,Posgrado,CINE 7,Ciencias Sociales,Relaciones Internacionales,"Ciencias Sociales, Periodismo e Información",Ciencias Sociales y del Comportamiento,NO STEM
2024,Universidad Nacional,Responsabilidad Social y Sostenibilidad,30,Región Central,GAM,Maestría,Posgrado,CINE 7,Ciencias Sociales,Relaciones Internacionales,"Ciencias Sociales, Periodismo e Información",Ciencias Sociales y del Comportamiento,NO STEM
2024,Universidad Nacional,Salud Integral y Movimiento Humano,16,Región Central,GAM,Maestría,Posgrado,CINE 7,Educación,Educación Física,Educación,Educación,NO STEM
2024,Universidad Nacional,Secretariado Profesional,1,Región Central,GAM,Diplomado,Pregrado,CINE 5,Ciencias Sociales,Secretariado Profesional,Administración de Empresas y Derecho,Educación Comercial y Administración,NO STEM
2024,Universidad Nacional,Sistemas de Información Geográfica y Teledetección,1,Región Central,GAM,Maestría,Posgrado,CINE 7,Recursos Naturales,Geografía,"Ciencias Naturales, Matemáticas y Estadística",Ciencias Físicas,STEM
2024,Universidad Nacional,Sociología,391,Región Central,GAM,Bachillerato,Grado,CINE 6,Ciencias Sociales,Sociología,"Ciencias Sociales, Periodismo e Información",Ciencias Sociales y del Comportamiento,NO STEM
2024,Universidad Nacional,Tecnología e Innovación Educativa,24,Región Central,GAM,Maestría,Posgrado,CINE 7,Educación,Tecnología Educativa,Educación,Educación,NO STEM
2024,Universidad Nacional,Tecnologías de Información,21,Región Central,GAM,Maestría,Posgrado,CINE 7,Computación,Tecnologías de Información,Tecnologías de la Información y Comunicación,Tecnologías de la Información y la Comunicación (TIC),STEM
2024,Universidad Nacional,Teología,44,Región Central,GAM,Bachillerato,Grado,CINE 6,Artes y Letras,Teología,Artes y Humanidades,Humanidades,NO STEM
2024,Universidad Nacional,Topografía y Catastro,242,Región Central,GAM,Bachillerato,Grado,CINE 6,Ingeniería,Ingeniería Topográfica,"Ingeniería, Industria y Construcción",Arquitectura y Construcción,STEM
2024,Universidad Nacional,Topografía y Geodesia,37,Región Central,GAM,Licenciatura,Grado,CINE 6,Ingeniería,Ingeniería Topográfica,"Ingeniería, Industria y Construcción",Arquitectura y Construcción,STEM
2024,Universidad Nacional,Traducción Inglés-Español,25,Región Central,GAM,Maestría,Posgrado,CINE 7,Artes y Letras,Inglés,Artes y Humanidades,Idiomas,NO STEM
2024,Universidad Nacional,Turismo y Desarollo Sostenible,10,Región Chorotega,No GAM,Maestría,Posgrado,CINE 7,Ciencias Sociales,Turismo,Servicios,Servicios Personales,NO STEM
2024,Universidad Técnica Nacional,Administración Aduanera,551,Región Central,GAM,Diplomado,Pregrado,CINE 5,Ciencias Económicas,Administración Pública,Administración de Empresas y Derecho,Educación Comercial y Administración,NO STEM
2024,Universidad Técnica Nacional,Administración de Compras y Control de Inventarios,222,Región Central,GAM,Diplomado,Pregrado,CINE 5,Ciencias Económicas,Proveeduría,Administración de Empresas y Derecho,Educación Comercial y Administración,NO STEM
2024,Universidad Técnica Nacional,Administración de Empresas Agropecuarias,54,Región Huetar Norte,No GAM,Diplomado,Pregrado,CINE 5,Ciencias Económicas,Administración de Empresas Agropecuarias,Administración de Empresas y Derecho,Educación Comercial y Administración,NO STEM
2024,Universidad Técnica Nacional,Administración del Comercio Exterior,44,Región Central,GAM,Licenciatura,Grado,CINE 6,Ciencias Económicas,Comercio Internacional,Administración de Empresas y Derecho,Educación Comercial y Administración,NO STEM
2024,Universidad Técnica Nacional,Administración y Gestión de Recursos Humanos,688,Región Central,GAM,Diplomado,Pregrado,CINE 5,Ciencias Económicas,Administración de Recursos Humanos,Administración de Empresas y Derecho,Educación Comercial y Administración,NO STEM
2024,Universidad Técnica Nacional,Asistencia Administrativa,242,Región Central,GAM,Diplomado,Pregrado,CINE 5,Ciencias Sociales,Secretariado Profesional,Administración de Empresas y Derecho,Educación Comercial y Administración,NO STEM
2024,Universidad Técnica Nacional,Asistencia Veterinaria,24,Región Central,GAM,Diplomado,Pregrado,CINE 5,Ciencias de la Salud,Asistente Veterinaria,"Agricultura, Silvicultura, Pesca y Veterinaria",Veterinaria,STEM
2024,Universidad Técnica Nacional,Comercio Exterior,287,Región Central,GAM,Diplomado,Pregrado,CINE 5,Ciencias Económicas,Comercio Internacional,Administración de Empresas y Derecho,Educación Comercial y Administración,NO STEM
2024,Universidad Técnica Nacional,Contabilidad y Finanzas,1129,Región Central,GAM,Diplomado,Pregrado,CINE 5,Ciencias Económicas,Finanzas,Administración de empresas y derecho,Educación Comercial y Administración,NO STEM
2024,Universidad Técnica Nacional,Contaduría Pública,145,Región Central,GAM,Licenciatura,Grado,CINE 6,Ciencias Económicas,Contaduría,Administración de Empresas y Derecho,Educación Comercial y Administración,NO STEM
2024,Universidad Técnica Nacional,Diseño Gráfico,108,Región Pacífico Central,No GAM,Diplomado,Pregrado,CINE 5,Artes y Letras,Diseño Gráfico,Artes y Humanidades,Artes,NO STEM
2024,Universidad Técnica Nacional,Enseñanza de Especialidad Técnica,139,Región Central,GAM,Profesorado,Pregrado,CINE 5,Educación,Educación Técnica,Educación,Educación,NO STEM
2024,Universidad Técnica Nacional,Gestión Ecoturística,263,Región Chorotega,No GAM,Diplomado,Pregrado,CINE 5,Ciencias Sociales,Turismo,Servicios,Servicios Personales,NO STEM
2024,Universidad Técnica Nacional,Gestión Empresarial,86,Región Chorotega,No GAM,Licenciatura,Grado,CINE 6,Ciencias Económicas,Administración,Administración de Empresas y Derecho,Educación Comercial y Administración,NO STEM
2024,Universidad Técnica Nacional,Gestión de Centros de Servicios Compartidos,59,Región Huetar Norte,No GAM,Diplomado,Pregrado,CINE 5,Ciencias Económicas,Administración,Administración de Empresas y Derecho,Educación Comercial y Administración,NO STEM
2024,Universidad Técnica Nacional,Gestión de Empresas de Hospedaje y Gastronómicas,315,Región Central,GAM,Diplomado,Pregrado,CINE 5,Ciencias Sociales,Turismo,Servicios,Servicios Personales,NO STEM
2024,Universidad Técnica Nacional,Gestión y Administración Empresarial,446,Región Chorotega,No GAM,Diplomado,Pregrado,CINE 5,Ciencias Económicas,Administración,Administración de Empresas y Derecho,Educación Comercial y Administración,NO STEM
2024,Universidad Técnica Nacional,Ingeniería Acuicultura,68,Región Pacífico Central,No GAM,Diplomado,Pregrado,CINE 5,Recursos Naturales,Zootecnia,"Agricultura, Silvicultura, Pesca y Veterinaria",Agricultura,STEM
2024,Universidad Técnica Nacional,Ingeniería Agricultura Integrada Bajo Riego,1,Región Chorotega,No GAM,Bachillerato,Grado,CINE 6,Recursos Naturales,Agronomía General,"Agricultura, Silvicultura, Pesca y Veterinaria",Agricultura,STEM
2024,Universidad Técnica Nacional,Ingeniería Agronómica,154,Región Chorotega,No GAM,Diplomado,Pregrado,CINE 5,Recursos Naturales,Agronomía General,"Agricultura, Silvicultura, Pesca y Veterinaria",Agricultura,STEM
2024,Universidad Técnica Nacional,Ingeniería Electromecánica,360,Región Central,GAM,Diplomado,Pregrado,CINE 5,Ingeniería,Ingeniería Mecánica,"Ingeniería, Industria y Construcción",Ingeniería y Profesiones Afines,STEM
2024,Universidad Técnica Nacional,Ingeniería Electrónica,492,Región Central,GAM,Diplomado,Pregrado,CINE 5,Ingeniería,Ingeniería Electrónica,"Ingeniería, Industria y Construcción",Ingeniería y Profesiones Afines,STEM
2024,Universidad Técnica Nacional,Ingeniería Eléctrica,242,Región Pacífico Central,No GAM,Diplomado,Pregrado,CINE 5,Ingeniería,Ingeniería Eléctrica,"Ingeniería, Industria y Construcción",Ingeniería y Profesiones Afines,STEM
2024,Universidad Técnica Nacional,Ingeniería Energética,81,Región Chorotega,No GAM,Diplomado,Pregrado,CINE 5,Ingeniería,Ingeniería Mecánica,"Ingeniería, Industria y Construcción",Ingeniería y Profesiones Afines,STEM
2024,Universidad Técnica Nacional,Ingeniería Gestión Ambiental,432,Región Chorotega,No GAM,Diplomado,Pregrado,CINE 5,Recursos Naturales,Ecología,"Ciencias Naturales, Matemáticas y Estadística",Medio Ambiente,STEM
2024,Universidad Técnica Nacional,Ingeniería Manejo del Recurso Hídrico,195,Región Central,GAM,Diplomado,Pregrado,CINE 5,Recursos Naturales,Manejo de Recursos Hídricos,"Ciencias Naturales, Matemáticas y Estadística",Medio Ambiente,STEM
2024,Universidad Técnica Nacional,Ingeniería Procesos y Calidad,297,Región Central,GAM,Diplomado,Pregrado,CINE 5,Ingeniería,Ingeniería Industrial,"Ingeniería, Industria y Construcción",Industria y Producción,STEM
2024,Universidad Técnica Nacional,Ingeniería Producción Animal,1,Región Central,GAM,Bachillerato,Grado,CINE 6,Recursos Naturales,Producción Animal,"Agricultura, Silvicultura, Pesca y Veterinaria",Agricultura,STEM
2024,Universidad Técnica Nacional,Ingeniería Producción Industrial,607,Región Central,GAM,Diplomado,Pregrado,CINE 5,Ingeniería,Ingeniería Industrial,"Ingeniería, Industria y Construcción",Industria y Producción,STEM
2024,Universidad Técnica Nacional,Ingeniería Salud Ocupacional y Ambiente,665,Región Central,No GAM,Diplomado,Pregrado,CINE 5,Ingeniería,Seguridad Laboral,Servicios,Servicios de Higiene y Salud Ocupacional,STEM
2024,Universidad Técnica Nacional,Ingeniería Sistemas de Producción Animal,287,Región Central,GAM,Diplomado,Pregrado,CINE 5,Recursos Naturales,Producción Animal,"Agricultura, Silvicultura, Pesca y Veterinaria",Agricultura,STEM
2024,Universidad Técnica Nacional,Ingeniería Tecnología de Alimentos,298,Región Central,GAM,Diplomado,Pregrado,CINE 5,Ingeniería,Ingeniería de Alimentos,"Ingeniería, Industria y Construcción",Industria y Producción,STEM
2024,Universidad Técnica Nacional,Ingeniería Tecnologías de Información,684,Región Chorotega,No GAM,Diplomado,Pregrado,CINE 5,Computación,Tecnologías de Información,Tecnologías de la Información y Comunicación,Tecnologías de la Información y la Comunicación (TIC),STEM
2024,Universidad Técnica Nacional,Ingeniería de Software,1019,Región Central,GAM,Diplomado,Pregrado,CINE 5,Computación,Ingeniería del Software,Tecnologías de la Información y Comunicación,Tecnologías de la Información y la Comunicación (TIC),STEM
2024,Universidad Técnica Nacional,Ingeniería en Ciencias Forestales y Vida Silvestre,215,Región Central,GAM,Diplomado,Pregrado,CINE 5,Recursos Naturales,Forestales,"Ciencias Naturales, Matemáticas y Estadística",Medio Ambiente,STEM
2024,Universidad Técnica Nacional,Inglés como Lengua Extranjera,910,Región Central,No GAM,Diplomado,Pregrado,CINE 5,Educación,Enseñanza de Inglés,Educación,Educación,NO STEM
2024,Universidad Técnica Nacional,Logística Internacional,14,Región Central,GAM,Licenciatura,Grado,CINE 6,Ciencias Económicas,Administración Pública,Administración de Empresas y Derecho,Educación Comercial y Administración,NO STEM
2024,Universidad Técnica Nacional,Mantenimiento Agroindustrial Sostenible,44,Región Huetar Norte,No GAM,Diplomado,Pregrado,CINE 5,Ingeniería,Ingeniería Mecánica,"Ingeniería, Industria y Construcción",Ingeniería y Profesiones Afines,STEM
2024,Universidad Técnica Nacional,Mecatrónica,54,Región Central,GAM,Diplomado,Pregrado,CINE 5,Ingeniería,Ingeniería Mecánica,"Ingeniería, Industria y Construcción",Ingeniería y Profesiones Afines,STEM
2024,Universidad Técnica Nacional,Mediación Pedagógica,66,Región Central,GAM,Licenciatura,Grado,CINE 6,Educación,Educación Generalista,Educación,Educación,NO STEM
2024,Universidad Técnica Nacional,Medicina Veterinaria,265,Región Central,GAM,Diplomado,Pregrado,CINE 5,Ciencias de la Salud,Veterinaria,"Agricultura, Silvicultura, Pesca y Veterinaria",Veterinaria,STEM
2024,Universidad Técnica Nacional,Tecnología de la Imagen,165,Región Central,GAM,Diplomado,Pregrado,CINE 5,Artes y Letras,Fotografía,Artes y Humanidades,Artes,NO STEM
2024,Universidad de Costa Rica,Administración Aduanera y Comercio Exterior,12,Región Central,GAM,Licenciatura,Grado,CINE 6,Ciencias Económicas,Administración Pública,Administración de Empresas y Derecho,Educación Comercial y Administración,NO STEM
2024,Universidad de Costa Rica,Administración Aduanera y Comercio Exterior énfasis Comercio Internacional,1037,Región Central,GAM,Licenciatura,Grado,CINE 6,Ciencias Económicas,Administración Pública,Administración de Empresas y Derecho,Educación Comercial y Administración,NO STEM
2024,Universidad de Costa Rica,Administración Educativa,32,Región Chorotega,No GAM,Maestría,Posgrado,CINE 7,Educación,Administración Educativa,Educación,Educación,NO STEM
2024,Universidad de Costa Rica,Administración Pública,578,Región Central,GAM,Licenciatura,Grado,CINE 6,Ciencias Económicas,Administración Pública,Administración de Empresas y Derecho,Educación Comercial y Administración,NO STEM
2024,Universidad de Costa Rica,Administración Pública énfasis Administración Aduanera y Comercio Internacional,3,Región Central,GAM,Maestría,Posgrado,CINE 7,Ciencias Económicas,Administración Pública,Administración de Empresas y Derecho,Educación Comercial y Administración,NO STEM
2024,Universidad de Costa Rica,Administración Pública énfasis Gestión Pública,2,Región Central,GAM,Maestría,Posgrado,CINE 7,Ciencias Económicas,Administración Pública,Administración de Empresas y Derecho,Educación Comercial y Administración,NO STEM
2024,Universidad de Costa Rica,Administración de Negocios Varios énfasis,2,Región Central,GAM,Licenciatura,Grado,CINE 6,Ciencias Económicas,Administración,Administración de Empresas y Derecho,Educación Comercial y Administración,NO STEM
2024,Universidad de Costa Rica,Administración e Ingeniería de la Construcción,4,Región Central,GAM,Maestría,Posgrado,CINE 7,Ingeniería,Ingeniería Civil,"Ingeniería, Industria y Construcción",Arquitectura y Construcción,STEM
2024,Universidad de Costa Rica,Administración y Dirección de Empresas,1,Región Central,GAM,Maestría,Posgrado,CINE 7,Ciencias Económicas,Administración,Administración de Empresas y Derecho,Educación Comercial y Administración,NO STEM
2024,Universidad de Costa Rica,Administración y Dirección de Empresas énfasis Finanzas,2,Región Central,GAM,Maestría,Posgrado,CINE 7,Ciencias Económicas,Finanzas,Administración de Empresas y Derecho,Educación Comercial y Administración,NO STEM
2024,Universidad de Costa Rica,Administración y Dirección de Empresas énfasis Gerencia,3,Región Central,GAM,Maestría,Posgrado,CINE 7,Ciencias Económicas,Administración,Administración de Empresas y Derecho,Educación Comercial y Administración,NO STEM
2024,Universidad de Costa Rica,Agronomía,727,Región Central,GAM,Licenciatura,Grado,CINE 6,Recursos Naturales,Agronomía General,"Agricultura, Silvicultura, Pesca y Veterinaria",Agricultura,STEM
2024,Universidad de Costa Rica,Anatomía Patológica,11,Región Central,GAM,Especialidad Profesional,Posgrado,CINE 7,Ciencias de la Salud,Medicina,Salud y Bienestar,Salud,STEM
2024,Universidad de Costa Rica,Anestesiología Pediátrica,2,Región Central,GAM,Especialidad Profesional,Posgrado,CINE 7,Ciencias de la Salud,Medicina,Salud y Bienestar,Salud,STEM
2024,Universidad de Costa Rica,Anestesiología y Recuperación,62,Región Central,GAM,Especialidad Profesional,Posgrado,CINE 7,Ciencias de la Salud,Medicina,Salud y Bienestar,Salud,STEM
2024,Universidad de Costa Rica,Antropología,333,Región Central,GAM,Bachillerato,Grado,CINE 6,Ciencias Sociales,Antropología,"Ciencias Sociales, Periodismo e Información",Ciencias Sociales y del Comportamiento,NO STEM
2024,Universidad de Costa Rica,Antropología varios énfasis,16,Región Central,GAM,Licenciatura,Grado,CINE 6,Ciencias Sociales,Antropología,"Ciencias Sociales, Periodismo e Información",Ciencias Sociales y del Comportamiento,NO STEM
2024,Universidad de Costa Rica,Archivística,261,Región Central,GAM,Licenciatura,Grado,CINE 6,Ciencias Sociales,Archivística,"Ciencias Sociales, Periodismo e Información",Periodismo e Información,NO STEM
2024,Universidad de Costa Rica,Arquitectura,686,Región Central,GAM,Licenciatura,Grado,CINE 6,Ingeniería,Arquitectura,"Ingeniería, Industria y Construcción",Arquitectura y Construcción,STEM
2024,Universidad de Costa Rica,Arquitectura Tropical,9,Región Central,GAM,Maestría,Posgrado,CINE 7,Ingeniería,Arquitectura,"Ingeniería, Industria y Construcción",Arquitectura y Construcción,STEM
2024,Universidad de Costa Rica,Arquitectura y Construcción,8,Región Central,GAM,Maestría,Posgrado,CINE 7,Ingeniería,Arquitectura,"Ingeniería, Industria y Construcción",Arquitectura y Construcción,STEM
2024,Universidad de Costa Rica,Artes,14,Región Central,GAM,Maestría,Posgrado,CINE 7,Artes y Letras,Artes y Letras,Artes y Humanidades,Artes,NO STEM
2024,Universidad de Costa Rica,Artes Dramáticas,135,Región Central,GAM,Licenciatura,Grado,CINE 6,Artes y Letras,Artes Dramáticas,Artes y Humanidades,Artes,NO STEM
2024,Universidad de Costa Rica,Artes Plásticas énfasis Cerámica,1,Región Central,GAM,Licenciatura,Grado,CINE 6,Artes y Letras,Artes Plásticas,Artes y Humanidades,Artes,NO STEM
2024,Universidad de Costa Rica,Artes Plásticas énfasis Diseño Gráfico,5,Región Central,GAM,Licenciatura,Grado,CINE 6,Artes y Letras,Diseño Gráfico,Artes y Humanidades,Artes,NO STEM
2024,Universidad de Costa Rica,Artes Plásticas énfasis Escultura,3,Región Central,GAM,Licenciatura,Grado,CINE 6,Artes y Letras,Artes Plásticas,Artes y Humanidades,Artes,NO STEM
2024,Universidad de Costa Rica,Artes Plásticas énfasis Pintura,5,Región Central,GAM,Licenciatura,Grado,CINE 6,Artes y Letras,Artes Plásticas,Artes y Humanidades,Artes,NO STEM
2024,Universidad de Costa Rica,Artes énfasis Artes Escénicas,3,Región Central,GAM,Maestría,Posgrado,CINE 7,Artes y Letras,Artes Dramáticas,Artes y Humanidades,Artes,NO STEM
2024,Universidad de Costa Rica,Artes énfasis Cinematografía,1,Región Central,GAM,Maestría,Posgrado,CINE 7,Artes y Letras,Producción de Cine y Televisión,Artes y Humanidades,Artes,NO STEM
2024,Universidad de Costa Rica,Asistente de Laboratorio,71,Región Central,GAM,Diplomado,Pregrado,CINE 5,Ciencias de la Salud,Asistente de Laboratorio,"Ciencias naturales, matemáticas y estadística",Ciencias Biológicas y afines,STEM
2024,Universidad de Costa Rica,Astrofísica,3,Región Central,GAM,Maestría,Posgrado,CINE 7,Ciencias Básicas,Física,"Ciencias Naturales, Matemáticas y Estadística",Ciencias Físicas,STEM
2024,Universidad de Costa Rica,Audiología,164,Región Central,GAM,Licenciatura,Grado,CINE 6,Ciencias de la Salud,Audiología,Salud y Bienestar,Salud,STEM
2024,Universidad de Costa Rica,Bacteriología Médica,10,Región Central,GAM,Especialidad Profesional,Posgrado,CINE 7,Ciencias de la Salud,Microbiología,"Ciencias Naturales, Matemáticas y Estadística",Ciencias Biológicas y Afines,STEM
2024,Universidad de Costa Rica,Bibliotecología y Ciencias de la Información,56,Región Central,GAM,Licenciatura,Grado,CINE 6,Ciencias Sociales,Bibliotecología,"Ciencias Sociales, Periodismo e Información",Periodismo e Información,NO STEM
2024,Universidad de Costa Rica,Bibliotecología énfasis Bibliotecas Educativas,247,Región Central,GAM,Bachillerato,Grado,CINE 6,Ciencias Sociales,Bibliotecología,"Ciencias Sociales, Periodismo e Información",Periodismo e Información,NO STEM
2024,Universidad de Costa Rica,Bibliotecología énfasis Ciencias de la Información,149,Región Central,GAM,Bachillerato,Grado,CINE 6,Ciencias Sociales,Bibliotecología,"Ciencias Sociales, Periodismo e Información",Periodismo e Información,NO STEM
2024,Universidad de Costa Rica,Bioinformática y Biología de Sistemas,12,Región Central,GAM,Maestría,Posgrado,CINE 7,Ciencias Básicas,Biología,"Ciencias Naturales, Matemáticas y Estadística",Ciencias Biológicas y Afines,STEM
2024,Universidad de Costa Rica,Biología,421,Región Central,GAM,Licenciatura,Grado,CINE 6,Ciencias Básicas,Biología,"Ciencias Naturales, Matemáticas y Estadística",Ciencias Biológicas y Afines,STEM
2024,Universidad de Costa Rica,Biología énfasis Genética y Biología Molecular,18,Región Central,GAM,Maestría,Posgrado,CINE 7,Ciencias Básicas,Biología,"Ciencias Naturales, Matemáticas y Estadística",Ciencias Biológicas y Afines,STEM
2024,Universidad de Costa Rica,Bioética,1,Región Central,GAM,Maestría,Posgrado,CINE 7,Artes y Letras,Filosofía,Artes y Humanidades,Humanidades,NO STEM
2024,Universidad de Costa Rica,Cardiología,28,Región Central,GAM,Especialidad Profesional,Posgrado,CINE 7,Ciencias de la Salud,Medicina,Salud y Bienestar,Salud,STEM
2024,Universidad de Costa Rica,Ciencia de Alimentos,9,Región Central,GAM,Maestría,Posgrado,CINE 7,Ingeniería,Ingeniería de Alimentos,"Ingeniería, Industria y Construcción",Industria y Producción,STEM
2024,Universidad de Costa Rica,Ciencias,13,Región Central,GAM,Doctorado,Posgrado,CINE 8,Ciencias Básicas,Ciencias,"Ciencias Naturales, Matemáticas y Estadística",Medio Ambiente,STEM
2024,Universidad de Costa Rica,Ciencias Actuariales,213,Región Central,GAM,Licenciatura,Grado,CINE 6,Ciencias Básicas,Ciencias Actuariales,"Ciencias Naturales, Matemáticas y Estadística",Matemáticas y Estadística,STEM
2024,Universidad de Costa Rica,Ciencias Agrícolas,7,Región Central,GAM,Doctorado,Posgrado,CINE 8,Recursos Naturales,Agronomía General,"Agricultura, Silvicultura, Pesca y Veterinaria",Agricultura,STEM
2024,Universidad de Costa Rica,Ciencias Agrícolas y Recursos Naturales énfasis Biotecnología,6,Región Central,GAM,Maestría,Posgrado,CINE 7,Recursos Naturales,Agronomía General,"Agricultura, Silvicultura, Pesca y Veterinaria",Agricultura,STEM
2024,Universidad de Costa Rica,Ciencias Agrícolas y Recursos Naturales énfasis Nutrición Animal,6,Región Central,GAM,Maestría,Posgrado,CINE 7,Recursos Naturales,Zootecnia,"Agricultura, Silvicultura, Pesca y Veterinaria",Agricultura,STEM
2024,Universidad de Costa Rica,Ciencias Agrícolas y Recursos Naturales énfasis Protección de Cultivos,6,Región Central,GAM,Maestría,Posgrado,CINE 7,Recursos Naturales,Agronomía General,"Agricultura, Silvicultura, Pesca y Veterinaria",Agricultura,STEM
2024,Universidad de Costa Rica,Ciencias Agrícolas y Recursos Naturales énfasis Suelos,10,Región Central,GAM,Maestría,Posgrado,CINE 7,Recursos Naturales,Agronomía General,"Agricultura, Silvicultura, Pesca y Veterinaria",Agricultura,STEM
2024,Universidad de Costa Rica,Ciencias Biomédicas énfasis Bioquímica y Fisiología Celular,1,Región Central,GAM,Maestría,Posgrado,CINE 7,Ciencias de la Salud,Biomédica,Salud y Bienestar,Salud,STEM
2024,Universidad de Costa Rica,Ciencias Cognoscitivas,8,Región Central,GAM,Maestría,Posgrado,CINE 7,Artes y Letras,Ciencias Cognoscitivas,Artes y Humanidades,Artes,NO STEM
2024,Universidad de Costa Rica,Ciencias Morfológicas,8,Región Central,GAM,Maestría,Posgrado,CINE 7,Ciencias de la Salud,Medicina,Salud y Bienestar,Salud,STEM
2024,Universidad de Costa Rica,Ciencias Neurológicas,7,Región Central,GAM,Maestría,Posgrado,CINE 7,Ciencias de la Salud,Medicina,Salud y Bienestar,Salud,STEM
2024,Universidad de Costa Rica,Ciencias Penales,1,Región Central,GAM,Maestría,Posgrado,CINE 7,Derecho,Derecho Penal,Administración de Empresas y Derecho,Derecho,NO STEM
2024,Universidad de Costa Rica,Ciencias Políticas,709,Región Central,GAM,Licenciatura,Grado,CINE 6,Ciencias Sociales,Ciencias Políticas,"Ciencias Sociales, Periodismo e Información",Ciencias Sociales y del Comportamiento,NO STEM
2024,Universidad de Costa Rica,Ciencias Sociales sobre América Central,14,Región Central,GAM,Doctorado,Posgrado,CINE 8,Ciencias Sociales,Ciencias Sociales,"Ciencias Sociales, Periodismo e Información",Ciencias Sociales y del Comportamiento,NO STEM
2024,Universidad de Costa Rica,Ciencias de la Atmósfera,6,Región Central,GAM,Maestría,Posgrado,CINE 7,Ciencias Básicas,Meteorología,"Ciencias Naturales, Matemáticas y Estadística",Ciencias Físicas,STEM
2024,Universidad de Costa Rica,Ciencias de la Comunicación Colectiva,545,Región Central,GAM,Licenciatura,Grado,CINE 6,Ciencias Sociales,Comunicación,"Ciencias Sociales, Periodismo e Información",Periodismo e Información,NO STEM
2024,Universidad de Costa Rica,Ciencias de la Educación I y II Ciclos con énfasis en Lengua y Cultura Cabécar,29,Región Central,No GAM,Bachillerato,Grado,CINE 6,Educación,Educación Rural,Educación,Educación,NO STEM
2024,Universidad de Costa Rica,Ciencias de la Educación Inicial,160,Región Central,No GAM,Bachillerato,Grado,CINE 6,Educación,Educación Preescolar,Educación,Educación,NO STEM
2024,Universidad de Costa Rica,Ciencias de la Educación Preescolar énfasis Inglés,147,Región Central,No GAM,Bachillerato,Grado,CINE 6,Educación,Educación Preescolar Inglés,Educación,Educación,NO STEM
2024,Universidad de Costa Rica,Ciencias de la Educación Primaria,222,Región Chorotega,No GAM,Bachillerato,Grado,CINE 6,Educación,Educación Primaria,Educación,Educación,NO STEM
2024,Universidad de Costa Rica,Ciencias de la Educación Primaria énfasis Inglés,417,Región Chorotega,No GAM,Bachillerato,Grado,CINE 6,Educación,Educación Primaria Inglés,Educación,Educación,NO STEM
2024,Universidad de Costa Rica,Ciencias de la Educación énfasis Administración de la Educación,57,Región Central,GAM,Licenciatura,Grado,CINE 6,Educación,Administración Educativa,Educación,Educación,NO STEM
2024,Universidad de Costa Rica,Ciencias de la Educación énfasis Administración de la Educación No Formal,95,Región Central,GAM,Licenciatura,Grado,CINE 6,Educación,Educación Generalista,Educación,Educación,NO STEM
2024,Universidad de Costa Rica,Ciencias de la Educación énfasis Educación Especial,131,Región Central,GAM,Bachillerato,Grado,CINE 6,Educación,Educación Especial,Educación,Educación,NO STEM
2024,Universidad de Costa Rica,Ciencias de la Educación énfasis Orientación,181,Región Central,GAM,Licenciatura,Grado,CINE 6,Educación,Orientación,Salud y Bienestar,Bienestar,NO STEM
2024,Universidad de Costa Rica,Ciencias del Movimiento Humano,402,Región Central,GAM,Licenciatura,Grado,CINE 6,Educación,Educación Física,Educación,Educación,NO STEM
2024,Universidad de Costa Rica,Ciencias del Movimiento Humano en el Medio Natural,15,Región Central,No GAM,Licenciatura,Grado,CINE 6,Educación,Educación Física,Educación,Educación,NO STEM
2024,Universidad de Costa Rica,Cirugía Cardiovascular Toráxica,2,Región Central,GAM,Especialidad Profesional,Posgrado,CINE 7,Ciencias de la Salud,Medicina,Salud y Bienestar,Salud,STEM
2024,Universidad de Costa Rica,Cirugía General,22,Región Central,GAM,Especialidad Profesional,Posgrado,CINE 7,Ciencias de la Salud,Medicina,Salud y Bienestar,Salud,STEM
2024,Universidad de Costa Rica,Cirugía Pediátrica,11,Región Central,GAM,Especialidad Profesional,Posgrado,CINE 7,Ciencias de la Salud,Medicina,Salud y Bienestar,Salud,STEM
2024,Universidad de Costa Rica,Cirugía Plástica y Reconstructiva,8,Región Central,GAM,Especialidad Profesional,Posgrado,CINE 7,Ciencias de la Salud,Medicina,Salud y Bienestar,Salud,STEM
2024,Universidad de Costa Rica,Cirugía Toráxica General,4,Región Central,GAM,Especialidad Profesional,Posgrado,CINE 7,Ciencias de la Salud,Medicina,Salud y Bienestar,Salud,STEM
2024,Universidad de Costa Rica,Computación e Informática,64,Región Central,GAM,Maestría,Posgrado,CINE 7,Computación,Ciencias de la Computación,Tecnologías de la Información y Comunicación,Tecnologías de la Información y la Comunicación (TIC),STEM
2024,Universidad de Costa Rica,Computación varios énfasis,780,Región Central,GAM,Bachillerato,Grado,CINE 6,Computación,Ciencias de la Computación,Tecnologías de la Información y Comunicación,Tecnologías de la Información y la Comunicación (TIC),STEM
2024,Universidad de Costa Rica,Comunicación énfasis Diseño del Lenguaje Audiovisual y Multimedia,15,Región Central,GAM,Maestría,Posgrado,CINE 7,Ciencias Sociales,Producción Audiovisual,Artes y Humanidades,Artes,NO STEM
2024,Universidad de Costa Rica,Contaduría Pública,1694,Región Central,GAM,Licenciatura,Grado,CINE 6,Ciencias Económicas,Contaduría,Administración de Empresas y Derecho,Educación Comercial y Administración,NO STEM
2024,Universidad de Costa Rica,Derecho,1248,Región Central,GAM,Licenciatura,Grado,CINE 6,Derecho,Derecho,Administración de Empresas y Derecho,Derecho,NO STEM
2024,Universidad de Costa Rica,Derecho Agrario y Ambiental,20,Región Central,GAM,Especialidad Profesional,Posgrado,CINE 7,Derecho,Derecho Agrario,Administración de Empresas y Derecho,Derecho,NO STEM
2024,Universidad de Costa Rica,Derecho Comercial,14,Región Central,GAM,Especialidad Profesional,Posgrado,CINE 7,Derecho,Derecho Empresarial,Administración de Empresas y Derecho,Derecho,NO STEM
2024,Universidad de Costa Rica,Derecho Notarial y Registral,24,Región Central,GAM,Especialidad Profesional,Posgrado,CINE 7,Derecho,Derecho Notarial,Administración de Empresas y Derecho,Derecho,NO STEM
2024,Universidad de Costa Rica,Derecho Público,29,Región Central,GAM,Maestría,Posgrado,CINE 7,Derecho,Derecho Público,Administración de Empresas y Derecho,Derecho,NO STEM
2024,Universidad de Costa Rica,Dermatología,25,Región Central,GAM,Especialidad Profesional,Posgrado,CINE 7,Ciencias de la Salud,Medicina,Salud y Bienestar,Salud,STEM
2024,Universidad de Costa Rica,Desarrollo Sostenible énfasis Conservación de los Recursos Biológicos,10,Región Central,No GAM,Maestría,Posgrado,CINE 7,Recursos Naturales,Ecología,"Ciencias Naturales, Matemáticas y Estadística",Medio Ambiente,STEM
2024,Universidad de Costa Rica,Desarrollo Sostenible énfasis Formación y Promoción Ecológica,2,Región Central,No GAM,Maestría,Posgrado,CINE 7,Recursos Naturales,Ecología,"Ciencias Naturales, Matemáticas y Estadística",Medio Ambiente,STEM
2024,Universidad de Costa Rica,Desarrollo Urbano y Gestión Territorial,10,Región Central,GAM,Maestría,Posgrado,CINE 7,Ingeniería,Arquitectura,"Ingeniería, Industria y Construcción",Arquitectura y Construcción,STEM
2024,Universidad de Costa Rica,Didáctica del Inglés para el Nivel Inicial,5,Región Central,GAM,Licenciatura,Grado,CINE 6,Educación,Enseñanza de Inglés,Educación,Educación,NO STEM
2024,Universidad de Costa Rica,Diplomacia,6,Región Central,GAM,Maestría,Posgrado,CINE 7,Ciencias Sociales,Relaciones Internacionales,"Ciencias Sociales, Periodismo e Información",Ciencias Sociales y del Comportamiento,NO STEM
2024,Universidad de Costa Rica,Dirección de Empresas,2754,Región Central,GAM,Licenciatura,Grado,CINE 6,Ciencias Económicas,Administración,Administración de Empresas y Derecho,Educación Comercial y Administración,NO STEM
2024,Universidad de Costa Rica,Disección,1,Región Chorotega,No GAM,Diplomado,Pregrado,CINE 5,Ciencias de la Salud,Disección,Salud y Bienestar,Salud,STEM
2024,Universidad de Costa Rica,Diseño Gráfico,619,Región Central,GAM,Licenciatura,Grado,CINE 6,Artes y Letras,Diseño Gráfico,Artes y Humanidades,Artes,NO STEM
2024,Universidad de Costa Rica,Diseño Plástico énfasis Diseño Pictórico,426,Región Central,GAM,Licenciatura,Grado,CINE 6,Artes y Letras,Artes Plásticas,Artes y Humanidades,Artes,NO STEM
2024,Universidad de Costa Rica,Docencia Universitaria,37,Región Central,GAM,Licenciatura,Grado,CINE 6,Educación,Docencia,Educación,Educación,NO STEM
2024,Universidad de Costa Rica,Economía,559,Región Central,GAM,Bachillerato,Grado,CINE 6,Ciencias Económicas,Economía,"Ciencias Sociales, Periodismo e Información",Ciencias Sociales y del Comportamiento,NO STEM
2024,Universidad de Costa Rica,Economía Agrícola,1,Región Central,GAM,Licenciatura,Grado,CINE 6,Recursos Naturales,Agronomía General,"Agricultura, Silvicultura, Pesca y Veterinaria",Agricultura,STEM
2024,Universidad de Costa Rica,Economía Agrícola y Agronegocios énfasis Agroambiente,473,Región Central,GAM,Licenciatura,Grado,CINE 6,Recursos Naturales,Economía Agrícola,"Agricultura, Silvicultura, Pesca y Veterinaria",Agricultura,STEM
2024,Universidad de Costa Rica,Educación,7,Región Central,GAM,Doctorado,Posgrado,CINE 8,Educación,Educación Generalista,Educación,Educación,NO STEM
2024,Universidad de Costa Rica,Educación Especial énfasis Aprendizaje Diverso,2,Región Central,GAM,Licenciatura,Grado,CINE 6,Educación,Educación Especial,Educación,Educación,NO STEM
2024,Universidad de Costa Rica,Educación Especial énfasis Educación de Personas Trastornos,13,Región Central,GAM,Licenciatura,Grado,CINE 6,Educación,Educación Especial,Educación,Educación,NO STEM
2024,Universidad de Costa Rica,Educación Especial énfasis Educación de Personas con Discapacidad Múltiple,11,Región Central,GAM,Licenciatura,Grado,CINE 6,Educación,Educación Especial,Educación,Educación,NO STEM
2024,Universidad de Costa Rica,Educación Inicial Inglés,14,Región Central,No GAM,Licenciatura,Grado,CINE 6,Educación,Educación Preescolar Inglés,Educación,Educación,NO STEM
2024,Universidad de Costa Rica,Educación Matemática,245,Región Central,GAM,Licenciatura,Grado,CINE 6,Educación,Enseñanza de Matemática,Educación,Educación,NO STEM
2024,Universidad de Costa Rica,Educación Preescolar,187,Región Central,GAM,Licenciatura,Grado,CINE 6,Educación,Educación Preescolar,Educación,Educación,NO STEM
2024,Universidad de Costa Rica,Educación Primaria,241,Región Central,GAM,Licenciatura,Grado,CINE 6,Educación,Educación Primaria,Educación,Educación,NO STEM
2024,Universidad de Costa Rica,Educación Primaria Inglés,13,Región Central,No GAM,Licenciatura,Grado,CINE 6,Educación,Educación Primaria Inglés,Educación,Educación,NO STEM
2024,Universidad de Costa Rica,Educación de Primera Infancia énfasis Inglés,29,Región Chorotega,No GAM,Licenciatura,Grado,CINE 6,Educación,Educación Preescolar Inglés,Educación,Educación,NO STEM
2024,Universidad de Costa Rica,Educación énfasis Docencia Universitaria,9,Región Central,GAM,Maestría,Posgrado,CINE 7,Educación,Docencia,Educación,Educación,NO STEM
2024,Universidad de Costa Rica,Educación énfasis Evaluación Educativa,13,Región Central,GAM,Maestría,Posgrado,CINE 7,Educación,Evaluación Educativa,Educación,Educación,NO STEM
2024,Universidad de Costa Rica,Educación énfasis Orientación Área Familiar,1,Región Central,GAM,Maestría,Posgrado,CINE 7,Educación,Orientación,Salud y Bienestar,Bienestar,NO STEM
2024,Universidad de Costa Rica,Educación énfasis Orientación Área Laboral,3,Región Central,GAM,Maestría,Posgrado,CINE 7,Educación,Orientación,Salud y Bienestar,Bienestar,NO STEM
2024,Universidad de Costa Rica,Emergencias Médicas,5,Región Central,GAM,Diplomado,Pregrado,CINE 5,Ciencias de la Salud,Emergencias Médicas,Salud y Bienestar,Salud,STEM
2024,Universidad de Costa Rica,Endocrinología,16,Región Central,GAM,Especialidad Profesional,Posgrado,CINE 7,Ciencias de la Salud,Medicina,Salud y Bienestar,Salud,STEM
2024,Universidad de Costa Rica,Enfermería,567,Región Central,GAM,Licenciatura,Grado,CINE 6,Ciencias de la Salud,Enfermería,Salud y Bienestar,Salud,STEM
2024,Universidad de Costa Rica,Enfermería Oncológica y Hematología,11,Región Central,GAM,Maestría,Posgrado,CINE 7,Ciencias de la Salud,Enfermería,Salud y Bienestar,Salud,STEM
2024,Universidad de Costa Rica,Enfermería Quirúrgica,3,Región Central,GAM,Maestría,Posgrado,CINE 7,Ciencias de la Salud,Enfermería,Salud y Bienestar,Salud,STEM
2024,Universidad de Costa Rica,Enfermería en Salud Mental y Psiquiatría,21,Región Central,GAM,Maestría,Posgrado,CINE 7,Ciencias de la Salud,Enfermería,Salud y Bienestar,Salud,STEM
2024,Universidad de Costa Rica,Enseñanza de la Filosofía,102,Región Central,GAM,Bachillerato,Grado,CINE 6,Educación,Enseñanza de Filosofía,Educación,Educación,NO STEM
2024,Universidad de Costa Rica,Enseñanza de la Matemática,383,Región Central,GAM,Licenciatura,Grado,CINE 6,Educación,Enseñanza de Matemática,Educación,Educación,NO STEM
2024,Universidad de Costa Rica,Enseñanza de la Música,206,Región Central,GAM,Licenciatura,Grado,CINE 6,Educación,Enseñanza de Música,Educación,Educación,NO STEM
2024,Universidad de Costa Rica,Enseñanza de la Psicología,107,Región Central,GAM,Bachillerato,Grado,CINE 6,Educación,Enseñanza de Psicología,Educación,Educación,NO STEM
2024,Universidad de Costa Rica,Enseñanza de las Ciencias Naturales,303,Región Central,GAM,Licenciatura,Grado,CINE 6,Educación,Enseñanza de Ciencias,Educación,Educación,NO STEM
2024,Universidad de Costa Rica,Enseñanza de los Estudios Sociales y la Educación Cívica,381,Región Central,GAM,Licenciatura,Grado,CINE 6,Educación,Enseñanza de Estudios Sociales,Educación,Educación,NO STEM
2024,Universidad de Costa Rica,Enseñanza del Castellano y Literatura,363,Región Central,GAM,Licenciatura,Grado,CINE 6,Educación,Enseñanza de Castellano,Educación,Educación,NO STEM
2024,Universidad de Costa Rica,Enseñanza del Francés,150,Región Central,GAM,Bachillerato,Grado,CINE 6,Educación,Enseñanza de Francés,Educación,Educación,NO STEM
2024,Universidad de Costa Rica,Enseñanza del Francés como Lengua Extranjera,1,Región Central,GAM,Licenciatura,Grado,CINE 6,Educación,Enseñanza de Francés,Educación,Educación,NO STEM
2024,Universidad de Costa Rica,Enseñanza del Inglés,701,Región Central,No GAM,Licenciatura,Grado,CINE 6,Educación,Enseñanza de Inglés,Educación,Educación,NO STEM
2024,Universidad de Costa Rica,Enseñanza del Inglés como Lengua Extranjera,30,Región Central,GAM,Maestría,Posgrado,CINE 7,Educación,Enseñanza de Inglés,Educación,Educación,NO STEM
2024,Universidad de Costa Rica,Español como Segunda Lengua,12,Región Central,GAM,Maestría,Posgrado,CINE 7,Artes y Letras,Lenguas,Artes y Humanidades,Idiomas,NO STEM
2024,Universidad de Costa Rica,Estadística,446,Región Central,GAM,Bachillerato,Grado,CINE 6,Ciencias Básicas,Estadística,"Ciencias Naturales, Matemáticas y Estadística",Matemáticas y Estadística,STEM
2024,Universidad de Costa Rica,Estudios Biomédicos,17,Región Central,GAM,Maestría,Posgrado,CINE 7,Ciencias de la Salud,Biomédica,Salud y Bienestar,Salud,STEM
2024,Universidad de Costa Rica,Estudios Interdisciplinarios sobre Discapacidad,9,Región Central,GAM,Maestría,Posgrado,CINE 7,Ciencias Sociales,Estudios de Discapacidad,Salud y Bienestar,Bienestar,NO STEM
2024,Universidad de Costa Rica,Estudios de la Sociedad y la Cultura,25,Región Central,GAM,Doctorado,Posgrado,CINE 8,Ciencias Sociales,Sociología,"Ciencias Sociales, Periodismo e Información",Ciencias Sociales y del Comportamiento,NO STEM
2024,Universidad de Costa Rica,Estudios de las Mujeres Géneros y Sexualidades,15,Región Central,GAM,Maestría,Posgrado,CINE 7,Ciencias Sociales,Estudios de Género,"Ciencias Sociales, Periodismo e Información",Ciencias Sociales y del Comportamiento,NO STEM
2024,Universidad de Costa Rica,Evaluación de Programas y Proyectos de Desarrollo,1,Región Central,GAM,Maestría,Posgrado,CINE 7,Ciencias Económicas,Administración Pública,Administración de Empresas y Derecho,Educación Comercial y Administración,NO STEM
2024,Universidad de Costa Rica,Farmacia,600,Región Central,GAM,Licenciatura,Grado,CINE 6,Ciencias de la Salud,Farmacia,Salud y Bienestar,Salud,STEM
2024,Universidad de Costa Rica,Filología Clásica,195,Región Central,GAM,Licenciatura,Grado,CINE 6,Artes y Letras,Literatura y Lingüística (Español),Artes y Humanidades,Idiomas,NO STEM
2024,Universidad de Costa Rica,Filología Española,344,Región Central,GAM,Licenciatura,Grado,CINE 6,Artes y Letras,Literatura y Lingüística (Español),Artes y Humanidades,Idiomas,NO STEM
2024,Universidad de Costa Rica,Filosofía,210,Región Central,GAM,Licenciatura,Grado,CINE 6,Artes y Letras,Filosofía,Artes y Humanidades,Humanidades,NO STEM
2024,Universidad de Costa Rica,Finanzas y Riesgo,4,Región Central,GAM,Maestría,Posgrado,CINE 7,Ciencias Económicas,Economía,"Ciencias Sociales, Periodismo e Información",Ciencias Sociales y del Comportamiento,NO STEM
2024,Universidad de Costa Rica,Francés,225,Región Central,GAM,Bachillerato,Grado,CINE 6,Artes y Letras,Francés,Artes y Humanidades,Idiomas,NO STEM
2024,Universidad de Costa Rica,Física,356,Región Central,GAM,Bachillerato,Grado,CINE 6,Ciencias Básicas,Física,"Ciencias Naturales, Matemáticas y Estadística",Ciencias Físicas,STEM
2024,Universidad de Costa Rica,Física Médica,18,Región Central,GAM,Maestría,Posgrado,CINE 7,Ciencias de la Salud,Medicina,Salud y Bienestar,Salud,STEM
2024,Universidad de Costa Rica,Gastroenterología y Endoscopía Diagnóstica,24,Región Central,GAM,Especialidad Profesional,Posgrado,CINE 7,Ciencias de la Salud,Medicina,Salud y Bienestar,Salud,STEM
2024,Universidad de Costa Rica,Geografía,251,Región Central,GAM,Licenciatura,Grado,CINE 6,Recursos Naturales,Geografía,"Ciencias Naturales, Matemáticas y Estadística",Ciencias Físicas,STEM
2024,Universidad de Costa Rica,Geología,176,Región Central,GAM,Licenciatura,Grado,CINE 6,Ciencias Básicas,Geología,"Ciencias Naturales, Matemáticas y Estadística",Ciencias Físicas,STEM
2024,Universidad de Costa Rica,Gerencia Agroempresarial,59,Región Central,No GAM,Maestría,Posgrado,CINE 7,Recursos Naturales,Ingeniería Agropecuaria Administrativa,"Agricultura, Silvicultura, Pesca y Veterinaria",Agricultura,STEM
2024,Universidad de Costa Rica,Geriatría y Gerontología,58,Región Central,GAM,Especialidad Profesional,Posgrado,CINE 7,Ciencias de la Salud,Medicina,Salud y Bienestar,Salud,STEM
2024,Universidad de Costa Rica,Gerontología,25,Región Central,GAM,Maestría,Posgrado,CINE 7,Ciencias Sociales,Gerontología,Salud y Bienestar,Bienestar,NO STEM
2024,Universidad de Costa Rica,Gestión Ambiental y Ecoturismo,1,Región Central,GAM,Maestría,Posgrado,CINE 7,Recursos Naturales,Ecología,"Ciencias Naturales, Matemáticas y Estadística",Medio Ambiente,STEM
2024,Universidad de Costa Rica,Gestión Cultural,96,Región Pacífico Central,No GAM,Bachillerato,Grado,CINE 6,Ciencias Sociales,Antropología,"Ciencias Sociales, Periodismo e Información",Ciencias Sociales y del Comportamiento,NO STEM
2024,Universidad de Costa Rica,Gestión Ecoturística,601,Región Central,No GAM,Licenciatura,Grado,CINE 6,Ciencias Sociales,Turismo,Servicios,Servicios Personales,NO STEM
2024,Universidad de Costa Rica,Gestión Habitacional Sostenible,3,Región Central,GAM,Maestría,Posgrado,CINE 7,Ingeniería,Arquitectura,"Ingeniería, Industria y Construcción",Arquitectura y Construcción,STEM
2024,Universidad de Costa Rica,Gestión Integrada Áreas Costeras,9,Región Central,GAM,Maestría,Posgrado,CINE 7,Recursos Naturales,Ecología,"Ciencias Naturales, Matemáticas y Estadística",Medio Ambiente,STEM
2024,Universidad de Costa Rica,Gestión Integral del Recurso Hídrico,108,Región Central,No GAM,Bachillerato,Grado,CINE 6,Recursos Naturales,Manejo de Recursos Hídricos,"Ciencias Naturales, Matemáticas y Estadística",Medio Ambiente,STEM
2024,Universidad de Costa Rica,Gestión Jurídica de la Educación,5,Región Central,GAM,Maestría,Posgrado,CINE 7,Educación,Educación Generalista,Educación,Educación,NO STEM
2024,Universidad de Costa Rica,Gestión de Empresas Turísticas Sostenibles,22,Región Central,No GAM,Licenciatura,Grado,CINE 6,Ciencias Sociales,Turismo,Servicios,Servicios Personales,NO STEM
2024,Universidad de Costa Rica,Gestión de Recursos Naturales,112,Región Central,No GAM,Bachillerato,Grado,CINE 6,Recursos Naturales,Ecología,"Ciencias Naturales, Matemáticas y Estadística",Medio Ambiente,STEM
2024,Universidad de Costa Rica,Gestión del Riesgo en Desastres y Atención de Emergencias,10,Región Central,GAM,Maestría,Posgrado,CINE 7,Ciencias de la Salud,Salud Pública,Salud y Bienestar,Salud,STEM
2024,Universidad de Costa Rica,Ginecología Oncológica,3,Región Central,GAM,Especialidad Profesional,Posgrado,CINE 7,Ciencias de la Salud,Medicina,Salud y Bienestar,Salud,STEM
2024,Universidad de Costa Rica,Ginecología y Obstetricia,45,Región Central,GAM,Especialidad Profesional,Posgrado,CINE 7,Ciencias de la Salud,Medicina,Salud y Bienestar,Salud,STEM
2024,Universidad de Costa Rica,Gobierno y Políticas Públicas,15,Región Central,GAM,Doctorado,Posgrado,CINE 8,Ciencias Sociales,Ciencias Políticas,"Ciencias Sociales, Periodismo e Información",Ciencias Sociales y del Comportamiento,NO STEM
2024,Universidad de Costa Rica,Hematología,17,Región Central,GAM,Especialidad Profesional,Posgrado,CINE 7,Ciencias de la Salud,Microbiología,"Ciencias Naturales, Matemáticas y Estadística",Ciencias Biológicas y Afines,STEM
2024,Universidad de Costa Rica,Hematología Pediátrica,1,Región Central,GAM,Especialidad Profesional,Posgrado,CINE 7,Ciencias de la Salud,Microbiología,"Ciencias Naturales, Matemáticas y Estadística",Ciencias Biológicas y Afines,STEM
2024,Universidad de Costa Rica,Hidrología,2,Región Central,GAM,Maestría,Posgrado,CINE 7,Recursos Naturales,Manejo de Recursos Hídricos,"Ciencias Naturales, Matemáticas y Estadística",Medio Ambiente,STEM
2024,Universidad de Costa Rica,Histocitotecnología,2,Región Central,GAM,Licenciatura,Grado,CINE 6,Ciencias de la Salud,Biomédica,Salud y Bienestar,Salud,STEM
2024,Universidad de Costa Rica,Historia,327,Región Central,GAM,Licenciatura,Grado,CINE 6,Ciencias Sociales,Historia,Artes y Humanidades,Humanidades,NO STEM
2024,Universidad de Costa Rica,Historia del Arte,66,Región Central,GAM,Licenciatura,Grado,CINE 6,Artes y Letras,Historia del Arte,Artes y Humanidades,Artes,NO STEM
2024,Universidad de Costa Rica,Imagenología Diagnóstica y Terapéutica,102,Región Central,GAM,Licenciatura,Grado,CINE 6,Ciencias de la Salud,Imagenología,Salud y Bienestar,Salud,STEM
2024,Universidad de Costa Rica,Infectología,11,Región Central,GAM,Especialidad Profesional,Posgrado,CINE 7,Ciencias de la Salud,Medicina,Salud y Bienestar,Salud,STEM
2024,Universidad de Costa Rica,Infectología Pediátrica,1,Región Central,GAM,Especialidad Profesional,Posgrado,CINE 7,Ciencias de la Salud,Medicina,Salud y Bienestar,Salud,STEM
2024,Universidad de Costa Rica,Informática Empresarial,2005,Región Central,No GAM,Bachillerato,Grado,CINE 6,Computación,Tecnologías de Información,Tecnologías de la Información y Comunicación,Tecnologías de la Información y la Comunicación (TIC),STEM
2024,Universidad de Costa Rica,Informática y Tecnología Multimedia,268,Región Pacífico Central,No GAM,Licenciatura,Grado,CINE 6,Artes y Letras,Diseño Gráfico,Artes y Humanidades,Artes,NO STEM
2024,Universidad de Costa Rica,Ingeniería,15,Región Central,GAM,Doctorado,Posgrado,CINE 8,Ingeniería,Ingeniería,"Ingeniería, Industria y Construcción",Ingeniería y Profesiones Afines,STEM
2024,Universidad de Costa Rica,Ingeniería Agronómica énfasis Zootecnia,330,Región Central,GAM,Licenciatura,Grado,CINE 6,Recursos Naturales,Zootecnia,"Agricultura, Silvicultura, Pesca y Veterinaria",Agricultura,STEM
2024,Universidad de Costa Rica,Ingeniería Agrícola y de Biosistemas,543,Región Central,GAM,Licenciatura,Grado,CINE 6,Ingeniería,Ingeniería Agrícola,"Agricultura, Silvicultura, Pesca y Veterinaria",Agricultura,STEM
2024,Universidad de Costa Rica,Ingeniería Civil,1026,Región Central,GAM,Licenciatura,Grado,CINE 6,Ingeniería,Ingeniería Civil,"Ingeniería, Industria y Construcción",Arquitectura y Construcción,STEM
2024,Universidad de Costa Rica,Ingeniería Desarrollo Sostenible,176,Región Central,No GAM,Licenciatura,Grado,CINE 6,Ingeniería,Ingeniería Ambiental,"Ingeniería, Industria y Construcción",Ingeniería y Profesiones Afines,STEM
2024,Universidad de Costa Rica,Ingeniería Electromecánica Industrial,141,Región Pacífico Central,No GAM,Licenciatura,Grado,CINE 6,Ingeniería,Ingeniería Mecánica,"Ingeniería, Industria y Construcción",Ingeniería y Profesiones Afines,STEM
2024,Universidad de Costa Rica,Ingeniería Eléctrica,1403,Región Central,GAM,Licenciatura,Grado,CINE 6,Ingeniería,Ingeniería Eléctrica,"Ingeniería, Industria y Construcción",Ingeniería y Profesiones Afines,STEM
2024,Universidad de Costa Rica,Ingeniería Estructural,10,Región Central,GAM,Maestría,Posgrado,CINE 7,Ingeniería,Ingeniería Civil,"Ingeniería, Industria y Construcción",Arquitectura y Construcción,STEM
2024,Universidad de Costa Rica,Ingeniería Geotécnica,1,Región Central,GAM,Maestría,Posgrado,CINE 7,Ingeniería,Ingeniería Civil,"Ingeniería, Industria y Construcción",Arquitectura y Construcción,STEM
2024,Universidad de Costa Rica,Ingeniería Hidráulica,8,Región Central,GAM,Maestría,Posgrado,CINE 7,Recursos Naturales,Manejo de Recursos Hídricos,"Ciencias Naturales, Matemáticas y Estadística",Medio Ambiente,STEM
2024,Universidad de Costa Rica,Ingeniería Industrial,1048,Región Central,GAM,Licenciatura,Grado,CINE 6,Ingeniería,Ingeniería Industrial,"Ingeniería, Industria y Construcción",Industria y Producción,STEM
2024,Universidad de Costa Rica,Ingeniería Industrial énfasis Administración Industrial,1,Región Central,GAM,Maestría,Posgrado,CINE 7,Ingeniería,Ingeniería Industrial,"Ingeniería, Industria y Construcción",Industria y Producción,STEM
2024,Universidad de Costa Rica,Ingeniería Mecánica,618,Región Central,GAM,Licenciatura,Grado,CINE 6,Ingeniería,Ingeniería Mecánica,"Ingeniería, Industria y Construcción",Ingeniería y Profesiones Afines,STEM
2024,Universidad de Costa Rica,Ingeniería Mecánica énfasis Protección contra Incendios,193,Región Central,GAM,Licenciatura,Grado,CINE 6,Ingeniería,Ingeniería Mecánica,"Ingeniería, Industria y Construcción",Ingeniería y Profesiones Afines,STEM
2024,Universidad de Costa Rica,Ingeniería Mecánica énfasis Sistemas Térmicos y Energéticos,1,Región Central,GAM,Maestría,Posgrado,CINE 7,Ingeniería,Ingeniería Mecánica,"Ingeniería, Industria y Construcción",Ingeniería y Profesiones Afines,STEM
2024,Universidad de Costa Rica,Ingeniería Química,938,Región Central,GAM,Licenciatura,Grado,CINE 6,Ingeniería,Ingeniería Química,"Ingeniería, Industria y Construcción",Ingeniería y Profesiones Afines,STEM
2024,Universidad de Costa Rica,Ingeniería Topográfica,391,Región Central,GAM,Licenciatura,Grado,CINE 6,Ingeniería,Ingeniería Topográfica,"Ingeniería, Industria y Construcción",Arquitectura y Construcción,STEM
2024,Universidad de Costa Rica,Ingeniería de Alimentos,432,Región Central,GAM,Licenciatura,Grado,CINE 6,Ingeniería,Ingeniería de Alimentos,"Ingeniería, Industria y Construcción",Industria y Producción,STEM
2024,Universidad de Costa Rica,Ingeniería de Transporte y Vías,1,Región Central,GAM,Maestría,Posgrado,CINE 7,Ingeniería,Ingeniería Civil,"Ingeniería, Industria y Construcción",Arquitectura y Construcción,STEM
2024,Universidad de Costa Rica,Ingeniería en Biosistemas,1,Región Central,GAM,Maestría,Posgrado,CINE 7,Ingeniería,Ingeniería Agrícola,"Agricultura, Silvicultura, Pesca y Veterinaria",Agricultura,STEM
2024,Universidad de Costa Rica,Inglés,961,Región Central,GAM,Bachillerato,Grado,CINE 6,Artes y Letras,Inglés,Artes y Humanidades,Idiomas,NO STEM
2024,Universidad de Costa Rica,Inglés Formación Gestión Empresarial,213,Región Pacífico Central,No GAM,Licenciatura,Grado,CINE 6,Artes y Letras,Inglés,Artes y Humanidades,Idiomas,NO STEM
2024,Universidad de Costa Rica,Inmunología,6,Región Central,GAM,Maestría,Posgrado,CINE 7,Ciencias de la Salud,Microbiología,"Ciencias Naturales, Matemáticas y Estadística",Ciencias Biológicas y Afines,STEM
2024,Universidad de Costa Rica,Inmunología Clínica Médica,1,Región Central,GAM,Especialidad Profesional,Posgrado,CINE 7,Ciencias de la Salud,Medicina,Salud y Bienestar,Salud,STEM
2024,Universidad de Costa Rica,Laboratorista Químico,151,Región Central,No GAM,Licenciatura,Grado,CINE 6,Ciencias Básicas,Laboratorista Químico,"Ciencias Naturales, Matemáticas y Estadística",Ciencias Físicas,STEM
2024,Universidad de Costa Rica,Lingüística,39,Región Central,GAM,Maestría,Posgrado,CINE 7,Artes y Letras,Literatura y Lingüística (Español),Artes y Humanidades,Idiomas,NO STEM
2024,Universidad de Costa Rica,Literatura Clásica,9,Región Central,GAM,Maestría,Posgrado,CINE 7,Artes y Letras,Literatura y Lingüística (Español),Artes y Humanidades,Idiomas,NO STEM
2024,Universidad de Costa Rica,Literatura Francesa,7,Región Central,GAM,Maestría,Posgrado,CINE 7,Artes y Letras,Francés,Artes y Humanidades,Idiomas,NO STEM
2024,Universidad de Costa Rica,Literatura Inglesa,22,Región Central,GAM,Maestría,Posgrado,CINE 7,Artes y Letras,Inglés,Artes y Humanidades,Idiomas,NO STEM
2024,Universidad de Costa Rica,Literatura Latinoamericana,34,Región Central,GAM,Maestría,Posgrado,CINE 7,Artes y Letras,Literatura y Lingüística (Español),Artes y Humanidades,Idiomas,NO STEM
2024,Universidad de Costa Rica,Marina Civil énfasis Ingeniería Náutica y Transporte Marítimo,12,Región Huetar Caribe,No GAM,Licenciatura,Grado,CINE 6,Ingeniería,Ingeniería Naútica,"Ingeniería, Industria y Construcción",Ingeniería y Profesiones Afines,STEM
2024,Universidad de Costa Rica,Marina Civil énfasis Ingeniería Náutica y Transporte Marítimo e Ingeniería Marina,7,Región Huetar Caribe,No GAM,Licenciatura,Grado,CINE 6,Ingeniería,Ingeniería Naútica,"Ingeniería, Industria y Construcción",Ingeniería y Profesiones Afines,STEM
2024,Universidad de Costa Rica,Matemática énfasis Matemática Aplicada,13,Región Central,GAM,Maestría,Posgrado,CINE 7,Ciencias Básicas,Matemática,"Ciencias Naturales, Matemáticas y Estadística",Matemáticas y Estadística,STEM
2024,Universidad de Costa Rica,Matemática énfasis Matemática Pura,9,Región Central,GAM,Maestría,Posgrado,CINE 7,Ciencias Básicas,Matemática,"Ciencias Naturales, Matemáticas y Estadística",Matemáticas y Estadística,STEM
2024,Universidad de Costa Rica,Matemáticas,107,Región Central,GAM,Licenciatura,Grado,CINE 6,Ciencias Básicas,Matemática,"Ciencias Naturales, Matemáticas y Estadística",Matemáticas y Estadística,STEM
2024,Universidad de Costa Rica,Medicina Crítica Pediátrica,1,Región Central,GAM,Especialidad Profesional,Posgrado,CINE 7,Ciencias de la Salud,Medicina,Salud y Bienestar,Salud,STEM
2024,Universidad de Costa Rica,Medicina Crítica y Terapia Intensiva,3,Región Central,GAM,Especialidad Profesional,Posgrado,CINE 7,Ciencias de la Salud,Medicina,Salud y Bienestar,Salud,STEM
2024,Universidad de Costa Rica,Medicina Extracorpórea,1,Región Central,GAM,Especialidad Profesional,Posgrado,CINE 7,Ciencias de la Salud,Medicina,Salud y Bienestar,Salud,STEM
2024,Universidad de Costa Rica,Medicina Extracorpórea Pediátrica,1,Región Central,GAM,Especialidad Profesional,Posgrado,CINE 7,Ciencias de la Salud,Medicina,Salud y Bienestar,Salud,STEM
2024,Universidad de Costa Rica,Medicina Familiar y Comunitaria,38,Región Central,GAM,Especialidad Profesional,Posgrado,CINE 7,Ciencias de la Salud,Medicina,Salud y Bienestar,Salud,STEM
2024,Universidad de Costa Rica,Medicina Física y Rehabilitación,23,Región Central,GAM,Especialidad Profesional,Posgrado,CINE 7,Ciencias de la Salud,Medicina,Salud y Bienestar,Salud,STEM
2024,Universidad de Costa Rica,Medicina Interna,63,Región Central,GAM,Especialidad Profesional,Posgrado,CINE 7,Ciencias de la Salud,Medicina,Salud y Bienestar,Salud,STEM
2024,Universidad de Costa Rica,Medicina Legal,11,Región Central,GAM,Especialidad Profesional,Posgrado,CINE 7,Ciencias de la Salud,Medicina,Salud y Bienestar,Salud,STEM
2024,Universidad de Costa Rica,Medicina Materno Fetal,5,Región Central,GAM,Especialidad Profesional,Posgrado,CINE 7,Ciencias de la Salud,Medicina,Salud y Bienestar,Salud,STEM
2024,Universidad de Costa Rica,Medicina Paliativa,14,Región Central,GAM,Especialidad Profesional,Posgrado,CINE 7,Ciencias de la Salud,Medicina,Salud y Bienestar,Salud,STEM
2024,Universidad de Costa Rica,Medicina de Emergencias,26,Región Central,GAM,Especialidad Profesional,Posgrado,CINE 7,Ciencias de la Salud,Medicina,Salud y Bienestar,Salud,STEM
2024,Universidad de Costa Rica,Medicina y Cirugía,830,Región Central,GAM,Licenciatura,Grado,CINE 6,Ciencias de la Salud,Medicina,Salud y Bienestar,Salud,STEM
2024,Universidad de Costa Rica,Meteorología,40,Región Central,GAM,Licenciatura,Grado,CINE 6,Ciencias Básicas,Meteorología,"Ciencias Naturales, Matemáticas y Estadística",Ciencias Físicas,STEM
2024,Universidad de Costa Rica,Micología Médica,8,Región Central,GAM,Especialidad Profesional,Posgrado,CINE 7,Ciencias de la Salud,Microbiología,Salud y Bienestar,Salud,STEM
2024,Universidad de Costa Rica,Microbiología,14,Región Central,GAM,Maestría,Posgrado,CINE 7,Ciencias de la Salud,Microbiología,"Ciencias Naturales, Matemáticas y Estadística",Ciencias Biológicas y Afines,STEM
2024,Universidad de Costa Rica,Microbiología y Química Clínica,398,Región Central,GAM,Licenciatura,Grado,CINE 6,Ciencias de la Salud,Microbiología,"Ciencias Naturales, Matemáticas y Estadística",Ciencias Biológicas y Afines,STEM
2024,Universidad de Costa Rica,Microbiología énfasis Bacteriología,12,Región Central,GAM,Maestría,Posgrado,CINE 7,Ciencias de la Salud,Microbiología,"Ciencias Naturales, Matemáticas y Estadística",Ciencias Biológicas y Afines,STEM
2024,Universidad de Costa Rica,Modelación Matemática,59,Región Central,No GAM,Bachillerato,Grado,CINE 6,Ciencias Básicas,Matemática,"Ciencias Naturales, Matemáticas y Estadística",Matemáticas y Estadística,STEM
2024,Universidad de Costa Rica,Métodos Matemáticos y Aplicación,22,Región Central,GAM,Maestría,Posgrado,CINE 7,Ciencias Básicas,Matemática,"Ciencias Naturales, Matemáticas y Estadística",Matemáticas y Estadística,STEM
2024,Universidad de Costa Rica,Música énfasis Canto,20,Región Central,GAM,Licenciatura,Grado,CINE 6,Artes y Letras,Artes Musicales,Artes y Humanidades,Artes,NO STEM
2024,Universidad de Costa Rica,Música énfasis Clarinete,3,Región Central,GAM,Maestría,Posgrado,CINE 7,Artes y Letras,Artes Musicales,Artes y Humanidades,Artes,NO STEM
2024,Universidad de Costa Rica,Música énfasis Composición,35,Región Central,GAM,Licenciatura,Grado,CINE 6,Artes y Letras,Artes Musicales,Artes y Humanidades,Artes,NO STEM
2024,Universidad de Costa Rica,Música énfasis Corno Francés,1,Región Central,GAM,Maestría,Posgrado,CINE 7,Artes y Letras,Artes Musicales,Artes y Humanidades,Artes,NO STEM
2024,Universidad de Costa Rica,Música énfasis Dirección,9,Región Central,GAM,Bachillerato,Grado,CINE 6,Artes y Letras,Artes Musicales,Artes y Humanidades,Artes,NO STEM
2024,Universidad de Costa Rica,Música énfasis Dirección Orquestal,2,Región Central,GAM,Licenciatura,Grado,CINE 6,Artes y Letras,Artes Musicales,Artes y Humanidades,Artes,NO STEM
2024,Universidad de Costa Rica,Música énfasis Enseñanza Instrumental o Vocal,11,Región Central,GAM,Licenciatura,Grado,CINE 6,Educación,Enseñanza de Música,Educación,Educación,NO STEM
2024,Universidad de Costa Rica,Música énfasis Guitarra,17,Región Central,GAM,Licenciatura,Grado,CINE 6,Artes y Letras,Artes Musicales,Artes y Humanidades,Artes,NO STEM
2024,Universidad de Costa Rica,Música énfasis Instrumentos de Cuerdas,34,Región Central,GAM,Licenciatura,Grado,CINE 6,Artes y Letras,Artes Musicales,Artes y Humanidades,Artes,NO STEM
2024,Universidad de Costa Rica,Música énfasis Instrumentos de Viento o Percusión,81,Región Central,GAM,Licenciatura,Grado,CINE 6,Artes y Letras,Artes Musicales,Artes y Humanidades,Artes,NO STEM
2024,Universidad de Costa Rica,Música énfasis Piano,25,Región Central,GAM,Licenciatura,Grado,CINE 6,Artes y Letras,Artes Musicales,Artes y Humanidades,Artes,NO STEM
2024,Universidad de Costa Rica,Música énfasis Trompeta,2,Región Central,GAM,Maestría,Posgrado,CINE 7,Artes y Letras,Artes Musicales,Artes y Humanidades,Artes,NO STEM
2024,Universidad de Costa Rica,Música énfasis Tuba,1,Región Central,GAM,Maestría,Posgrado,CINE 7,Artes y Letras,Artes Musicales,Artes y Humanidades,Artes,NO STEM
2024,Universidad de Costa Rica,Música énfasis Violonchelo,1,Región Central,GAM,Maestría,Posgrado,CINE 7,Artes y Letras,Artes Musicales,Artes y Humanidades,Artes,NO STEM
2024,Universidad de Costa Rica,Nefrología,8,Región Central,GAM,Especialidad Profesional,Posgrado,CINE 7,Ciencias de la Salud,Medicina,Salud y Bienestar,Salud,STEM
2024,Universidad de Costa Rica,Neonatología,2,Región Central,GAM,Especialidad Profesional,Posgrado,CINE 7,Ciencias de la Salud,Medicina,Salud y Bienestar,Salud,STEM
2024,Universidad de Costa Rica,Neumología,5,Región Central,GAM,Especialidad Profesional,Posgrado,CINE 7,Ciencias de la Salud,Medicina,Salud y Bienestar,Salud,STEM
2024,Universidad de Costa Rica,Neumología Pediátrica,1,Región Central,GAM,Especialidad Profesional,Posgrado,CINE 7,Ciencias de la Salud,Medicina,Salud y Bienestar,Salud,STEM
2024,Universidad de Costa Rica,Neurocirugía,15,Región Central,GAM,Especialidad Profesional,Posgrado,CINE 7,Ciencias de la Salud,Medicina,Salud y Bienestar,Salud,STEM
2024,Universidad de Costa Rica,Neurología,15,Región Central,GAM,Especialidad Profesional,Posgrado,CINE 7,Ciencias de la Salud,Medicina,Salud y Bienestar,Salud,STEM
2024,Universidad de Costa Rica,Nutrición,333,Región Central,GAM,Licenciatura,Grado,CINE 6,Ciencias de la Salud,Nutrición,Salud y Bienestar,Salud,STEM
2024,Universidad de Costa Rica,Odontología,535,Región Central,GAM,Licenciatura,Grado,CINE 6,Ciencias de la Salud,Odontología,Salud y Bienestar,Salud,STEM
2024,Universidad de Costa Rica,Odontología Odontopediatría,7,Región Central,GAM,Maestría,Posgrado,CINE 7,Ciencias de la Salud,Odontología,Salud y Bienestar,Salud,STEM
2024,Universidad de Costa Rica,Odontología en Endodoncia,4,Región Central,GAM,Maestría,Posgrado,CINE 7,Ciencias de la Salud,Odontología,Salud y Bienestar,Salud,STEM
2024,Universidad de Costa Rica,Odontología énfasis Prostodoncia,9,Región Central,GAM,Maestría,Posgrado,CINE 7,Ciencias de la Salud,Odontología,Salud y Bienestar,Salud,STEM
2024,Universidad de Costa Rica,Oftalmología,16,Región Central,GAM,Especialidad Profesional,Posgrado,CINE 7,Ciencias de la Salud,Medicina,Salud y Bienestar,Salud,STEM
2024,Universidad de Costa Rica,Oncología Médica,9,Región Central,GAM,Especialidad Profesional,Posgrado,CINE 7,Ciencias de la Salud,Medicina,Salud y Bienestar,Salud,STEM
2024,Universidad de Costa Rica,Oncología Médica Pediátrica,2,Región Central,GAM,Especialidad Profesional,Posgrado,CINE 7,Ciencias de la Salud,Medicina,Salud y Bienestar,Salud,STEM
2024,Universidad de Costa Rica,Oncología Quirúrgica,2,Región Central,GAM,Especialidad Profesional,Posgrado,CINE 7,Ciencias de la Salud,Medicina,Salud y Bienestar,Salud,STEM
2024,Universidad de Costa Rica,Oncología Radioterápica,7,Región Central,GAM,Especialidad Profesional,Posgrado,CINE 7,Ciencias de la Salud,Medicina,Salud y Bienestar,Salud,STEM
2024,Universidad de Costa Rica,Ortopedia y Traumatología,41,Región Central,GAM,Especialidad Profesional,Posgrado,CINE 7,Ciencias de la Salud,Medicina,Salud y Bienestar,Salud,STEM
2024,Universidad de Costa Rica,Ortopedia y Traumatología Infantil,3,Región Central,GAM,Especialidad Profesional,Posgrado,CINE 7,Ciencias de la Salud,Medicina,Salud y Bienestar,Salud,STEM
2024,Universidad de Costa Rica,Ortoprotesis y Ortopedia,68,Región Central,GAM,Licenciatura,Grado,CINE 6,Ciencias de la Salud,Medicina,Salud y Bienestar,Salud,STEM
2024,Universidad de Costa Rica,Otorrinolaringología y Cirugía de Cabeza y Cuello,17,Región Central,GAM,Especialidad Profesional,Posgrado,CINE 7,Ciencias de la Salud,Medicina,Salud y Bienestar,Salud,STEM
2024,Universidad de Costa Rica,Paisajismo y Diseño de Sitio,9,Región Central,GAM,Maestría,Posgrado,CINE 7,Ingeniería,Arquitectura,"Ingeniería, Industria y Construcción",Arquitectura y Construcción,STEM
2024,Universidad de Costa Rica,Pediatría,39,Región Central,GAM,Especialidad Profesional,Posgrado,CINE 7,Ciencias de la Salud,Medicina,Salud y Bienestar,Salud,STEM
2024,Universidad de Costa Rica,Planificación Curricular,12,Región Central,GAM,Maestría,Posgrado,CINE 7,Educación,Currículo,Educación,Educación,NO STEM
2024,Universidad de Costa Rica,Promoción de la Salud,133,Región Central,GAM,Licenciatura,Grado,CINE 6,Ciencias de la Salud,Salud Pública,Salud y Bienestar,Salud,STEM
2024,Universidad de Costa Rica,Psicología,866,Región Central,GAM,Licenciatura,Grado,CINE 6,Ciencias Sociales,Psicología,"Ciencias Sociales, Periodismo e Información",Ciencias Sociales y del Comportamiento,NO STEM
2024,Universidad de Costa Rica,Psicología Clínica,6,Región Central,GAM,Especialidad Profesional,Posgrado,CINE 7,Ciencias Sociales,Psicología,"Ciencias Sociales, Periodismo e Información",Ciencias Sociales y del Comportamiento,NO STEM
2024,Universidad de Costa Rica,Psicología Clínica y de la Salud,3,Región Central,GAM,Maestría,Posgrado,CINE 7,Ciencias Sociales,Psicología,"Ciencias Sociales, Periodismo e Información",Ciencias Sociales y del Comportamiento,NO STEM
2024,Universidad de Costa Rica,Psicología del Trabajo y de las Organizaciones,9,Región Central,GAM,Maestría,Posgrado,CINE 7,Ciencias Sociales,Psicología,"Ciencias Sociales, Periodismo e Información",Ciencias Sociales y del Comportamiento,NO STEM
2024,Universidad de Costa Rica,Psiquiatría,34,Región Central,GAM,Especialidad Profesional,Posgrado,CINE 7,Ciencias de la Salud,Medicina,Salud y Bienestar,Salud,STEM
2024,Universidad de Costa Rica,Psiquiatría Infantil,1,Región Central,GAM,Especialidad Profesional,Posgrado,CINE 7,Ciencias de la Salud,Medicina,Salud y Bienestar,Salud,STEM
2024,Universidad de Costa Rica,Química,467,Región Central,GAM,Licenciatura,Grado,CINE 6,Ciencias Básicas,Química,"Ciencias Naturales, Matemáticas y Estadística",Ciencias Físicas,STEM
2024,Universidad de Costa Rica,Radiología e Imágenes Médicas,29,Región Central,GAM,Especialidad Profesional,Posgrado,CINE 7,Ciencias de la Salud,Medicina,Salud y Bienestar,Salud,STEM
2024,Universidad de Costa Rica,Recreación,3,Región Central,GAM,Maestría,Posgrado,CINE 7,Ciencias Sociales,Turismo,Servicios,Servicios Personales,NO STEM
2024,Universidad de Costa Rica,Reumatología,2,Región Central,GAM,Especialidad Profesional,Posgrado,CINE 7,Ciencias de la Salud,Medicina,Salud y Bienestar,Salud,STEM
2024,Universidad de Costa Rica,Salud Ambiental,295,Región Central,GAM,Licenciatura,Grado,CINE 6,Ciencias de la Salud,Salud Pública,Salud y Bienestar,Salud,STEM
2024,Universidad de Costa Rica,Sistemas de Información Geográfica y Teledetección,12,Región Central,GAM,Maestría,Posgrado,CINE 7,Recursos Naturales,Geografía,"Ciencias Naturales, Matemáticas y Estadística",Ciencias Físicas,STEM
2024,Universidad de Costa Rica,Sociología,364,Región Central,GAM,Licenciatura,Grado,CINE 6,Ciencias Sociales,Sociología,"Ciencias Sociales, Periodismo e Información",Ciencias Sociales y del Comportamiento,NO STEM
2024,Universidad de Costa Rica,Tecnologías de Información y Comunicación para la Gestión Organizacional,2,Región Central,GAM,Maestría,Posgrado,CINE 7,Computación,Tecnologías de Información,Tecnologías de la Información y Comunicación,Tecnologías de la Información y la Comunicación (TIC),NO STEM
2024,Universidad de Costa Rica,Teoría Psicoanalítica,12,Región Central,GAM,Maestría,Posgrado,CINE 7,Ciencias Sociales,Psicología,"Ciencias Sociales, Periodismo e Información",Ciencias Sociales y del Comportamiento,NO STEM
2024,Universidad de Costa Rica,Terapia Física,256,Región Central,GAM,Licenciatura,Grado,CINE 6,Ciencias de la Salud,Terapia Física,Salud y Bienestar,Salud,STEM
2024,Universidad de Costa Rica,Trabajo Social,713,Región Central,GAM,Licenciatura,Grado,CINE 6,Ciencias Sociales,Trabajo Social,Salud y Bienestar,Bienestar,NO STEM
2024,Universidad de Costa Rica,Urología,27,Región Central,GAM,Especialidad Profesional,Posgrado,CINE 7,Ciencias de la Salud,Medicina,Salud y Bienestar,Salud,STEM
2024,Universidad de Costa Rica,Vascular Periférico,9,Región Central,GAM,Especialidad Profesional,Posgrado,CINE 7,Ciencias de la Salud,Medicina,Salud y Bienestar,Salud,STEM
2025,Tecnológico de Costa Rica,Administración de Empresas,1267,Región Central,GAM,Bachillerato,Grado,CINE 6,Ciencias Económicas,Administración,Administración de Empresas y Derecho,Educación Comercial y Administración,NO STEM
2025,Tecnológico de Costa Rica,Administración de Empresas énfasis Administración Financiera,75,Región Central,GAM,Licenciatura,Grado,CINE 6,Ciencias Económicas,Finanzas,Administración de Empresas y Derecho,Educación Comercial y Administración,NO STEM
2025,Tecnológico de Costa Rica,Administración de Empresas énfasis Contaduría Pública,38,Región Central,GAM,Licenciatura,Grado,CINE 6,Ciencias Económicas,Contaduría,Administración de Empresas y Derecho,Educación Comercial y Administración,NO STEM
2025,Tecnológico de Costa Rica,Administración de Empresas énfasis Finanzas,190,Región Central,GAM,Maestría,Posgrado,CINE 7,Ciencias Económicas,Finanzas,Administración de Empresas y Derecho,Educación Comercial y Administración,NO STEM
2025,Tecnológico de Costa Rica,Administración de Empresas énfasis Mercadeo,103,Región Central,GAM,Licenciatura,Grado,CINE 6,Ciencias Económicas,Mercadeo,Administración de Empresas y Derecho,Educación Comercial y Administración,NO STEM
2025,Tecnológico de Costa Rica,Administración de Empresas énfasis Recursos Humanos,63,Región Central,GAM,Maestría,Posgrado,CINE 7,Ciencias Económicas,Administración de Recursos Humanos,Administración de Empresas y Derecho,Educación Comercial y Administración,NO STEM
2025,Tecnológico de Costa Rica,Administración de Ingeniería Electromecánica énfasis Administración de Energía,12,Región Central,GAM,Maestría,Posgrado,CINE 7,Ingeniería,Ingeniería Mecánica,"Ingeniería, Industria y Construcción",Ingeniería y Profesiones Afines,STEM
2025,Tecnológico de Costa Rica,Administración de Ingeniería Electromecánica énfasis Gerencia de Mantenimiento,14,Región Central,GAM,Maestría,Posgrado,CINE 7,Ingeniería,Ingeniería Mecánica,"Ingeniería, Industria y Construcción",Ingeniería y Profesiones Afines,STEM
2025,Tecnológico de Costa Rica,Administración de Tecnologías de Información,452,Región Central,GAM,Licenciatura,Grado,CINE 6,Computación,Tecnologías de Información,Tecnologías de la Información y Comunicación,Tecnologías de la Información y la Comunicación (TIC),STEM
2025,Tecnológico de Costa Rica,Arquitectura y Urbanismo,276,Región Central,GAM,Licenciatura,Grado,CINE 6,Ingeniería,Arquitectura,"Ingeniería, Industria y Construcción",Arquitectura y Construcción,STEM
2025,Tecnológico de Costa Rica,Cadena de Abastecimiento,37,Región Central,GAM,Maestría,Posgrado,CINE 7,Ingeniería,Ingeniería Industrial,"Ingeniería, Industria y Construcción",Industria y Producción,STEM
2025,Tecnológico de Costa Rica,Ciberseguridad,9,Región Central,GAM,Maestría,Posgrado,CINE 7,Computación,Ingeniería en Computadores,Tecnologías de la Información y Comunicación,Tecnologías de la Información y la Comunicación (TIC),STEM
2025,Tecnológico de Costa Rica,Ciberseguridad con énfasis en Defensa y Ataque de Sistema,15,Región Central,GAM,Maestría,Posgrado,CINE 7,Computación,Ingeniería en Computadores,Tecnologías de la Información y Comunicación,Tecnologías de la Información y la Comunicación (TIC),STEM
2025,Tecnológico de Costa Rica,Ciberseguridad con énfasis en Gestión de la Seguridad de la Información,9,Región Central,GAM,Maestría,Posgrado,CINE 7,Computación,Ingeniería en Computadores,Tecnologías de la Información y Comunicación,Tecnologías de la Información y la Comunicación (TIC),STEM
2025,Tecnológico de Costa Rica,Ciberseguridad con énfasis en Seguridad del Sortware,8,Región Central,GAM,Maestría,Posgrado,CINE 7,Computación,Ingeniería en Computadores,Tecnologías de la Información y Comunicación,Tecnologías de la Información y la Comunicación (TIC),STEM
2025,Tecnológico de Costa Rica,Ciencia y Tecnología para la Sostenibilidad,15,Región Huetar Norte,No GAM,Maestría,Posgrado,CINE 7,Ciencias Básicas,Ciencias,"Ciencias Naturales, Matemáticas y Estadística",Medio Ambiente,STEM
2025,Tecnológico de Costa Rica,Ciencias Forestales,5,Región Central,GAM,Maestría,Posgrado,CINE 7,Recursos Naturales,Forestales,"Ciencias Naturales, Matemáticas y Estadística",Medio Ambiente,STEM
2025,Tecnológico de Costa Rica,Ciencias Naturales para el Desarrollo énfasis Gestión de Recursos Naturales,3,Región Huetar Norte,No GAM,Doctorado,Posgrado,CINE 8,Ciencias Básicas,Ciencias,"Ciencias Naturales, Matemáticas y Estadística",Medio Ambiente,STEM
2025,Tecnológico de Costa Rica,Ciencias Naturales para el Desarrollo énfasis Gestión y Cultura Ambiental,1,Región Huetar Norte,No GAM,Doctorado,Posgrado,CINE 8,Ciencias Básicas,Ciencias,"Ciencias Naturales, Matemáticas y Estadística",Medio Ambiente,STEM
2025,Tecnológico de Costa Rica,Ciencias Naturales para el Desarrollo énfasis Sistemas de Producción Agrícola,6,Región Huetar Norte,No GAM,Doctorado,Posgrado,CINE 8,Ciencias Básicas,Ciencias,"Ciencias Naturales, Matemáticas y Estadística",Medio Ambiente,STEM
2025,Tecnológico de Costa Rica,Ciencias Naturales para el Desarrollo énfasis Tecnologías Electrónicas Aplicadas,5,Región Huetar Norte,No GAM,Doctorado,Posgrado,CINE 8,Ciencias Básicas,Ciencias,"Ciencias Naturales, Matemáticas y Estadística",Medio Ambiente,STEM
2025,Tecnológico de Costa Rica,Computación,1,Región Central,GAM,Maestría,Posgrado,CINE 7,Computación,Ciencias de la Computación,Tecnologías de la Información y Comunicación,Tecnologías de la Información y la Comunicación (TIC),STEM
2025,Tecnológico de Costa Rica,Computación énfasis Ciencias de la Computación,76,Región Central,GAM,Maestría,Posgrado,CINE 7,Computación,Ciencias de la Computación,Tecnologías de la Información y Comunicación,Tecnologías de la Información y la Comunicación (TIC),STEM
2025,Tecnológico de Costa Rica,Computación énfasis Sistemas de Información,1,Región Central,GAM,Maestría,Posgrado,CINE 7,Computación,Sistemas de Información,Tecnologías de la Información y Comunicación,Tecnologías de la Información y la Comunicación (TIC),STEM
2025,Tecnológico de Costa Rica,Dirección de Empresas,78,Región Central,GAM,Maestría,Posgrado,CINE 7,Ciencias Económicas,Administración,Administración de Empresas y Derecho,Educación Comercial y Administración,NO STEM
2025,Tecnológico de Costa Rica,Diseño y Construcción Sostenible,11,Región Central,GAM,Maestría,Posgrado,CINE 7,Ingeniería,Arquitectura,"Ingeniería, Industria y Construcción",Arquitectura y Construcción,STEM
2025,Tecnológico de Costa Rica,Educación Técnica,14,Región Central,GAM,Maestría,Posgrado,CINE 7,Educación,Educación Técnica,Educación,Educación,NO STEM
2025,Tecnológico de Costa Rica,Enseñanza de la Matemática con Entornos Tecnológicos,151,Región Central,GAM,Bachillerato,Grado,CINE 6,Educación,Enseñanza de Matemática,Educación,Educación,NO STEM
2025,Tecnológico de Costa Rica,Gerencia de Proyectos énfasis Proyectos Empresariales,99,Región Central,GAM,Maestría,Posgrado,CINE 7,Ciencias Económicas,Administración de Proyectos,Administración de Empresas y Derecho,Educación Comercial y Administración,NO STEM
2025,Tecnológico de Costa Rica,Gerencia de Proyectos énfasis Proyectos de Construcción,37,Región Central,GAM,Maestría,Posgrado,CINE 7,Ciencias Económicas,Administración de Proyectos,Administración de Empresas y Derecho,Educación Comercial y Administración,NO STEM
2025,Tecnológico de Costa Rica,Gerencia de Proyectos énfasis Proyectos de Tecnologías de Información,15,Región Central,GAM,Maestría,Posgrado,CINE 7,Ciencias Económicas,Administración de Proyectos,Administración de Empresas y Derecho,Educación Comercial y Administración,NO STEM
2025,Tecnológico de Costa Rica,Gerencias de Tecnologías de Información,57,Región Central,GAM,Maestría,Posgrado,CINE 7,Computación,Tecnologías de Información,Tecnologías de la Información y Comunicación,Tecnologías de la Información y la Comunicación (TIC),NO STEM
2025,Tecnológico de Costa Rica,Gestión de Recursos Naturales y Tecnologías de Producción,8,Región Central,GAM,Maestría,Posgrado,CINE 7,Recursos Naturales,Ecología,"Ciencias Naturales, Matemáticas y Estadística",Medio Ambiente,STEM
2025,Tecnológico de Costa Rica,Gestión de Turismo Rural Sostenible,9,Región Huetar Norte,No GAM,Bachillerato,Grado,CINE 6,Ciencias Sociales,Turismo,Servicios,Servicios Personales,NO STEM
2025,Tecnológico de Costa Rica,Gestión del Turismo Sostenible,9,Región Central,GAM,Bachillerato,Grado,CINE 6,Ciencias Sociales,Turismo,Servicios,Servicios Personales,NO STEM
2025,Tecnológico de Costa Rica,Gestión en Sostenibilidad Turística,29,Región Huetar Norte,No GAM,Bachillerato,Grado,CINE 6,Ciencias Sociales,Turismo,Servicios,Servicios Personales,NO STEM
2025,Tecnológico de Costa Rica,Ingeniería,10,Región Central,GAM,Doctorado,Posgrado,CINE 8,Ingeniería,Ingeniería,"Ingeniería, Industria y Construcción",Ingeniería y Profesiones Afines,STEM
2025,Tecnológico de Costa Rica,Ingeniería Agronegocios,149,Región Central,GAM,Licenciatura,Grado,CINE 6,Recursos Naturales,Economía Agrícola,"Agricultura, Silvicultura, Pesca y Veterinaria",Agricultura,STEM
2025,Tecnológico de Costa Rica,Ingeniería Agrícola,125,Región Central,GAM,Licenciatura,Grado,CINE 6,Ingeniería,Ingeniería Agrícola,"Agricultura, Silvicultura, Pesca y Veterinaria",Agricultura,STEM
2025,Tecnológico de Costa Rica,Ingeniería Ambiental,207,Región Central,GAM,Licenciatura,Grado,CINE 6,Ingeniería,Ingeniería Ambiental,"Ingeniería, industria y construcción",Ingeniería y Profesiones afines,STEM
2025,Tecnológico de Costa Rica,Ingeniería Biotecnología,289,Región Central,GAM,Bachillerato,Grado,CINE 6,Recursos Naturales,Biotecnología,"Ingeniería, Industria y Construcción",Ingeniería y Profesiones Afines,STEM
2025,Tecnológico de Costa Rica,Ingeniería Construcción,475,Región Central,GAM,Licenciatura,Grado,CINE 6,Ingeniería,Ingeniería Civil,"Ingeniería, Industria y Construcción",Arquitectura y Construcción,STEM
2025,Tecnológico de Costa Rica,Ingeniería Diseño Industrial,1,Región Central,GAM,Bachillerato,Grado,CINE 6,Ingeniería,Diseño Industrial,"Ingeniería, Industria y Construcción",Industria y Producción,STEM
2025,Tecnológico de Costa Rica,Ingeniería Diseño Industrial énfasis Comunicación Visual,43,Región Central,GAM,Licenciatura,Grado,CINE 6,Ingeniería,Diseño Industrial,"Ingeniería, Industria y Construcción",Industria y Producción,STEM
2025,Tecnológico de Costa Rica,Ingeniería Diseño Industrial énfasis Desarrollo de Productos,341,Región Central,GAM,Licenciatura,Grado,CINE 6,Ingeniería,Diseño Industrial,"Ingeniería, Industria y Construcción",Industria y Producción,STEM
2025,Tecnológico de Costa Rica,Ingeniería Dispositivos Médicos,49,Región Central,GAM,Maestría,Posgrado,CINE 7,Ingeniería,Ingeniería Electrónica,"Ingeniería, Industria y Construcción",Ingeniería y Profesiones Afines,STEM
2025,Tecnológico de Costa Rica,Ingeniería Electrónica,1158,Región Central,GAM,Licenciatura,Grado,CINE 6,Ingeniería,Ingeniería Electrónica,"Ingeniería, Industria y Construcción",Ingeniería y Profesiones Afines,STEM
2025,Tecnológico de Costa Rica,Ingeniería Electrónica énfasis Procesamiento Digital de Señales,5,Región Central,GAM,Maestría,Posgrado,CINE 7,Ingeniería,Ingeniería Electrónica,"Ingeniería, Industria y Construcción",Ingeniería y Profesiones Afines,STEM
2025,Tecnológico de Costa Rica,Ingeniería Electrónica énfasis Sistemas Empotrados,11,Región Central,GAM,Maestría,Posgrado,CINE 7,Ingeniería,Ingeniería Electrónica,"Ingeniería, Industria y Construcción",Ingeniería y Profesiones Afines,STEM
2025,Tecnológico de Costa Rica,Ingeniería Electrónica énfasis en Microelectrónica,16,Región Central,GAM,Maestría,Posgrado,CINE 7,Ingeniería,Ingeniería Electrónica,"Ingeniería, Industria y Construcción",Ingeniería y Profesiones Afines,STEM
2025,Tecnológico de Costa Rica,Ingeniería Forestal,2,Región Central,GAM,Licenciatura,Grado,CINE 6,Recursos Naturales,Forestales,"Ciencias Naturales, Matemáticas y Estadística",Medio Ambiente,STEM
2025,Tecnológico de Costa Rica,Ingeniería Forestal énfasis Conservación y Restauración de Ecosistemas Forestales,20,Región Central,GAM,Licenciatura,Grado,CINE 6,Recursos Naturales,Forestales,"Ciencias Naturales, Matemáticas y Estadística",Medio Ambiente,STEM
2025,Tecnológico de Costa Rica,Ingeniería Forestal énfasis Manejo y Producción Forestal,129,Región Central,GAM,Licenciatura,Grado,CINE 6,Recursos Naturales,Forestales,"Ciencias Naturales, Matemáticas y Estadística",Medio Ambiente,STEM
2025,Tecnológico de Costa Rica,Ingeniería Física,225,Región Central,GAM,Licenciatura,Grado,CINE 6,Ciencias Básicas,Física,"Ciencias Naturales, Matemáticas y Estadística",Ciencias Físicas,STEM
2025,Tecnológico de Costa Rica,Ingeniería Mantenimiento Industrial,570,Región Central,GAM,Licenciatura,Grado,CINE 6,Ingeniería,Ingeniería Mecánica,"Ingeniería, Industria y Construcción",Ingeniería y Profesiones Afines,STEM
2025,Tecnológico de Costa Rica,Ingeniería Materiales,369,Región Central,GAM,Licenciatura,Grado,CINE 6,Ingeniería,Ingeniería de Materiales,"Ingeniería, Industria y Construcción",Industria y Producción,STEM
2025,Tecnológico de Costa Rica,Ingeniería Materiales énfasis Metalurgia,1,Región Central,GAM,Licenciatura,Grado,CINE 6,Ingeniería,Ingeniería de Materiales,"Ingeniería, Industria y Construcción",Industria y Producción,STEM
2025,Tecnológico de Costa Rica,Ingeniería Mecatrónica,543,Región Central,GAM,Licenciatura,Grado,CINE 6,Ingeniería,Ingeniería Mecánica,"Ingeniería, Industria y Construcción",Ingeniería y Profesiones Afines,STEM
2025,Tecnológico de Costa Rica,Ingeniería Producción Industrial,1085,Región Central,GAM,Licenciatura,Grado,CINE 6,Ingeniería,Ingeniería Industrial,"Ingeniería, Industria y Construcción",Industria y Producción,STEM
2025,Tecnológico de Costa Rica,Ingeniería Seguridad Laboral e Higiene Ambiental,221,Región Central,GAM,Licenciatura,Grado,CINE 6,Ingeniería,Seguridad Laboral,Servicios,Servicios de Higiene y Salud Ocupacional,STEM
2025,Tecnológico de Costa Rica,Ingeniería Vial,10,Región Central,GAM,Maestría,Posgrado,CINE 7,Ingeniería,Ingeniería Civil,"Ingeniería, Industria y Construcción",Arquitectura y Construcción,STEM
2025,Tecnológico de Costa Rica,Ingeniería en Agronomía,238,Región Huetar Norte,No GAM,Licenciatura,Grado,CINE 6,Recursos Naturales,Agronomía General,"Agricultura, Silvicultura, Pesca y Veterinaria",Agricultura,STEM
2025,Tecnológico de Costa Rica,Ingeniería en Computación,1608,Región Central,GAM,Bachillerato,Grado,CINE 6,Computación,Ciencias de la Computación,Tecnologías de la Información y Comunicación,Tecnologías de la Información y la Comunicación (TIC),STEM
2025,Tecnológico de Costa Rica,Ingeniería en Computadores,561,Región Central,GAM,Licenciatura,Grado,CINE 6,Computación,Ingeniería en Computadores,Tecnologías de la Información y Comunicación,Tecnologías de la Información y la Comunicación (TIC),STEM
2025,Tecnológico de Costa Rica,Investigación Empresarial,6,Región Central,GAM,Maestría,Posgrado,CINE 7,Ciencias Económicas,Administración,Administración de Empresas y Derecho,Educación Comercial y Administración,NO STEM
2025,Tecnológico de Costa Rica,Salud Ocupacional énfasis Higiene Ambiental,19,Región Central,GAM,Maestría,Posgrado,CINE 7,Ingeniería,Seguridad Laboral,Servicios,Servicios de Higiene y Salud Ocupacional,STEM
2025,Tecnológico de Costa Rica,Seguridad e Higiene Ocupacional,1,Región Central,GAM,Bachillerato,Grado,CINE 6,Ingeniería,Seguridad Laboral,Servicios,Servicios de Higiene y Salud Ocupacional,STEM
2025,Tecnológico de Costa Rica,Sistemas Modernos de Manufactura,39,Región Central,GAM,Maestría,Posgrado,CINE 7,Ingeniería,Ingeniería Industrial,"Ingeniería, Industria y Construcción",Industria y Producción,STEM
2025,Universidad Estatal a Distancia,Administración Educativa,81,Región Central,No GAM,Sin información,Sin información,Sin información,Educación,Administración Educativa,Educación,Educación,NO STEM
2025,Universidad Estatal a Distancia,Administración Policial y Prevención del Delito,14,Región Central,No GAM,Licenciatura,Grado,CINE 6,Ciencias Sociales,Criminología,"Ciencias Sociales, Periodismo e Información",Ciencias Sociales y del Comportamiento,NO STEM
2025,Universidad Estatal a Distancia,Administración de Empresas,6629,Región Central,GAM,Diplomado,Pregrado,CINE 5,Ciencias Económicas,Administración,Administración de Empresas y Derecho,Educación Comercial y Administración,NO STEM
2025,Universidad Estatal a Distancia,Administración de Empresas Agropecuarias,10,Región Central,No GAM,Sin información,Sin información,Sin información,Ciencias Económicas,Administración de Empresas Agropecuarias,Administración de Empresas y Derecho,Educación Comercial y Administración,NO STEM
2025,Universidad Estatal a Distancia,Administración de Empresas con énfasis en Dirección Empresarial,280,Región Central,GAM,Sin información,Sin información,Sin información,Ciencias Económicas,Administración,Administración de Empresas y Derecho,Educación Comercial y Administración,NO STEM
2025,Universidad Estatal a Distancia,Administración de Empresas con énfasis en Mercadeo Ejecutivo,2,Región Central,GAM,Maestría,Posgrado,CINE 7,Ciencias Económicas,Mercadeo,Administración de empresas y derecho,Educación Comercial y Administración,NO STEM
2025,Universidad Estatal a Distancia,Administración de Empresas con énfasis en Operaciones,56,Región Central,GAM,Sin información,Sin información,Sin información,Ciencias Económicas,Administración,Administración de Empresas y Derecho,Educación Comercial y Administración,NO STEM
2025,Universidad Estatal a Distancia,Administración de Empresas énfasis Banca y Finanzas,207,Región Central,GAM,Sin información,Sin información,Sin información,Ciencias Económicas,Finanzas,Administración de Empresas y Derecho,Educación Comercial y Administración,NO STEM
2025,Universidad Estatal a Distancia,Administración de Empresas énfasis Contaduría,294,Región Central,GAM,Sin información,Sin información,Sin información,Ciencias Económicas,Contaduría,Administración de Empresas y Derecho,Educación Comercial y Administración,NO STEM
2025,Universidad Estatal a Distancia,Administración de Empresas énfasis Dirección Empresas,116,Región Central,GAM,Sin información,Sin información,Sin información,Ciencias Económicas,Administración,Administración de Empresas y Derecho,Educación Comercial y Administración,NO STEM
2025,Universidad Estatal a Distancia,Administración de Empresas énfasis Finanzas,3,Región Huetar Caribe,No GAM,Maestría,Posgrado,CINE 7,Ciencias Económicas,Finanzas,Administración de Empresas y Derecho,Educación Comercial y Administración,NO STEM
2025,Universidad Estatal a Distancia,Administración de Empresas énfasis Gerencia de Proyectos,9,Región Central,GAM,Maestría,Posgrado,CINE 7,Ciencias Económicas,Administración de Proyectos,Administración de Empresas y Derecho,Educación Comercial y Administración,NO STEM
2025,Universidad Estatal a Distancia,Administración de Empresas énfasis Mercadeo,100,Región Central,GAM,Sin información,Sin información,Sin información,Ciencias Económicas,Mercadeo,Administración de Empresas y Derecho,Educación Comercial y Administración,NO STEM
2025,Universidad Estatal a Distancia,Administración de Empresas énfasis Negocios Internacionales,77,Región Central,GAM,Sin información,Sin información,Sin información,Ciencias Económicas,Comercio Internacional,Administración de empresas y derecho,Educación Comercial y Administración,NO STEM
2025,Universidad Estatal a Distancia,Administración de Empresas énfasis Producción,20,Región Central,GAM,Sin información,Sin información,Sin información,Ciencias Económicas,Administración de la Producción,Administración de Empresas y Derecho,Educación Comercial y Administración,NO STEM
2025,Universidad Estatal a Distancia,Administración de Empresas énfasis Recursos Humanos,600,Región Central,No GAM,Sin información,Sin información,Sin información,Ciencias Económicas,Administración de Recursos Humanos,Administración de Empresas y Derecho,Educación Comercial y Administración,NO STEM
2025,Universidad Estatal a Distancia,Administración de Empresas énfasis en Gerencia Estratégica,13,Región Central,GAM,Maestría,Posgrado,CINE 7,Ciencias Económicas,Administración,Administración de Empresas y Derecho,Educación Comercial y Administración,NO STEM
2025,Universidad Estatal a Distancia,Administración de Medios de Comunicación,1,Región Central,GAM,Maestría,Posgrado,CINE 7,Ciencias Sociales,Comunicación,"Ciencias Sociales, Periodismo e Información",Periodismo e Información,NO STEM
2025,Universidad Estatal a Distancia,Administración de Negocios,3,Región Central,GAM,Maestría,Posgrado,CINE 7,Ciencias Económicas,Administración,Administración de Empresas y Derecho,Educación Comercial y Administración,NO STEM
2025,Universidad Estatal a Distancia,Administración de Servicios de Salud,735,Región Central,No GAM,Sin información,Sin información,Sin información,Ciencias Económicas,Administración de Servicios de Salud,Administración de Empresas y Derecho,Educación Comercial y Administración,NO STEM
2025,Universidad Estatal a Distancia,Administración de Servicios de Salud Sostenible,41,Región Central,GAM,Maestría,Posgrado,CINE 7,Ciencias Económicas,Administración de Servicios de Salud,Administración de Empresas y Derecho,Educación Comercial y Administración,NO STEM
2025,Universidad Estatal a Distancia,Agroindustria,1,Región Huetar Caribe,No GAM,Sin información,Sin información,Sin información,Ingeniería,Ingeniería Agroindustrial,"Ingeniería, Industria y Construcción",Industria y Producción,STEM
2025,Universidad Estatal a Distancia,Auditoría Empresarial,3,Región Central,GAM,Maestría,Posgrado,CINE 7,Ciencias Económicas,Administración,Administración de Empresas y Derecho,Educación Comercial y Administración,NO STEM
2025,Universidad Estatal a Distancia,Auditoría Gubernamental,7,Región Central,GAM,Maestría,Posgrado,CINE 7,Ciencias Económicas,Administración Pública,Administración de Empresas y Derecho,Educación Comercial y Administración,NO STEM
2025,Universidad Estatal a Distancia,Bibliotecología Bibliotecas Educativas y Centros de Recursos para Aprendizaje,408,Región Central,No GAM,Sin información,Sin información,Sin información,Ciencias Sociales,Bibliotecología,"Ciencias Sociales, Periodismo e Información",Periodismo e Información,NO STEM
2025,Universidad Estatal a Distancia,Bibliotecología y Nuevas Tecnologías de Información y Comunicación,205,Región Central,No GAM,Sin información,Sin información,Sin información,Ciencias Sociales,Bibliotecología,"Ciencias Sociales, Periodismo e Información",Periodismo e Información,NO STEM
2025,Universidad Estatal a Distancia,Ciencias Criminológicas,1396,Región Central,No GAM,Bachillerato,Grado,CINE 6,Ciencias Sociales,Criminología,"Ciencias Sociales, Periodismo e Información",Ciencias Sociales y del Comportamiento,NO STEM
2025,Universidad Estatal a Distancia,Ciencias Naturales para el Desarrollo,16,Región Central,GAM,Sin información,Sin información,Sin información,Ciencias Básicas,Ciencias,"Ciencias Naturales, Matemáticas y Estadística",Medio Ambiente,STEM
2025,Universidad Estatal a Distancia,Ciencias Policiales,328,Región Central,No GAM,Bachillerato,Grado,CINE 6,Ciencias Sociales,Criminología,"Ciencias Sociales, Periodismo e Información",Ciencias Sociales y del Comportamiento,NO STEM
2025,Universidad Estatal a Distancia,Ciencias de la Administración,16,Región Central,GAM,Doctorado,Posgrado,CINE 8,Ciencias Económicas,Administración,Administración de Empresas y Derecho,Educación Comercial y Administración,NO STEM
2025,Universidad Estatal a Distancia,Ciencias de la Educación I y II Ciclo énfasis Enseñanza del Inglés,2,Región Central,GAM,Sin información,Sin información,Sin información,Educación,Educación Primaria Inglés,Educación,Educación,NO STEM
2025,Universidad Estatal a Distancia,Ciencias de la Educación énfasis Docencia,1,Región Central,No GAM,Sin información,Sin información,Sin información,Educación,Docencia,Educación,Educación,NO STEM
2025,Universidad Estatal a Distancia,Ciencias de la Educación énfasis I y II Ciclo,2,Región Huetar Caribe,No GAM,Sin información,Sin información,Sin información,Educación,Educación Primaria,Educación,Educación,NO STEM
2025,Universidad Estatal a Distancia,Ciencias de la Educación énfasis Preescolar,3,Región Central,GAM,Sin información,Sin información,Sin información,Educación,Educación Preescolar,Educación,Educación,NO STEM
2025,Universidad Estatal a Distancia,Criminalística,14,Región Central,GAM,Licenciatura,Grado,CINE 6,Ciencias Sociales,Criminología,"Ciencias Sociales, Periodismo e Información",Ciencias Sociales y del Comportamiento,NO STEM
2025,Universidad Estatal a Distancia,Criminología,27,Región Central,GAM,Licenciatura,Grado,CINE 6,Ciencias Sociales,Criminología,"Ciencias Sociales, Periodismo e Información",Ciencias Sociales y del Comportamiento,NO STEM
2025,Universidad Estatal a Distancia,Derecho,1,Región Central,GAM,Doctorado,Posgrado,CINE 8,Derecho,Derecho,Administración de Empresas y Derecho,Derecho,NO STEM
2025,Universidad Estatal a Distancia,Derecho Económico énfasis Comercio Internacional,2,Región Central,GAM,Maestría,Posgrado,CINE 7,Derecho,Derecho Empresarial,Administración de Empresas y Derecho,Derecho,NO STEM
2025,Universidad Estatal a Distancia,Desarrollo Sostenible,10,Región Central,No GAM,Maestría,Posgrado,CINE 7,Recursos Naturales,Ecología,"Ciencias Naturales, Matemáticas y Estadística",Medio Ambiente,STEM
2025,Universidad Estatal a Distancia,Docencia,122,Región Central,GAM,Licenciatura,Grado,CINE 6,Educación,Docencia,Educación,Educación,NO STEM
2025,Universidad Estatal a Distancia,Educacion a Distancia y Aprendizaje en Linea,7,Región Central,GAM,Maestría,Posgrado,CINE 7,Educación,Educación Generalista,Educación,Educación,NO STEM
2025,Universidad Estatal a Distancia,Educación,20,Región Central,GAM,Doctorado,Posgrado,CINE 8,Educación,Educación Generalista,Educación,Educación,NO STEM
2025,Universidad Estatal a Distancia,Educación Especial,150,Región Central,No GAM,Sin información,Sin información,Sin información,Educación,Educación Especial,Educación,Educación,NO STEM
2025,Universidad Estatal a Distancia,Educación General Básica I y II Ciclos,3295,Región Central,No GAM,Sin información,Sin información,Sin información,Educación,Educación Primaria,Educación,Educación,NO STEM
2025,Universidad Estatal a Distancia,Educación Preescolar,2959,Región Central,No GAM,Sin información,Sin información,Sin información,Educación,Educación Preescolar,Educación,Educación,NO STEM
2025,Universidad Estatal a Distancia,Educación Preescolar Estimulación y Corrección del Lenguaje,4,Región Central,GAM,Licenciatura,Grado,CINE 6,Educación,Educación Preescolar,Educación,Educación,NO STEM
2025,Universidad Estatal a Distancia,Ejecución y Docencia Musical énfasis Instrumento,23,Región Central,GAM,Sin información,Sin información,Sin información,Educación,Enseñanza de Música,Educación,Educación,NO STEM
2025,Universidad Estatal a Distancia,Enseñanza de la Matemática,354,Región Central,No GAM,Sin información,Sin información,Sin información,Educación,Enseñanza de Matemática,Educación,Educación,NO STEM
2025,Universidad Estatal a Distancia,Enseñanza de las Ciencias Naturales,588,Región Central,No GAM,Sin información,Sin información,Sin información,Educación,Enseñanza de Ciencias,Educación,Educación,NO STEM
2025,Universidad Estatal a Distancia,Enseñanza de los Estudios Sociales y la Educación Cívica,310,Región Central,No GAM,Sin información,Sin información,Sin información,Educación,Enseñanza de Estudios Sociales,Educación,Educación,NO STEM
2025,Universidad Estatal a Distancia,Enseñanza del Francés,57,Región Central,No GAM,Sin información,Sin información,Sin información,Educación,Enseñanza de Francés,Educación,Educación,NO STEM
2025,Universidad Estatal a Distancia,Enseñanza del Inglés I y II Ciclos,210,Región Central,GAM,Sin información,Sin información,Sin información,Educación,Educación Primaria Inglés,Educación,Educación,NO STEM
2025,Universidad Estatal a Distancia,Enseñanza del francés con énfasis en I y II ciclos,7,Región Central,GAM,Bachillerato,Grado,CINE 6,Educación,Enseñanza de Francés,Educación,Educación,NO STEM
2025,Universidad Estatal a Distancia,Enseñanza del francés con énfasis en III y IV ciclos,6,Región Central,No GAM,Bachillerato,Grado,CINE 6,Educación,Enseñanza de Francés,Educación,Educación,NO STEM
2025,Universidad Estatal a Distancia,Estudio de la Violencia Social y Familiar,1,Región Central,GAM,Maestría,Posgrado,CINE 7,Ciencias Sociales,Estudios de Género,"Ciencias Sociales, Periodismo e Información",Ciencias Sociales y del Comportamiento,NO STEM
2025,Universidad Estatal a Distancia,Estudio de las Violencias desde la Perspectiva de Género e Interseccionalidad,9,Región Central,GAM,Maestría,Posgrado,CINE 7,Ciencias Sociales,Estudios de Género,"Ciencias Sociales, Periodismo e Información",Ciencias Sociales y del Comportamiento,NO STEM
2025,Universidad Estatal a Distancia,Estudio de las adicciones,7,Región Central,GAM,Maestría,Posgrado,CINE 7,Ciencias Sociales,Estudios de Discapacidad,Salud y Bienestar,Bienestar,NO STEM
2025,Universidad Estatal a Distancia,Estudios Generales,842,Región Central,No GAM,Sin información,Sin información,Sin información,Artes y Letras,Formación General,Artes y Humanidades,Humanidades,NO STEM
2025,Universidad Estatal a Distancia,Estudios Universitarios,11,Región Central,GAM,Bachillerato,Grado,CINE 6,Artes y Letras,Formación General,Artes y Humanidades,Humanidades,NO STEM
2025,Universidad Estatal a Distancia,Formación para la Educación Infantil,2,Región Central,GAM,Sin información,Sin información,Sin información,Educación,Educación Preescolar,Educación,Educación,NO STEM
2025,Universidad Estatal a Distancia,Gestión Secretarial de la Oficina,449,Región Central,No GAM,Diplomado,Pregrado,CINE 5,Ciencias Sociales,Secretariado Profesional,Administración de Empresas y Derecho,Educación Comercial y Administración,NO STEM
2025,Universidad Estatal a Distancia,Gestión Turística Sostenible,677,Región Central,No GAM,Sin información,Sin información,Sin información,Ciencias Sociales,Turismo,Servicios,Servicios Personales,NO STEM
2025,Universidad Estatal a Distancia,Gestión y Gerencia del Turismo Sostenible,27,Región Central,No GAM,Licenciatura,Grado,CINE 6,Ciencias Sociales,Turismo,Servicios,Servicios Personales,NO STEM
2025,Universidad Estatal a Distancia,Humanidades,2692,Región Central,No GAM,Sin información,Sin información,Sin información,Artes y Letras,Formación General,Artes y Humanidades,Humanidades,NO STEM
2025,Universidad Estatal a Distancia,Informática,3828,Región Central,GAM,Diplomado,Pregrado,CINE 5,Computación,Ingeniería del Software,Tecnologías de la Información y Comunicación,Tecnologías de la Información y la Comunicación (TIC),STEM
2025,Universidad Estatal a Distancia,Informática Administrativa,1,Región Central,GAM,Sin información,Sin información,Sin información,Computación,Sistemas de Información,Tecnologías de la Información y Comunicación,Tecnologías de la Información y la Comunicación (TIC),STEM
2025,Universidad Estatal a Distancia,Informática Educativa,261,Región Central,No GAM,Sin información,Sin información,Sin información,Educación,Enseñanza de Computación,Educación,Educación,NO STEM
2025,Universidad Estatal a Distancia,Ingeniería Agroindustrial,238,Región Central,No GAM,Sin información,Sin información,Sin información,Ingeniería,Ingeniería Agroindustrial,"Ingeniería, Industria y Construcción",Industria y Producción,STEM
2025,Universidad Estatal a Distancia,Ingeniería Agronómica,1184,Región Central,No GAM,Sin información,Sin información,Sin información,Recursos Naturales,Agronomía General,"Agricultura, Silvicultura, Pesca y Veterinaria",Agricultura,STEM
2025,Universidad Estatal a Distancia,Ingeniería Industrial,162,Región Central,GAM,Sin información,Sin información,Sin información,Ingeniería,Ingeniería Industrial,"Ingeniería, Industria y Construcción",Industria y Producción,STEM
2025,Universidad Estatal a Distancia,Ingeniería Informática,165,Región Central,GAM,Bachillerato,Grado,CINE 6,Computación,Ingeniería del Software,Tecnologías de la Información y Comunicación,Tecnologías de la Información y la Comunicación (TIC),STEM
2025,Universidad Estatal a Distancia,Ingeniería Informática y Administración de Proyectos,77,Región Central,GAM,Licenciatura,Grado,CINE 6,Computación,Sistemas de Información,Tecnologías de la Información y Comunicación,Tecnologías de la Información y la Comunicación (TIC),STEM
2025,Universidad Estatal a Distancia,Ingeniería Informática y Calidad de Software,26,Región Central,GAM,Licenciatura,Grado,CINE 6,Computación,Sistemas de Información,Tecnologías de la Información y Comunicación,Tecnologías de la Información y la Comunicación (TIC),STEM
2025,Universidad Estatal a Distancia,Ingeniería Informática y Desarrollo de Aplicaciones Web,44,Región Central,GAM,Licenciatura,Grado,CINE 6,Computación,Ingeniería del Software,Tecnologías de la Información y Comunicación,Tecnologías de la Información y la Comunicación (TIC),STEM
2025,Universidad Estatal a Distancia,Ingeniería Telecomunicaciones,52,Región Central,GAM,Sin información,Sin información,Sin información,Ingeniería,Ingeniería Electrónica,"Ingeniería, Industria y Construcción",Ingeniería y Profesiones Afines,STEM
2025,Universidad Estatal a Distancia,Investigación Criminal,8,Región Central,No GAM,Licenciatura,Grado,CINE 6,Ciencias Sociales,Criminología,"Ciencias Sociales, Periodismo e Información",Ciencias Sociales y del Comportamiento,NO STEM
2025,Universidad Estatal a Distancia,Manejo de Recursos Naturales,481,Región Central,No GAM,Sin información,Sin información,Sin información,Recursos Naturales,Ecología,"Ciencias naturales, matemáticas y estadística",Medio Ambiente,STEM
2025,Universidad Estatal a Distancia,Manejo de Recursos Naturales Gestión Ambiental,4,Región Central,GAM,Maestría,Posgrado,CINE 7,Recursos Naturales,Ecología,"Ciencias naturales, matemáticas y estadística",Medio Ambiente,STEM
2025,Universidad Estatal a Distancia,Manejo de Recursos Naturales Gestión de la Biodiversidad,2,Región Central,GAM,Maestría,Posgrado,CINE 7,Recursos Naturales,Ecología,"Ciencias naturales, matemáticas y estadística",Medio Ambiente,STEM
2025,Universidad Estatal a Distancia,Manejo y Protección de Recursos Naturales,8,Región Central,No GAM,Sin información,Sin información,Sin información,Recursos Naturales,Ecología,"Ciencias Naturales, Matemáticas y Estadística",Medio Ambiente,STEM
2025,Universidad Estatal a Distancia,Propiedad Intelectual,7,Región Central,GAM,Maestría,Posgrado,CINE 7,Derecho,Propiedad Intelectual,Administración de empresas y derecho,Derecho,NO STEM
2025,Universidad Estatal a Distancia,Psicopedagogía,23,Región Central,GAM,Maestría,Posgrado,CINE 7,Educación,Psicopedagogía,Educación,Educación,NO STEM
2025,Universidad Estatal a Distancia,Registros y Estadísticas en Salud,403,Región Central,No GAM,Sin información,Sin información,Sin información,Ciencias de la Salud,Registros en Salud,Salud y Bienestar,Bienestar,STEM
2025,Universidad Estatal a Distancia,Secretariado Administrativo,3,Región Central,GAM,Diplomado,Pregrado,CINE 5,Ciencias Sociales,Secretariado Profesional,Administración de Empresas y Derecho,Educación Comercial y Administración,NO STEM
2025,Universidad Estatal a Distancia,Sistemas de información en Salud,277,Región Central,No GAM,Sin información,Sin información,Sin información,Ciencias de la Salud,Registros en Salud,Salud y Bienestar,Bienestar,STEM
2025,Universidad Estatal a Distancia,Tecnología Educativa,24,Región Central,GAM,Maestría,Posgrado,CINE 7,Educación,Tecnología Educativa,Educación,Educación,NO STEM
2025,Universidad Estatal a Distancia,Valuación,21,Región Central,GAM,Maestría,Posgrado,CINE 7,Ciencias Económicas,Valuación,Administración de Empresas y Derecho,Educación Comercial y Administración,NO STEM
2025,Universidad Nacional,Abastecimiento y Logística Global,15,Región Central,GAM,Maestría,Posgrado,CINE 7,Ingeniería,Ingeniería Industrial,"Ingeniería, Industria y Construcción",Industria y Producción,STEM
2025,Universidad Nacional,Administración,3052,Región Central,GAM,Bachillerato,Grado,CINE 6,Ciencias Económicas,Administración,Administración de Empresas y Derecho,Educación Comercial y Administración,NO STEM
2025,Universidad Nacional,Administración Educativa,42,Región Central,GAM,Licenciatura,Grado,CINE 6,Educación,Administración Educativa,Educación,Educación,NO STEM
2025,Universidad Nacional,Administración de Oficinas,458,Región Central,GAM,Bachillerato,Grado,CINE 6,Ciencias Sociales,Secretariado Profesional,Administración de Empresas y Derecho,Educación Comercial y Administración,NO STEM
2025,Universidad Nacional,Administración de Recursos Humanos,29,Región Central,GAM,Maestría,Posgrado,CINE 7,Ciencias Económicas,Administración de Recursos Humanos,Administración de Empresas y Derecho,Educación Comercial y Administración,NO STEM
2025,Universidad Nacional,Agricultura Ecológica,5,Región Central,GAM,Maestría,Posgrado,CINE 7,Recursos Naturales,Agronomía General,"Agricultura, Silvicultura, Pesca y Veterinaria",Agricultura,STEM
2025,Universidad Nacional,Apicultura Tropical,4,Región Central,GAM,Maestría,Posgrado,CINE 7,Recursos Naturales,Zootecnia,"Agricultura, Silvicultura, Pesca y Veterinaria",Agricultura,STEM
2025,Universidad Nacional,Arte y Comunicación Visual,291,Región Central,GAM,Bachillerato,Grado,CINE 6,Artes y Letras,Artes Plásticas,Artes y Humanidades,Artes,NO STEM
2025,Universidad Nacional,Artes Escénicas,85,Región Central,GAM,Bachillerato,Grado,CINE 6,Artes y Letras,Artes Dramáticas,Artes y Humanidades,Artes,NO STEM
2025,Universidad Nacional,Bibliotecología y Documentación,1,Región Central,GAM,Licenciatura,Grado,CINE 6,Ciencias Sociales,Bibliotecología,"Ciencias Sociales, Periodismo e Información",Periodismo e Información,NO STEM
2025,Universidad Nacional,Bibliotecología y Documentación énfasis Gestión de la Información,260,Región Central,GAM,Bachillerato,Grado,CINE 6,Ciencias Sociales,Bibliotecología,"Ciencias Sociales, Periodismo e Información",Periodismo e Información,NO STEM
2025,Universidad Nacional,Biología,391,Región Central,GAM,Bachillerato,Grado,CINE 6,Ciencias Básicas,Biología,"Ciencias Naturales, Matemáticas y Estadística",Ciencias Biológicas y Afines,STEM
2025,Universidad Nacional,Biología Marina,12,Región Central,GAM,Licenciatura,Grado,CINE 6,Ciencias Básicas,Biología,"Ciencias Naturales, Matemáticas y Estadística",Ciencias Biológicas y Afines,STEM
2025,Universidad Nacional,Bioprocesos Industriales,3,Región Central,GAM,Bachillerato,Grado,CINE 6,Ingeniería,Ingeniería Química,"Ingeniería, Industria y Construcción",Ingeniería y Profesiones Afines,STEM
2025,Universidad Nacional,Biotecnología,34,Región Central,GAM,Licenciatura,Grado,CINE 6,Recursos Naturales,Biotecnología,"Ingeniería, Industria y Construcción",Ingeniería y Profesiones Afines,STEM
2025,Universidad Nacional,Cartografía y Diseño Digital,100,Región Central,GAM,Diplomado,Pregrado,CINE 5,Recursos Naturales,Geografía,"Ciencias Naturales, Matemáticas y Estadística",Ciencias Físicas,STEM
2025,Universidad Nacional,Ciencias Geográficas,177,Región Central,GAM,Bachillerato,Grado,CINE 6,Recursos Naturales,Geografía,"Ciencias Naturales, Matemáticas y Estadística",Ciencias Físicas,STEM
2025,Universidad Nacional,Ciencias Marinas y Costeras,10,Región Central,GAM,Maestría,Posgrado,CINE 7,Recursos Naturales,Recursos Marinos,"Ciencias Naturales, Matemáticas y Estadística",Medio Ambiente,STEM
2025,Universidad Nacional,Ciencias Naturales para el Desarrollo,17,Región Central,GAM,Doctorado,Posgrado,CINE 8,Ciencias Básicas,Ciencias,"Ciencias Naturales, Matemáticas y Estadística",Medio Ambiente,STEM
2025,Universidad Nacional,Ciencias del Deporte,7,Región Central,GAM,Licenciatura,Grado,CINE 6,Educación,Educación Física,Educación,Educación,NO STEM
2025,Universidad Nacional,Ciencias del Movimiento Humano,217,Región Central,GAM,Bachillerato,Grado,CINE 6,Educación,Educación Física,Educación,Educación,NO STEM
2025,Universidad Nacional,Comercio y Negocios Internacionales,832,Región Central,GAM,Bachillerato,Grado,CINE 6,Ciencias Económicas,Comercio Internacional,Administración de Empresas y Derecho,Educación Comercial y Administración,NO STEM
2025,Universidad Nacional,Conservación,3,Región Central,GAM,Maestría,Posgrado,CINE 7,Recursos Naturales,Ecología,"Ciencias Naturales, Matemáticas y Estadística",Medio Ambiente,STEM
2025,Universidad Nacional,Conservación de Vida Silvestre y Biodiversidad,28,Región Central,GAM,Maestría,Posgrado,CINE 7,Recursos Naturales,Ecología,"Ciencias Naturales, Matemáticas y Estadística",Medio Ambiente,STEM
2025,Universidad Nacional,Conservación y Manejo de Vida Silvestre,9,Región Central,GAM,Maestría,Posgrado,CINE 7,Recursos Naturales,Ecología,"Ciencias Naturales, Matemáticas y Estadística",Medio Ambiente,STEM
2025,Universidad Nacional,Conservación y Manejo de Áreas Protegidas para Guardaparques,17,Región Central,GAM,Diplomado,Pregrado,CINE 5,Recursos Naturales,Ecología,"Ciencias Naturales, Matemáticas y Estadística",Medio Ambiente,STEM
2025,Universidad Nacional,Danza,81,Región Central,GAM,Bachillerato,Grado,CINE 6,Artes y Letras,Danza,Artes y Humanidades,Artes,NO STEM
2025,Universidad Nacional,Derechos Humanos y Educación para la Paz,14,Región Central,GAM,Maestría,Posgrado,CINE 7,Derecho,Derechos Humanos,Administración de Empresas y Derecho,Derecho,NO STEM
2025,Universidad Nacional,Desarrollo Comunitario Sustentable,10,Región Central,GAM,Maestría,Posgrado,CINE 7,Ciencias Sociales,Sociología,"Ciencias Sociales, Periodismo e Información",Ciencias Sociales y del Comportamiento,NO STEM
2025,Universidad Nacional,Desarrollo Rural,24,Región Central,GAM,Maestría,Posgrado,CINE 7,Ciencias Sociales,Sociología,"Ciencias Sociales, Periodismo e Información",Ciencias Sociales y del Comportamiento,NO STEM
2025,Universidad Nacional,Economía,697,Región Central,GAM,Bachillerato,Grado,CINE 6,Ciencias Económicas,Economía,"Ciencias Sociales, Periodismo e Información",Ciencias Sociales y del Comportamiento,NO STEM
2025,Universidad Nacional,Economía del Desarrollo,17,Región Central,GAM,Maestría,Posgrado,CINE 7,Ciencias Económicas,Economía,"Ciencias Sociales, Periodismo e Información",Ciencias Sociales y del Comportamiento,NO STEM
2025,Universidad Nacional,Educación,21,Región Central,GAM,Maestría,Posgrado,CINE 7,Educación,Educación Generalista,Educación,Educación,NO STEM
2025,Universidad Nacional,Educación Comercial,161,Región Central,GAM,Bachillerato,Grado,CINE 6,Educación,Enseñanza del Secretariado,Educación,Educación,NO STEM
2025,Universidad Nacional,Educación Especial,136,Región Central,GAM,Bachillerato,Grado,CINE 6,Educación,Educación Especial,Educación,Educación,NO STEM
2025,Universidad Nacional,Educación Física Deporte y Recreación,5,Región Central,GAM,Bachillerato,Grado,CINE 6,Educación,Educación Física,Educación,Educación,NO STEM
2025,Universidad Nacional,Educación Rural I y II Ciclos,358,Región Central,GAM,Bachillerato,Grado,CINE 6,Educación,Educación Rural,Educación,Educación,NO STEM
2025,Universidad Nacional,Enseñanza de Inglés I y II Ciclo énfasis en mediación pedagógica,10,Región Central,GAM,Licenciatura,Grado,CINE 6,Educación,Educación Primaria Inglés,Educación,Educación,NO STEM
2025,Universidad Nacional,Enseñanza de la Filosofía,8,Región Central,GAM,Bachillerato,Grado,CINE 6,Educación,Enseñanza de Filosofía,Educación,Educación,NO STEM
2025,Universidad Nacional,Enseñanza de la Matemática,192,Región Central,GAM,Bachillerato,Grado,CINE 6,Educación,Enseñanza de Matemática,Educación,Educación,NO STEM
2025,Universidad Nacional,Enseñanza de la Religión,89,Región Central,GAM,Bachillerato,Grado,CINE 6,Educación,Educación Religiosa,Educación,Educación,NO STEM
2025,Universidad Nacional,Enseñanza de las Ciencias,155,Región Central,GAM,Bachillerato,Grado,CINE 6,Educación,Enseñanza de Ciencias,Educación,Educación,NO STEM
2025,Universidad Nacional,Enseñanza de los Estudios Sociales,46,Región Central,GAM,Licenciatura,Grado,CINE 6,Educación,Enseñanza de Estudios Sociales,Educación,Educación,NO STEM
2025,Universidad Nacional,Enseñanza de los Estudios Sociales y la Educación Cívica,120,Región Central,GAM,Bachillerato,Grado,CINE 6,Educación,Enseñanza de Estudios Sociales,Educación,Educación,NO STEM
2025,Universidad Nacional,Enseñanza del Arte y Comunicación Visual,139,Región Central,GAM,Bachillerato,Grado,CINE 6,Educación,Enseñanza de Artes Plásticas,Educación,Educación,NO STEM
2025,Universidad Nacional,Enseñanza del Español,83,Región Central,GAM,Bachillerato,Grado,CINE 6,Educación,Enseñanza de Castellano,Educación,Educación,NO STEM
2025,Universidad Nacional,Enseñanza del Francés,74,Región Central,GAM,Bachillerato,Grado,CINE 6,Educación,Enseñanza de Francés,Educación,Educación,NO STEM
2025,Universidad Nacional,Enseñanza del Inglés,573,Región Brunca,No GAM,Bachillerato,Grado,CINE 6,Educación,Enseñanza de Inglés,Educación,Educación,NO STEM
2025,Universidad Nacional,Enseñanza del Inglés I y II Ciclos,86,Región Central,GAM,Bachillerato,Grado,CINE 6,Educación,Educación Primaria Inglés,Educación,Educación,NO STEM
2025,Universidad Nacional,Epidemiología,28,Región Central,GAM,Maestría,Posgrado,CINE 7,Ciencias de la Salud,Salud Pública,Salud y Bienestar,Salud,STEM
2025,Universidad Nacional,Estudios Latinoamericanos,22,Región Central,GAM,Maestría,Posgrado,CINE 7,Ciencias Sociales,Estudios Latinoamericanos,"Ciencias Sociales, Periodismo e Información",Ciencias Sociales y del Comportamiento,NO STEM
2025,Universidad Nacional,"Estudios Socioreligiosos, Género y Diversidades",5,Región Central,GAM,Maestría,Posgrado,CINE 7,Ciencias Sociales,Sociología,"Ciencias Sociales, Periodismo e Información",Ciencias Sociales y del Comportamiento,NO STEM
2025,Universidad Nacional,Estudios Teológicos,9,Región Central,GAM,Maestría,Posgrado,CINE 7,Artes y Letras,Teología,Artes y Humanidades,Humanidades,NO STEM
2025,Universidad Nacional,Estudios de Cultura Centroamericana,8,Región Central,GAM,Maestría,Posgrado,CINE 7,Ciencias Sociales,Estudios Latinoamericanos,"Ciencias Sociales, Periodismo e Información",Ciencias Sociales y del Comportamiento,NO STEM
2025,Universidad Nacional,Filosofía,99,Región Central,GAM,Bachillerato,Grado,CINE 6,Artes y Letras,Filosofía,Artes y Humanidades,Humanidades,NO STEM
2025,Universidad Nacional,Filosofía Contemporánea,2,Región Central,GAM,Maestría,Posgrado,CINE 7,Artes y Letras,Filosofía,Artes y Humanidades,Humanidades,NO STEM
2025,Universidad Nacional,Francés,30,Región Central,GAM,Licenciatura,Grado,CINE 6,Artes y Letras,Francés,Artes y Humanidades,Idiomas,NO STEM
2025,Universidad Nacional,Física aplicada,33,Región Central,GAM,Bachillerato,Grado,CINE 6,Ciencias Básicas,Física,"Ciencias Naturales, Matemáticas y Estadística",Ciencias Físicas,STEM
2025,Universidad Nacional,Gerencia de Seguridad Alimentaria y Nutricional,7,Región Central,GAM,Maestría,Posgrado,CINE 7,Ciencias de la Salud,Nutrición,Salud y Bienestar,Salud,STEM
2025,Universidad Nacional,Gerencia del Comercio Internacional,15,Región Central,GAM,Maestría,Posgrado,CINE 7,Ciencias Económicas,Comercio Internacional,Administración de empresas y derecho,Educación Comercial y Administración,NO STEM
2025,Universidad Nacional,Gestión Ambiental,1,Región Central,GAM,Licenciatura,Grado,CINE 6,Recursos Naturales,Ecología,"Ciencias naturales, matemáticas y estadística",Medio Ambiente,STEM
2025,Universidad Nacional,Gestión Educativa,27,Región Central,GAM,Maestría,Posgrado,CINE 7,Educación,Administración Educativa,Educación,Educación,NO STEM
2025,Universidad Nacional,Gestión Empresarial del Turismo Sostenible,402,Región Chorotega,No GAM,Bachillerato,Grado,CINE 6,Ciencias Sociales,Turismo,Servicios,Servicios Personales,NO STEM
2025,Universidad Nacional,Gestión de la Innovación Tecnológica,7,Región Central,GAM,Maestría,Posgrado,CINE 7,Computación,Tecnologías de Información,Tecnologías de la Información y Comunicación,Tecnologías de la Información y la Comunicación (TIC),STEM
2025,Universidad Nacional,Gestión de los Recursos Naturales y Conservación de la Biodiversidad,15,Región Central,GAM,Licenciatura,Grado,CINE 6,Recursos Naturales,Ecología,"Ciencias naturales, matemáticas y estadística",Medio Ambiente,STEM
2025,Universidad Nacional,Gestión y Finanzas Públicas,7,Región Central,GAM,Maestría,Posgrado,CINE 7,Ciencias Económicas,Administración Pública,Administración de Empresas y Derecho,Educación Comercial y Administración,NO STEM
2025,Universidad Nacional,Género y Desarrollo,47,Región Central,GAM,Bachillerato,Grado,CINE 6,Ciencias Sociales,Estudios de Género,"Ciencias Sociales, Periodismo e Información",Ciencias Sociales y del Comportamiento,NO STEM
2025,Universidad Nacional,Historia,121,Región Central,GAM,Bachillerato,Grado,CINE 6,Ciencias Sociales,Historia,Artes y Humanidades,Humanidades,NO STEM
2025,Universidad Nacional,Historia Aplicada,7,Región Central,GAM,Maestría,Posgrado,CINE 7,Ciencias Sociales,Historia,Artes y Humanidades,Humanidades,NO STEM
2025,Universidad Nacional,Informática,191,Región Central,GAM,Licenciatura,Grado,CINE 6,Computación,Ingeniería del Software,Tecnologías de la Información y Comunicación,Tecnologías de la Información y la Comunicación (TIC),STEM
2025,Universidad Nacional,Ingeniería Agronómica,62,Región Central,GAM,Licenciatura,Grado,CINE 6,Recursos Naturales,Agronomía General,"Agricultura, Silvicultura, Pesca y Veterinaria",Agricultura,STEM
2025,Universidad Nacional,Ingeniería Ciencias Forestales,158,Región Central,GAM,Bachillerato,Grado,CINE 6,Recursos Naturales,Forestales,"Ciencias Naturales, Matemáticas y Estadística",Medio Ambiente,STEM
2025,Universidad Nacional,Ingeniería Gestión Ambiental,148,Región Central,GAM,Bachillerato,Grado,CINE 6,Recursos Naturales,Ecología,"Ciencias Naturales, Matemáticas y Estadística",Medio Ambiente,STEM
2025,Universidad Nacional,Ingeniería Hidrológica,120,Región Chorotega,No GAM,Bachillerato,Grado,CINE 6,Recursos Naturales,Manejo de Recursos Hídricos,"Ciencias Naturales, Matemáticas y Estadística",Medio Ambiente,STEM
2025,Universidad Nacional,Ingeniería de Bioprocesos Industriales,139,Región Central,GAM,Bachillerato,Grado,CINE 6,Ingeniería,Ingeniería Química,"Ingeniería, Industria y Construcción",Ingeniería y Profesiones Afines,STEM
2025,Universidad Nacional,Ingeniería en Agronomía,236,Región Central,GAM,Bachillerato,Grado,CINE 6,Recursos Naturales,Agronomía General,"Agricultura, Silvicultura, Pesca y Veterinaria",Agricultura,STEM
2025,Universidad Nacional,Ingeniería en Calidad e Innovación Agroalimentaria,121,Región Brunca,No GAM,Bachillerato,Grado,CINE 6,Recursos Naturales,Economía Agrícola,"Agricultura, Silvicultura, Pesca y Veterinaria",Agricultura,STEM
2025,Universidad Nacional,Ingeniería en Energías Sostenibles,92,Región Chorotega,No GAM,Licenciatura,Grado,CINE 6,Ingeniería,Ingeniería Mecánica,"Ingeniería, Industria y Construcción",Ingeniería y Profesiones Afines,STEM
2025,Universidad Nacional,Ingeniería en Sistemas de Información,2717,Región Central,GAM,Bachillerato,Grado,CINE 6,Computación,Tecnologías de Información,Tecnologías de la Información y Comunicación,Tecnologías de la Información y la Comunicación (TIC),STEM
2025,Universidad Nacional,Inglés,592,Región Central,No GAM,Bachillerato,Grado,CINE 6,Artes y Letras,Inglés,Artes y Humanidades,Idiomas,NO STEM
2025,Universidad Nacional,Inteligencia y Estrategia Global,33,Región Central,GAM,Bachillerato,Grado,CINE 6,Ciencias Económicas,Planificación,Administración de Empresas y Derecho,Educación Comercial y Administración,NO STEM
2025,Universidad Nacional,Jazz y Prácticas Musicales Contemporáneas,16,Región Central,GAM,Maestría,Posgrado,CINE 7,Artes y Letras,Artes Musicales,Artes y Humanidades,Artes,NO STEM
2025,Universidad Nacional,Lengua Francesa,63,Región Central,GAM,Bachillerato,Grado,CINE 6,Artes y Letras,Francés,Artes y Humanidades,Idiomas,NO STEM
2025,Universidad Nacional,Lingüística Aplicada énfasis Inglés,18,Región Central,GAM,Maestría,Posgrado,CINE 7,Artes y Letras,Inglés,Artes y Humanidades,Idiomas,NO STEM
2025,Universidad Nacional,Literatura y Lingüística,25,Región Central,GAM,Licenciatura,Grado,CINE 6,Artes y Letras,Literatura y Lingüística (Español),Artes y Humanidades,Idiomas,NO STEM
2025,Universidad Nacional,Literatura y Lingüística Español,40,Región Central,GAM,Bachillerato,Grado,CINE 6,Artes y Letras,Literatura y Lingüística (Español),Artes y Humanidades,Idiomas,NO STEM
2025,Universidad Nacional,Medicina Veterinaria,282,Región Central,GAM,Licenciatura,Grado,CINE 6,Ciencias de la Salud,Veterinaria,"Agricultura, Silvicultura, Pesca y Veterinaria",Veterinaria,STEM
2025,Universidad Nacional,Mercadeo y Ventas,19,Región Central,GAM,Maestría,Posgrado,CINE 7,Ciencias Económicas,Mercadeo,Administración de Empresas y Derecho,Educación Comercial y Administración,NO STEM
2025,Universidad Nacional,Metrología y Calidad,11,Región Central,GAM,Maestría,Posgrado,CINE 7,Ingeniería,Ingeniería Industrial,"Ingeniería, Industria y Construcción",Industria y Producción,STEM
2025,Universidad Nacional,Música Ejecución y Enseñanza de Instrumento,84,Región Central,GAM,Bachillerato,Grado,CINE 6,Educación,Enseñanza de Música,Educación,Educación,NO STEM
2025,Universidad Nacional,Música énfasis Dirección Coral,6,Región Central,GAM,Bachillerato,Grado,CINE 6,Artes y Letras,Artes Musicales,Artes y Humanidades,Artes,NO STEM
2025,Universidad Nacional,Música énfasis Educación Musical,103,Región Central,GAM,Bachillerato,Grado,CINE 6,Educación,Enseñanza de Música,Educación,Educación,NO STEM
2025,Universidad Nacional,Música énfasis Enseñanza e Interpretación de Canto,10,Región Central,GAM,Bachillerato,Grado,CINE 6,Educación,Enseñanza de Música,Educación,Educación,NO STEM
2025,Universidad Nacional,Orientación,278,Región Central,GAM,Bachillerato,Grado,CINE 6,Educación,Orientación,Salud y Bienestar,Bienestar,NO STEM
2025,Universidad Nacional,Pedagogía énfasis Didáctica,58,Región Central,GAM,Licenciatura,Grado,CINE 6,Educación,Educación Generalista,Educación,Educación,NO STEM
2025,Universidad Nacional,Pedagogía énfasis Educación Preescolar,138,Región Central,GAM,Bachillerato,Grado,CINE 6,Educación,Educación Preescolar,Educación,Educación,NO STEM
2025,Universidad Nacional,Pedagogía énfasis I y II Ciclos de la Educación General Básica,441,Región Chorotega,No GAM,Bachillerato,Grado,CINE 6,Educación,Educación Primaria,Educación,Educación,NO STEM
2025,Universidad Nacional,Pensamiento Estratégico y Prospectiva,14,Región Central,GAM,Maestría,Posgrado,CINE 7,Ciencias Económicas,Planificación,Administración de Empresas y Derecho,Educación Comercial y Administración,NO STEM
2025,Universidad Nacional,Perspectivas de Género en Derechos Humanos,4,Región Central,GAM,Maestría,Posgrado,CINE 7,Ciencias Sociales,Estudios de Género,"Ciencias Sociales, Periodismo e Información",Ciencias Sociales y del Comportamiento,NO STEM
2025,Universidad Nacional,Planificación Económica y Social,503,Región Central,GAM,Bachillerato,Grado,CINE 6,Ciencias Económicas,Planificación,Administración de Empresas y Derecho,Educación Comercial y Administración,NO STEM
2025,Universidad Nacional,Política Económica,12,Región Central,GAM,Maestría,Posgrado,CINE 7,Ciencias Económicas,Economía,"Ciencias Sociales, Periodismo e Información",Ciencias Sociales y del Comportamiento,NO STEM
2025,Universidad Nacional,Preparación y Readaptación Física Deportiva,44,Región Central,GAM,Licenciatura,Grado,CINE 6,Ciencias de la Salud,Terapia Física,Salud y Bienestar,Salud,STEM
2025,Universidad Nacional,Promoción de la Salud Física,8,Región Central,GAM,Bachillerato,Grado,CINE 6,Educación,Educación Física,Educación,Educación,NO STEM
2025,Universidad Nacional,Promoción de la Salud y Movimiento Humano,2,Región Central,GAM,Licenciatura,Grado,CINE 6,Ciencias de la Salud,Salud Pública,Salud y Bienestar,Salud,STEM
2025,Universidad Nacional,Psicología,313,Región Central,GAM,Bachillerato,Grado,CINE 6,Ciencias Sociales,Psicología,"Ciencias Sociales, Periodismo e Información",Ciencias Sociales y del Comportamiento,NO STEM
2025,Universidad Nacional,Química Industrial,380,Región Central,GAM,Bachillerato,Grado,CINE 6,Ciencias Básicas,Química,"Ciencias Naturales, Matemáticas y Estadística",Ciencias Físicas,STEM
2025,Universidad Nacional,Relaciones Internacionales,302,Región Central,GAM,Bachillerato,Grado,CINE 6,Ciencias Sociales,Relaciones Internacionales,"Ciencias Sociales, Periodismo e Información",Ciencias Sociales y del Comportamiento,NO STEM
2025,Universidad Nacional,Relaciones Internacionales y Diplomacia,21,Región Central,GAM,Maestría,Posgrado,CINE 7,Ciencias Sociales,Relaciones Internacionales,"Ciencias Sociales, Periodismo e Información",Ciencias Sociales y del Comportamiento,NO STEM
2025,Universidad Nacional,Responsabilidad Social y Sostenibilidad,26,Región Central,GAM,Maestría,Posgrado,CINE 7,Ciencias Sociales,Relaciones Internacionales,"Ciencias Sociales, Periodismo e Información",Ciencias Sociales y del Comportamiento,NO STEM
2025,Universidad Nacional,Salud Integral y Movimiento Humano,22,Región Central,GAM,Maestría,Posgrado,CINE 7,Educación,Educación Física,Educación,Educación,NO STEM
2025,Universidad Nacional,Sistemas de Información Geográfica y Teledetección,8,Región Central,GAM,Maestría,Posgrado,CINE 7,Recursos Naturales,Geografía,"Ciencias Naturales, Matemáticas y Estadística",Ciencias Físicas,STEM
2025,Universidad Nacional,Sociología,393,Región Central,GAM,Bachillerato,Grado,CINE 6,Ciencias Sociales,Sociología,"Ciencias Sociales, Periodismo e Información",Ciencias Sociales y del Comportamiento,NO STEM
2025,Universidad Nacional,Tecnología e Innovación Educativa,28,Región Central,GAM,Maestría,Posgrado,CINE 7,Educación,Tecnología Educativa,Educación,Educación,NO STEM
2025,Universidad Nacional,Tecnologías de Información,32,Región Central,GAM,Maestría,Posgrado,CINE 7,Computación,Tecnologías de Información,Tecnologías de la Información y Comunicación,Tecnologías de la Información y la Comunicación (TIC),STEM
2025,Universidad Nacional,Teología,45,Región Central,GAM,Bachillerato,Grado,CINE 6,Artes y Letras,Teología,Artes y Humanidades,Humanidades,NO STEM
2025,Universidad Nacional,Terapías complementarias,14,Región Central,GAM,Maestría,Posgrado,CINE 7,Ciencias de la Salud,Terapia Física,Salud y Bienestar,Salud,STEM
2025,Universidad Nacional,Topografía y Catastro,275,Región Central,GAM,Bachillerato,Grado,CINE 6,Ingeniería,Ingeniería Topográfica,"Ingeniería, Industria y Construcción",Arquitectura y Construcción,STEM
2025,Universidad Nacional,Topografía y Geodesia,36,Región Central,GAM,Licenciatura,Grado,CINE 6,Ingeniería,Ingeniería Topográfica,"Ingeniería, Industria y Construcción",Arquitectura y Construcción,STEM
2025,Universidad Nacional,Traducción Inglés-Español,23,Región Central,GAM,Maestría,Posgrado,CINE 7,Artes y Letras,Inglés,Artes y Humanidades,Idiomas,NO STEM
2025,Universidad Nacional,Turismo y Desarollo Sostenible,4,Región Chorotega,No GAM,Maestría,Posgrado,CINE 7,Ciencias Sociales,Turismo,Servicios,Servicios Personales,NO STEM
2025,Universidad Técnica Nacional,Administración Aduanera,558,Región Central,GAM,Diplomado,Pregrado,CINE 5,Ciencias Económicas,Administración Pública,Administración de Empresas y Derecho,Educación Comercial y Administración,NO STEM
2025,Universidad Técnica Nacional,Administración Agroindustrial,68,Región Huetar Norte,No GAM,Diplomado,Pregrado,CINE 5,Ciencias Económicas,Administración de Empresas Agropecuarias,Administración de Empresas y Derecho,Educación Comercial y Administración,NO STEM
2025,Universidad Técnica Nacional,Administración de Compras y Control de Inventarios,227,Región Central,GAM,Diplomado,Pregrado,CINE 5,Ciencias Económicas,Proveeduría,Administración de Empresas y Derecho,Educación Comercial y Administración,NO STEM
2025,Universidad Técnica Nacional,Administración del Comercio Exterior,37,Región Central,GAM,Licenciatura,Grado,CINE 6,Ciencias Económicas,Comercio Internacional,Administración de Empresas y Derecho,Educación Comercial y Administración,NO STEM
2025,Universidad Técnica Nacional,Administración y Gestión de Recursos Humanos,717,Región Central,GAM,Diplomado,Pregrado,CINE 5,Ciencias Económicas,Administración de Recursos Humanos,Administración de Empresas y Derecho,Educación Comercial y Administración,NO STEM
2025,Universidad Técnica Nacional,Asistencia Administrativa,195,Región Central,GAM,Diplomado,Pregrado,CINE 5,Ciencias Sociales,Secretariado Profesional,Administración de Empresas y Derecho,Educación Comercial y Administración,NO STEM
2025,Universidad Técnica Nacional,Asistencia Veterinaria,16,Región Central,GAM,Diplomado,Pregrado,CINE 5,Ciencias de la Salud,Asistente Veterinaria,"Agricultura, Silvicultura, Pesca y Veterinaria",Veterinaria,STEM
2025,Universidad Técnica Nacional,Comercio Exterior,303,Región Central,GAM,Diplomado,Pregrado,CINE 5,Ciencias Económicas,Comercio Internacional,Administración de Empresas y Derecho,Educación Comercial y Administración,NO STEM
2025,Universidad Técnica Nacional,Contabilidad y Finanzas,1122,Región Central,GAM,Diplomado,Pregrado,CINE 5,Ciencias Económicas,Finanzas,Administración de empresas y derecho,Educación Comercial y Administración,NO STEM
2025,Universidad Técnica Nacional,Contaduría Pública,158,Región Central,GAM,Licenciatura,Grado,CINE 6,Ciencias Económicas,Contaduría,Administración de Empresas y Derecho,Educación Comercial y Administración,NO STEM
2025,Universidad Técnica Nacional,Diseño Gráfico,110,Región Pacífico Central,No GAM,Diplomado,Pregrado,CINE 5,Artes y Letras,Diseño Gráfico,Artes y Humanidades,Artes,NO STEM
2025,Universidad Técnica Nacional,Enseñanza de Especialidad Técnica,140,Región Central,No GAM,Profesorado,Pregrado,CINE 5,Educación,Educación Técnica,Educación,Educación,NO STEM
2025,Universidad Técnica Nacional,Gestión Ecoturística,274,Región Chorotega,No GAM,Diplomado,Pregrado,CINE 5,Ciencias Sociales,Turismo,Servicios,Servicios Personales,NO STEM
2025,Universidad Técnica Nacional,Gestión Empresarial,70,Región Chorotega,No GAM,Licenciatura,Grado,CINE 6,Ciencias Económicas,Administración,Administración de Empresas y Derecho,Educación Comercial y Administración,NO STEM
2025,Universidad Técnica Nacional,Gestión de Centros de Servicios Compartidos,99,Región Huetar Norte,No GAM,Diplomado,Pregrado,CINE 5,Ciencias Económicas,Administración,Administración de Empresas y Derecho,Educación Comercial y Administración,NO STEM
2025,Universidad Técnica Nacional,Gestión de Empresas de Hospedaje y Gastronómicas,322,Región Central,GAM,Diplomado,Pregrado,CINE 5,Ciencias Sociales,Turismo,Servicios,Servicios Personales,NO STEM
2025,Universidad Técnica Nacional,Gestión y Administración Empresarial,458,Región Chorotega,No GAM,Diplomado,Pregrado,CINE 5,Ciencias Económicas,Administración,Administración de Empresas y Derecho,Educación Comercial y Administración,NO STEM
2025,Universidad Técnica Nacional,Ingeniería Acuicultura,46,Región Pacífico Central,No GAM,Diplomado,Pregrado,CINE 5,Recursos Naturales,Zootecnia,"Agricultura, Silvicultura, Pesca y Veterinaria",Agricultura,STEM
2025,Universidad Técnica Nacional,Ingeniería Agronómica,140,Región Chorotega,No GAM,Diplomado,Pregrado,CINE 5,Recursos Naturales,Agronomía General,"Agricultura, Silvicultura, Pesca y Veterinaria",Agricultura,STEM
2025,Universidad Técnica Nacional,Ingeniería Electromecánica,372,Región Central,GAM,Diplomado,Pregrado,CINE 5,Ingeniería,Ingeniería Mecánica,"Ingeniería, Industria y Construcción",Ingeniería y Profesiones Afines,STEM
2025,Universidad Técnica Nacional,Ingeniería Electrónica,490,Región Central,GAM,Diplomado,Pregrado,CINE 5,Ingeniería,Ingeniería Electrónica,"Ingeniería, Industria y Construcción",Ingeniería y Profesiones Afines,STEM
2025,Universidad Técnica Nacional,Ingeniería Eléctrica,236,Región Pacífico Central,No GAM,Diplomado,Pregrado,CINE 5,Ingeniería,Ingeniería Eléctrica,"Ingeniería, Industria y Construcción",Ingeniería y Profesiones Afines,STEM
2025,Universidad Técnica Nacional,Ingeniería Energética,99,Región Chorotega,No GAM,Diplomado,Pregrado,CINE 5,Ingeniería,Ingeniería Mecánica,"Ingeniería, Industria y Construcción",Ingeniería y Profesiones Afines,STEM
2025,Universidad Técnica Nacional,Ingeniería Gestión Ambiental,448,Región Chorotega,No GAM,Diplomado,Pregrado,CINE 5,Recursos Naturales,Ecología,"Ciencias Naturales, Matemáticas y Estadística",Medio Ambiente,STEM
2025,Universidad Técnica Nacional,Ingeniería Manejo del Recurso Hídrico,173,Región Central,GAM,Diplomado,Pregrado,CINE 5,Recursos Naturales,Manejo de Recursos Hídricos,"Ciencias Naturales, Matemáticas y Estadística",Medio Ambiente,STEM
2025,Universidad Técnica Nacional,Ingeniería Procesos y Calidad,276,Región Central,GAM,Diplomado,Pregrado,CINE 5,Ingeniería,Ingeniería Industrial,"Ingeniería, Industria y Construcción",Industria y Producción,STEM
2025,Universidad Técnica Nacional,Ingeniería Producción Industrial,597,Región Central,GAM,Diplomado,Pregrado,CINE 5,Ingeniería,Ingeniería Industrial,"Ingeniería, Industria y Construcción",Industria y Producción,STEM
2025,Universidad Técnica Nacional,Ingeniería Salud Ocupacional y Ambiente,703,Región Central,No GAM,Diplomado,Pregrado,CINE 5,Ingeniería,Seguridad Laboral,Servicios,Servicios de Higiene y Salud Ocupacional,STEM
2025,Universidad Técnica Nacional,Ingeniería Sistemas de Producción Animal,313,Región Central,GAM,Diplomado,Pregrado,CINE 5,Recursos Naturales,Producción Animal,"Agricultura, Silvicultura, Pesca y Veterinaria",Agricultura,STEM
2025,Universidad Técnica Nacional,Ingeniería Tecnología de Alimentos,328,Región Central,GAM,Diplomado,Pregrado,CINE 5,Ingeniería,Ingeniería de Alimentos,"Ingeniería, Industria y Construcción",Industria y Producción,STEM
2025,Universidad Técnica Nacional,Ingeniería Tecnologías de Información,742,Región Chorotega,No GAM,Diplomado,Pregrado,CINE 5,Computación,Tecnologías de Información,Tecnologías de la Información y Comunicación,Tecnologías de la Información y la Comunicación (TIC),STEM
2025,Universidad Técnica Nacional,Ingeniería de Software,1090,Región Central,GAM,Diplomado,Pregrado,CINE 5,Computación,Ingeniería del Software,Tecnologías de la Información y Comunicación,Tecnologías de la Información y la Comunicación (TIC),STEM
2025,Universidad Técnica Nacional,Ingeniería en Ciencias Forestales y Vida Silvestre,235,Región Central,GAM,Diplomado,Pregrado,CINE 5,Recursos Naturales,Forestales,"Ciencias Naturales, Matemáticas y Estadística",Medio Ambiente,STEM
2025,Universidad Técnica Nacional,Inglés como Lengua Extranjera,967,Región Central,No GAM,Diplomado,Pregrado,CINE 5,Educación,Enseñanza de Inglés,Educación,Educación,NO STEM
2025,Universidad Técnica Nacional,Logística Internacional,23,Región Central,GAM,Licenciatura,Grado,CINE 6,Ciencias Económicas,Administración Pública,Administración de Empresas y Derecho,Educación Comercial y Administración,NO STEM
2025,Universidad Técnica Nacional,Mantenimiento Agroindustrial Sostenible,56,Región Huetar Norte,No GAM,Diplomado,Pregrado,CINE 5,Ingeniería,Ingeniería Mecánica,"Ingeniería, Industria y Construcción",Ingeniería y Profesiones Afines,STEM
2025,Universidad Técnica Nacional,Mecatrónica,16,Región Central,GAM,Diplomado,Pregrado,CINE 5,Ingeniería,Ingeniería Mecánica,"Ingeniería, Industria y Construcción",Ingeniería y Profesiones Afines,STEM
2025,Universidad Técnica Nacional,Mediación Pedagógica,64,Región Central,GAM,Licenciatura,Grado,CINE 6,Educación,Educación Generalista,Educación,Educación,NO STEM
2025,Universidad Técnica Nacional,Medicina Veterinaria,315,Región Central,GAM,Diplomado,Pregrado,CINE 5,Ciencias de la Salud,Veterinaria,"Agricultura, Silvicultura, Pesca y Veterinaria",Veterinaria,STEM
2025,Universidad Técnica Nacional,Tecnología de la Imagen,155,Región Central,GAM,Diplomado,Pregrado,CINE 5,Artes y Letras,Fotografía,Artes y Humanidades,Artes,NO STEM
2025,Universidad de Costa Rica,Administración Aduanera y Comercio Exterior,9,Región Central,GAM,Licenciatura,Grado,CINE 6,Ciencias Económicas,Administración Pública,Administración de Empresas y Derecho,Educación Comercial y Administración,NO STEM
2025,Universidad de Costa Rica,Administración Aduanera y Comercio Exterior énfasis Comercio Internacional,1038,Región Central,GAM,Licenciatura,Grado,CINE 6,Ciencias Económicas,Administración Pública,Administración de Empresas y Derecho,Educación Comercial y Administración,NO STEM
2025,Universidad de Costa Rica,Administración Educativa,34,Región Central,No GAM,Maestría,Posgrado,CINE 7,Educación,Administración Educativa,Educación,Educación,NO STEM
2025,Universidad de Costa Rica,Administración Pública,591,Región Central,GAM,Licenciatura,Grado,CINE 6,Ciencias Económicas,Administración Pública,Administración de Empresas y Derecho,Educación Comercial y Administración,NO STEM
2025,Universidad de Costa Rica,Administración Pública énfasis Administración Aduanera y Comercio Internacional,3,Región Central,GAM,Maestría,Posgrado,CINE 7,Ciencias Económicas,Administración Pública,Administración de Empresas y Derecho,Educación Comercial y Administración,NO STEM
2025,Universidad de Costa Rica,Administración Pública énfasis Gestión Pública,1,Región Pacífico Central,No GAM,Maestría,Posgrado,CINE 7,Ciencias Económicas,Administración Pública,Administración de Empresas y Derecho,Educación Comercial y Administración,NO STEM
2025,Universidad de Costa Rica,Administración de Negocios Varios énfasis,1,Región Central,GAM,Licenciatura,Grado,CINE 6,Ciencias Económicas,Administración,Administración de Empresas y Derecho,Educación Comercial y Administración,NO STEM
2025,Universidad de Costa Rica,Administración de agronegocios,9,Región Central,GAM,Licenciatura,Grado,CINE 6,Recursos Naturales,Economía Agrícola,"Agricultura, Silvicultura, Pesca y Veterinaria",Agricultura,STEM
2025,Universidad de Costa Rica,Administración de la educación,9,Región Central,GAM,Licenciatura,Grado,CINE 6,Educación,Administración Educativa,Educación,Educación,NO STEM
2025,Universidad de Costa Rica,Administración de la educación no formal,12,Región Central,GAM,Licenciatura,Grado,CINE 6,Educación,Administración Educativa,Educación,Educación,NO STEM
2025,Universidad de Costa Rica,Administración e Ingeniería de la Construcción,1,Región Central,GAM,Maestría,Posgrado,CINE 7,Ingeniería,Ingeniería Civil,"Ingeniería, Industria y Construcción",Arquitectura y Construcción,STEM
2025,Universidad de Costa Rica,Administración y Dirección de Empresas,1,Región Central,GAM,Maestría,Posgrado,CINE 7,Ciencias Económicas,Administración,Administración de Empresas y Derecho,Educación Comercial y Administración,NO STEM
2025,Universidad de Costa Rica,Administración y Dirección de Empresas énfasis Finanzas,2,Región Central,GAM,Maestría,Posgrado,CINE 7,Ciencias Económicas,Finanzas,Administración de Empresas y Derecho,Educación Comercial y Administración,NO STEM
2025,Universidad de Costa Rica,Administración y Dirección de Empresas énfasis Gerencia,3,Región Central,GAM,Maestría,Posgrado,CINE 7,Ciencias Económicas,Administración,Administración de Empresas y Derecho,Educación Comercial y Administración,NO STEM
2025,Universidad de Costa Rica,Agronomía,728,Región Central,GAM,Licenciatura,Grado,CINE 6,Recursos Naturales,Agronomía General,"Agricultura, Silvicultura, Pesca y Veterinaria",Agricultura,STEM
2025,Universidad de Costa Rica,Anatomía Patológica,13,Región Central,GAM,Especialidad Profesional,Posgrado,CINE 7,Ciencias de la Salud,Medicina,Salud y Bienestar,Salud,STEM
2025,Universidad de Costa Rica,Anestesiología Pediátrica,1,Región Central,GAM,Especialidad Profesional,Posgrado,CINE 7,Ciencias de la Salud,Medicina,Salud y Bienestar,Salud,STEM
2025,Universidad de Costa Rica,Anestesiología y Recuperación,73,Región Central,GAM,Especialidad Profesional,Posgrado,CINE 7,Ciencias de la Salud,Medicina,Salud y Bienestar,Salud,STEM
2025,Universidad de Costa Rica,Antropología,335,Región Central,GAM,Bachillerato,Grado,CINE 6,Ciencias Sociales,Antropología,"Ciencias Sociales, Periodismo e Información",Ciencias Sociales y del Comportamiento,NO STEM
2025,Universidad de Costa Rica,Antropología varios énfasis,13,Región Central,GAM,Licenciatura,Grado,CINE 6,Ciencias Sociales,Antropología,"Ciencias Sociales, Periodismo e Información",Ciencias Sociales y del Comportamiento,NO STEM
2025,Universidad de Costa Rica,Archivística,244,Región Central,GAM,Licenciatura,Grado,CINE 6,Ciencias Sociales,Archivística,"Ciencias Sociales, Periodismo e Información",Periodismo e Información,NO STEM
2025,Universidad de Costa Rica,Arquitectura,718,Región Central,GAM,Licenciatura,Grado,CINE 6,Ingeniería,Arquitectura,"Ingeniería, Industria y Construcción",Arquitectura y Construcción,STEM
2025,Universidad de Costa Rica,Arquitectura Tropical,8,Región Central,GAM,Maestría,Posgrado,CINE 7,Ingeniería,Arquitectura,"Ingeniería, Industria y Construcción",Arquitectura y Construcción,STEM
2025,Universidad de Costa Rica,Arquitectura y Construcción,11,Región Central,GAM,Maestría,Posgrado,CINE 7,Ingeniería,Arquitectura,"Ingeniería, Industria y Construcción",Arquitectura y Construcción,STEM
2025,Universidad de Costa Rica,Artes,7,Región Central,GAM,Maestría,Posgrado,CINE 7,Artes y Letras,Artes y Letras,Artes y Humanidades,Artes,NO STEM
2025,Universidad de Costa Rica,Artes Dramáticas,63,Región Central,GAM,Licenciatura,Grado,CINE 6,Artes y Letras,Artes Dramáticas,Artes y Humanidades,Artes,NO STEM
2025,Universidad de Costa Rica,Artes Plásticas énfasis Diseño Gráfico,2,Región Central,GAM,Licenciatura,Grado,CINE 6,Artes y Letras,Diseño Gráfico,Artes y Humanidades,Artes,NO STEM
2025,Universidad de Costa Rica,Artes Plásticas énfasis Escultura,4,Región Central,GAM,Licenciatura,Grado,CINE 6,Artes y Letras,Artes Plásticas,Artes y Humanidades,Artes,NO STEM
2025,Universidad de Costa Rica,Artes Plásticas énfasis Grabado,1,Región Central,GAM,Licenciatura,Grado,CINE 6,Artes y Letras,Artes Plásticas,Artes y Humanidades,Artes,NO STEM
2025,Universidad de Costa Rica,Artes Plásticas énfasis Pintura,5,Región Central,GAM,Licenciatura,Grado,CINE 6,Artes y Letras,Artes Plásticas,Artes y Humanidades,Artes,NO STEM
2025,Universidad de Costa Rica,Artes teatrales,68,Región Central,GAM,Licenciatura,Grado,CINE 6,Artes y Letras,Artes Dramáticas,Artes y Humanidades,Artes,NO STEM
2025,Universidad de Costa Rica,Artes énfasis Cinematografía,2,Región Central,GAM,Maestría,Posgrado,CINE 7,Artes y Letras,Producción de Cine y Televisión,Artes y Humanidades,Artes,NO STEM
2025,Universidad de Costa Rica,Asistente de Laboratorio,68,Región Central,GAM,Diplomado,Pregrado,CINE 5,Ciencias de la Salud,Asistente de Laboratorio,"Ciencias naturales, matemáticas y estadística",Ciencias Biológicas y afines,STEM
2025,Universidad de Costa Rica,Astrofísica,2,Región Central,GAM,Maestría,Posgrado,CINE 7,Ciencias Básicas,Física,"Ciencias Naturales, Matemáticas y Estadística",Ciencias Físicas,STEM
2025,Universidad de Costa Rica,Audiología,171,Región Central,GAM,Licenciatura,Grado,CINE 6,Ciencias de la Salud,Audiología,Salud y Bienestar,Salud,STEM
2025,Universidad de Costa Rica,Bacteriología Médica,10,Región Central,GAM,Especialidad Profesional,Posgrado,CINE 7,Ciencias de la Salud,Microbiología,"Ciencias Naturales, Matemáticas y Estadística",Ciencias Biológicas y Afines,STEM
2025,Universidad de Costa Rica,Bibliotecología y Ciencias de la Información,60,Región Central,GAM,Licenciatura,Grado,CINE 6,Ciencias Sociales,Bibliotecología,"Ciencias Sociales, Periodismo e Información",Periodismo e Información,NO STEM
2025,Universidad de Costa Rica,Bibliotecología y Estudios de la Información,10,Región Central,GAM,Maestría,Posgrado,CINE 7,Ciencias Sociales,Bibliotecología,"Ciencias Sociales, Periodismo e Información",Periodismo e Información,NO STEM
2025,Universidad de Costa Rica,Bibliotecología énfasis Bibliotecas Educativas,214,Región Central,GAM,Bachillerato,Grado,CINE 6,Ciencias Sociales,Bibliotecología,"Ciencias Sociales, Periodismo e Información",Periodismo e Información,NO STEM
2025,Universidad de Costa Rica,Bibliotecología énfasis Ciencias de la Información,136,Región Central,GAM,Bachillerato,Grado,CINE 6,Ciencias Sociales,Bibliotecología,"Ciencias Sociales, Periodismo e Información",Periodismo e Información,NO STEM
2025,Universidad de Costa Rica,Bioinformática y Biología de Sistemas,9,Región Central,GAM,Maestría,Posgrado,CINE 7,Ciencias Básicas,Biología,"Ciencias Naturales, Matemáticas y Estadística",Ciencias Biológicas y Afines,STEM
2025,Universidad de Costa Rica,Biología,415,Región Central,GAM,Licenciatura,Grado,CINE 6,Ciencias Básicas,Biología,"Ciencias Naturales, Matemáticas y Estadística",Ciencias Biológicas y Afines,STEM
2025,Universidad de Costa Rica,Biología énfasis Genética y Biología Molecular,27,Región Central,GAM,Maestría,Posgrado,CINE 7,Ciencias Básicas,Biología,"Ciencias Naturales, Matemáticas y Estadística",Ciencias Biológicas y Afines,STEM
2025,Universidad de Costa Rica,Cardiología,23,Región Central,GAM,Especialidad Profesional,Posgrado,CINE 7,Ciencias de la Salud,Medicina,Salud y Bienestar,Salud,STEM
2025,Universidad de Costa Rica,Ciencia de Alimentos,9,Región Central,GAM,Maestría,Posgrado,CINE 7,Ingeniería,Ingeniería de Alimentos,"Ingeniería, Industria y Construcción",Industria y Producción,STEM
2025,Universidad de Costa Rica,Ciencias,22,Región Central,GAM,Doctorado,Posgrado,CINE 8,Ciencias Básicas,Ciencias,"Ciencias Naturales, Matemáticas y Estadística",Medio Ambiente,STEM
2025,Universidad de Costa Rica,Ciencias Actuariales,226,Región Central,GAM,Licenciatura,Grado,CINE 6,Ciencias Básicas,Ciencias Actuariales,"Ciencias Naturales, Matemáticas y Estadística",Matemáticas y Estadística,STEM
2025,Universidad de Costa Rica,Ciencias Agrícolas,8,Región Central,GAM,Doctorado,Posgrado,CINE 8,Recursos Naturales,Agronomía General,"Agricultura, Silvicultura, Pesca y Veterinaria",Agricultura,STEM
2025,Universidad de Costa Rica,Ciencias Agrícolas y Recursos Naturales énfasis Biotecnología,5,Región Central,GAM,Maestría,Posgrado,CINE 7,Recursos Naturales,Agronomía General,"Agricultura, Silvicultura, Pesca y Veterinaria",Agricultura,STEM
2025,Universidad de Costa Rica,Ciencias Agrícolas y Recursos Naturales énfasis Nutrición Animal,11,Región Central,GAM,Maestría,Posgrado,CINE 7,Recursos Naturales,Zootecnia,"Agricultura, Silvicultura, Pesca y Veterinaria",Agricultura,STEM
2025,Universidad de Costa Rica,Ciencias Agrícolas y Recursos Naturales énfasis Protección de Cultivos,8,Región Central,GAM,Maestría,Posgrado,CINE 7,Recursos Naturales,Agronomía General,"Agricultura, Silvicultura, Pesca y Veterinaria",Agricultura,STEM
2025,Universidad de Costa Rica,Ciencias Agrícolas y Recursos Naturales énfasis Suelos,9,Región Central,GAM,Maestría,Posgrado,CINE 7,Recursos Naturales,Agronomía General,"Agricultura, Silvicultura, Pesca y Veterinaria",Agricultura,STEM
2025,Universidad de Costa Rica,Ciencias Biomédicas énfasis Bioquímica y Fisiología Celular,1,Región Central,GAM,Maestría,Posgrado,CINE 7,Ciencias de la Salud,Biomédica,Salud y Bienestar,Salud,STEM
2025,Universidad de Costa Rica,Ciencias Cognoscitivas,8,Región Central,GAM,Maestría,Posgrado,CINE 7,Artes y Letras,Ciencias Cognoscitivas,Artes y Humanidades,Artes,NO STEM
2025,Universidad de Costa Rica,Ciencias Morfológicas,8,Región Central,GAM,Maestría,Posgrado,CINE 7,Ciencias de la Salud,Medicina,Salud y Bienestar,Salud,STEM
2025,Universidad de Costa Rica,Ciencias Neurológicas,1,Región Central,GAM,Maestría,Posgrado,CINE 7,Ciencias de la Salud,Medicina,Salud y Bienestar,Salud,STEM
2025,Universidad de Costa Rica,Ciencias Penales,10,Región Central,GAM,Maestría,Posgrado,CINE 7,Derecho,Derecho Penal,Administración de Empresas y Derecho,Derecho,NO STEM
2025,Universidad de Costa Rica,Ciencias Políticas,668,Región Central,GAM,Licenciatura,Grado,CINE 6,Ciencias Sociales,Ciencias Políticas,"Ciencias Sociales, Periodismo e Información",Ciencias Sociales y del Comportamiento,NO STEM
2025,Universidad de Costa Rica,Ciencias de la Atmósfera,5,Región Central,GAM,Maestría,Posgrado,CINE 7,Ciencias Básicas,Meteorología,"Ciencias Naturales, Matemáticas y Estadística",Ciencias Físicas,STEM
2025,Universidad de Costa Rica,Ciencias de la Comunicación Colectiva,531,Región Central,GAM,Licenciatura,Grado,CINE 6,Ciencias Sociales,Comunicación,"Ciencias Sociales, Periodismo e Información",Periodismo e Información,NO STEM
2025,Universidad de Costa Rica,Ciencias de la Educación I y II Ciclos con énfasis en Lengua y Cultura Cabécar,26,Región Central,No GAM,Bachillerato,Grado,CINE 6,Educación,Educación Rural,Educación,Educación,NO STEM
2025,Universidad de Costa Rica,Ciencias de la Educación Inicial,83,Región Chorotega,No GAM,Bachillerato,Grado,CINE 6,Educación,Educación Preescolar,Educación,Educación,NO STEM
2025,Universidad de Costa Rica,Ciencias de la Educación Preescolar énfasis Inglés,54,Región Central,No GAM,Bachillerato,Grado,CINE 6,Educación,Educación Preescolar Inglés,Educación,Educación,NO STEM
2025,Universidad de Costa Rica,Ciencias de la Educación Primaria,130,Región Chorotega,No GAM,Bachillerato,Grado,CINE 6,Educación,Educación Primaria,Educación,Educación,NO STEM
2025,Universidad de Costa Rica,Ciencias de la Educación Primaria énfasis Inglés,147,Región Chorotega,No GAM,Bachillerato,Grado,CINE 6,Educación,Educación Primaria Inglés,Educación,Educación,NO STEM
2025,Universidad de Costa Rica,Ciencias de la Educación énfasis Administración de la Educación,39,Región Central,GAM,Licenciatura,Grado,CINE 6,Educación,Administración Educativa,Educación,Educación,NO STEM
2025,Universidad de Costa Rica,Ciencias de la Educación énfasis Administración de la Educación No Formal,70,Región Central,GAM,Licenciatura,Grado,CINE 6,Educación,Educación Generalista,Educación,Educación,NO STEM
2025,Universidad de Costa Rica,Ciencias de la Educación énfasis Educación Especial,125,Región Central,GAM,Bachillerato,Grado,CINE 6,Educación,Educación Especial,Educación,Educación,NO STEM
2025,Universidad de Costa Rica,Ciencias de la Educación énfasis Orientación,183,Región Central,GAM,Licenciatura,Grado,CINE 6,Educación,Orientación,Salud y Bienestar,Bienestar,NO STEM
2025,Universidad de Costa Rica,Ciencias del Movimiento Humano,403,Región Central,GAM,Licenciatura,Grado,CINE 6,Educación,Educación Física,Educación,Educación,NO STEM
2025,Universidad de Costa Rica,Ciencias del Movimiento Humano en el Medio Natural,15,Región Central,No GAM,Licenciatura,Grado,CINE 6,Educación,Educación Física,Educación,Educación,NO STEM
2025,Universidad de Costa Rica,Cirugía Cardiovascular Toráxica,6,Región Central,GAM,Especialidad Profesional,Posgrado,CINE 7,Ciencias de la Salud,Medicina,Salud y Bienestar,Salud,STEM
2025,Universidad de Costa Rica,Cirugía General,39,Región Central,GAM,Especialidad Profesional,Posgrado,CINE 7,Ciencias de la Salud,Medicina,Salud y Bienestar,Salud,STEM
2025,Universidad de Costa Rica,Cirugía Pediátrica,13,Región Central,GAM,Especialidad Profesional,Posgrado,CINE 7,Ciencias de la Salud,Medicina,Salud y Bienestar,Salud,STEM
2025,Universidad de Costa Rica,Cirugía Plástica y Reconstructiva,4,Región Central,GAM,Especialidad Profesional,Posgrado,CINE 7,Ciencias de la Salud,Medicina,Salud y Bienestar,Salud,STEM
2025,Universidad de Costa Rica,Cirugía Toráxica General,3,Región Central,GAM,Especialidad Profesional,Posgrado,CINE 7,Ciencias de la Salud,Medicina,Salud y Bienestar,Salud,STEM
2025,Universidad de Costa Rica,Computación e Informática,111,Región Central,GAM,Maestría,Posgrado,CINE 7,Computación,Ciencias de la Computación,Tecnologías de la Información y Comunicación,Tecnologías de la Información y la Comunicación (TIC),STEM
2025,Universidad de Costa Rica,Computación varios énfasis,816,Región Central,GAM,Bachillerato,Grado,CINE 6,Computación,Ciencias de la Computación,Tecnologías de la Información y Comunicación,Tecnologías de la Información y la Comunicación (TIC),STEM
2025,Universidad de Costa Rica,Comunicación y Desarrollo,8,Región Central,GAM,Maestría,Posgrado,CINE 7,Ciencias Sociales,Comunicación,"Ciencias Sociales, Periodismo e Información",Periodismo e Información,NO STEM
2025,Universidad de Costa Rica,Comunicación énfasis Diseño del Lenguaje Audiovisual y Multimedia,34,Región Central,GAM,Maestría,Posgrado,CINE 7,Ciencias Sociales,Producción Audiovisual,Artes y Humanidades,Artes,NO STEM
2025,Universidad de Costa Rica,Contaduría Pública,1723,Región Central,GAM,Licenciatura,Grado,CINE 6,Ciencias Económicas,Contaduría,Administración de Empresas y Derecho,Educación Comercial y Administración,NO STEM
2025,Universidad de Costa Rica,Derecho,1200,Región Central,GAM,Licenciatura,Grado,CINE 6,Derecho,Derecho,Administración de Empresas y Derecho,Derecho,NO STEM
2025,Universidad de Costa Rica,Derecho Agrario y Ambiental,1,Región Central,GAM,Especialidad Profesional,Posgrado,CINE 7,Derecho,Derecho Agrario,Administración de Empresas y Derecho,Derecho,NO STEM
2025,Universidad de Costa Rica,Derecho Notarial y Registral,15,Región Central,GAM,Especialidad Profesional,Posgrado,CINE 7,Derecho,Derecho Notarial,Administración de Empresas y Derecho,Derecho,NO STEM
2025,Universidad de Costa Rica,Derecho Público,16,Región Central,GAM,Maestría,Posgrado,CINE 7,Derecho,Derecho Público,Administración de Empresas y Derecho,Derecho,NO STEM
2025,Universidad de Costa Rica,Derechos Humanos de la Niñez y la Adolescencia,1,Región Central,GAM,Maestría,Posgrado,CINE 7,Derecho,Derechos Humanos,Administración de Empresas y Derecho,Derecho,NO STEM
2025,Universidad de Costa Rica,Dermatología,25,Región Central,GAM,Especialidad Profesional,Posgrado,CINE 7,Ciencias de la Salud,Medicina,Salud y Bienestar,Salud,STEM
2025,Universidad de Costa Rica,Desarrollo Sostenible énfasis Conservación de los Recursos Biológicos,19,Región Central,No GAM,Maestría,Posgrado,CINE 7,Recursos Naturales,Ecología,"Ciencias Naturales, Matemáticas y Estadística",Medio Ambiente,STEM
2025,Universidad de Costa Rica,Desarrollo Sostenible énfasis Formación y Promoción Ecológica,2,Región Central,No GAM,Maestría,Posgrado,CINE 7,Recursos Naturales,Ecología,"Ciencias Naturales, Matemáticas y Estadística",Medio Ambiente,STEM
2025,Universidad de Costa Rica,Desarrollo Urbano y Gestión Territorial,14,Región Central,GAM,Maestría,Posgrado,CINE 7,Ingeniería,Arquitectura,"Ingeniería, Industria y Construcción",Arquitectura y Construcción,STEM
2025,Universidad de Costa Rica,Didáctica del Inglés para el Nivel Inicial,3,Región Central,GAM,Licenciatura,Grado,CINE 6,Educación,Enseñanza de Inglés,Educación,Educación,NO STEM
2025,Universidad de Costa Rica,Diplomacia,5,Región Central,GAM,Maestría,Posgrado,CINE 7,Ciencias Sociales,Relaciones Internacionales,"Ciencias Sociales, Periodismo e Información",Ciencias Sociales y del Comportamiento,NO STEM
2025,Universidad de Costa Rica,Dirección de Empresas,2857,Región Central,GAM,Licenciatura,Grado,CINE 6,Ciencias Económicas,Administración,Administración de Empresas y Derecho,Educación Comercial y Administración,NO STEM
2025,Universidad de Costa Rica,Diseño Gráfico,682,Región Central,GAM,Licenciatura,Grado,CINE 6,Artes y Letras,Diseño Gráfico,Artes y Humanidades,Artes,NO STEM
2025,Universidad de Costa Rica,Diseño Plástico énfasis Diseño Pictórico,438,Región Central,GAM,Licenciatura,Grado,CINE 6,Artes y Letras,Artes Plásticas,Artes y Humanidades,Artes,NO STEM
2025,Universidad de Costa Rica,Docencia Universitaria,57,Región Central,GAM,Licenciatura,Grado,CINE 6,Educación,Docencia,Educación,Educación,NO STEM
2025,Universidad de Costa Rica,Economía,568,Región Central,GAM,Bachillerato,Grado,CINE 6,Ciencias Económicas,Economía,"Ciencias Sociales, Periodismo e Información",Ciencias Sociales y del Comportamiento,NO STEM
2025,Universidad de Costa Rica,Economía Agrícola y Agronegocios,461,Región Central,GAM,Licenciatura,Grado,CINE 6,Recursos Naturales,Economía Agrícola,"Agricultura, Silvicultura, Pesca y Veterinaria",Agricultura,STEM
2025,Universidad de Costa Rica,Educación,9,Región Central,GAM,Doctorado,Posgrado,CINE 8,Educación,Educación Generalista,Educación,Educación,NO STEM
2025,Universidad de Costa Rica,Educación Especial énfasis Aprendizaje Diverso,1,Región Central,GAM,Licenciatura,Grado,CINE 6,Educación,Educación Especial,Educación,Educación,NO STEM
2025,Universidad de Costa Rica,Educación Especial énfasis Educación de Personas Trastornos,20,Región Central,GAM,Licenciatura,Grado,CINE 6,Educación,Educación Especial,Educación,Educación,NO STEM
2025,Universidad de Costa Rica,Educación Especial énfasis Educación de Personas con Discapacidad Múltiple,10,Región Central,GAM,Licenciatura,Grado,CINE 6,Educación,Educación Especial,Educación,Educación,NO STEM
2025,Universidad de Costa Rica,Educación Inicial Inglés,118,Región Central,No GAM,Bachillerato,Grado,CINE 6,Educación,Educación Preescolar Inglés,Educación,Educación,NO STEM
2025,Universidad de Costa Rica,Educación Matemática,227,Región Central,GAM,Licenciatura,Grado,CINE 6,Educación,Enseñanza de Matemática,Educación,Educación,NO STEM
2025,Universidad de Costa Rica,Educación Preescolar,178,Región Central,GAM,Licenciatura,Grado,CINE 6,Educación,Educación Preescolar,Educación,Educación,NO STEM
2025,Universidad de Costa Rica,Educación Primaria,330,Región Central,GAM,Licenciatura,Grado,CINE 6,Educación,Educación Primaria,Educación,Educación,NO STEM
2025,Universidad de Costa Rica,Educación Primaria Inglés,292,Región Brunca,No GAM,Bachillerato,Grado,CINE 6,Educación,Educación Primaria Inglés,Educación,Educación,NO STEM
2025,Universidad de Costa Rica,Educación de Primera Infancia énfasis Inglés,48,Región Chorotega,No GAM,Licenciatura,Grado,CINE 6,Educación,Educación Preescolar Inglés,Educación,Educación,NO STEM
2025,Universidad de Costa Rica,Educación de personas jovenes y adultas,11,Región Chorotega,No GAM,Licenciatura,Grado,CINE 6,Educación,Educación de Adultos,Educación,Educación,NO STEM
2025,Universidad de Costa Rica,Educación inicial,61,Región Central,No GAM,Licenciatura,Grado,CINE 6,Educación,Educación Preescolar,Educación,Educación,NO STEM
2025,Universidad de Costa Rica,Educación énfasis Docencia Universitaria,12,Región Central,GAM,Maestría,Posgrado,CINE 7,Educación,Docencia,Educación,Educación,NO STEM
2025,Universidad de Costa Rica,Educación énfasis Evaluación Educativa,12,Región Central,GAM,Maestría,Posgrado,CINE 7,Educación,Evaluación Educativa,Educación,Educación,NO STEM
2025,Universidad de Costa Rica,Educación énfasis Orientación Área Familiar,2,Región Central,GAM,Maestría,Posgrado,CINE 7,Educación,Orientación,Salud y Bienestar,Bienestar,NO STEM
2025,Universidad de Costa Rica,Emergencias Médicas,2,Región Central,GAM,Diplomado,Pregrado,CINE 5,Ciencias de la Salud,Emergencias Médicas,Salud y Bienestar,Salud,STEM
2025,Universidad de Costa Rica,Endocrinología,14,Región Central,GAM,Especialidad Profesional,Posgrado,CINE 7,Ciencias de la Salud,Medicina,Salud y Bienestar,Salud,STEM
2025,Universidad de Costa Rica,Enfermería,519,Región Central,GAM,Licenciatura,Grado,CINE 6,Ciencias de la Salud,Enfermería,Salud y Bienestar,Salud,STEM
2025,Universidad de Costa Rica,Enfermería Oncológica y Hematología,10,Región Central,GAM,Maestría,Posgrado,CINE 7,Ciencias de la Salud,Enfermería,Salud y Bienestar,Salud,STEM
2025,Universidad de Costa Rica,Enfermería Quirúrgica,32,Región Central,GAM,Maestría,Posgrado,CINE 7,Ciencias de la Salud,Enfermería,Salud y Bienestar,Salud,STEM
2025,Universidad de Costa Rica,Enfermería en Salud Mental y Psiquiatría,13,Región Central,GAM,Maestría,Posgrado,CINE 7,Ciencias de la Salud,Enfermería,Salud y Bienestar,Salud,STEM
2025,Universidad de Costa Rica,Enseñanza de la Filosofía,91,Región Central,GAM,Bachillerato,Grado,CINE 6,Educación,Enseñanza de Filosofía,Educación,Educación,NO STEM
2025,Universidad de Costa Rica,Enseñanza de la Matemática,330,Región Central,GAM,Licenciatura,Grado,CINE 6,Educación,Enseñanza de Matemática,Educación,Educación,NO STEM
2025,Universidad de Costa Rica,Enseñanza de la Música,218,Región Central,GAM,Licenciatura,Grado,CINE 6,Educación,Enseñanza de Música,Educación,Educación,NO STEM
2025,Universidad de Costa Rica,Enseñanza de la Psicología,115,Región Central,GAM,Bachillerato,Grado,CINE 6,Educación,Enseñanza de Psicología,Educación,Educación,NO STEM
2025,Universidad de Costa Rica,Enseñanza de las Ciencias Naturales,318,Región Central,GAM,Licenciatura,Grado,CINE 6,Educación,Enseñanza de Ciencias,Educación,Educación,NO STEM
2025,Universidad de Costa Rica,Enseñanza de los Estudios Sociales y la Educación Cívica,341,Región Central,GAM,Licenciatura,Grado,CINE 6,Educación,Enseñanza de Estudios Sociales,Educación,Educación,NO STEM
2025,Universidad de Costa Rica,Enseñanza del Castellano y Literatura,350,Región Central,GAM,Licenciatura,Grado,CINE 6,Educación,Enseñanza de Castellano,Educación,Educación,NO STEM
2025,Universidad de Costa Rica,Enseñanza del Francés,126,Región Central,GAM,Bachillerato,Grado,CINE 6,Educación,Enseñanza de Francés,Educación,Educación,NO STEM
2025,Universidad de Costa Rica,Enseñanza del Inglés,697,Región Central,No GAM,Licenciatura,Grado,CINE 6,Educación,Enseñanza de Inglés,Educación,Educación,NO STEM
2025,Universidad de Costa Rica,Enseñanza del Inglés como Lengua Extranjera,43,Región Central,GAM,Maestría,Posgrado,CINE 7,Educación,Enseñanza de Inglés,Educación,Educación,NO STEM
2025,Universidad de Costa Rica,Español como Segunda Lengua,10,Región Central,GAM,Maestría,Posgrado,CINE 7,Artes y Letras,Lenguas,Artes y Humanidades,Idiomas,NO STEM
2025,Universidad de Costa Rica,Estadística,462,Región Central,GAM,Bachillerato,Grado,CINE 6,Ciencias Básicas,Estadística,"Ciencias Naturales, Matemáticas y Estadística",Matemáticas y Estadística,STEM
2025,Universidad de Costa Rica,Estudios Biomédicos,22,Región Central,GAM,Maestría,Posgrado,CINE 7,Ciencias de la Salud,Biomédica,Salud y Bienestar,Salud,STEM
2025,Universidad de Costa Rica,Estudios Interdisciplinarios sobre Discapacidad,2,Región Central,GAM,Maestría,Posgrado,CINE 7,Ciencias Sociales,Estudios de Discapacidad,Salud y Bienestar,Bienestar,NO STEM
2025,Universidad de Costa Rica,Estudios de la Sociedad y la Cultura,22,Región Central,GAM,Doctorado,Posgrado,CINE 8,Ciencias Sociales,Sociología,"Ciencias Sociales, Periodismo e Información",Ciencias Sociales y del Comportamiento,NO STEM
2025,Universidad de Costa Rica,Estudios de las Mujeres Géneros y Sexualidades,12,Región Central,GAM,Maestría,Posgrado,CINE 7,Ciencias Sociales,Estudios de Género,"Ciencias Sociales, Periodismo e Información",Ciencias Sociales y del Comportamiento,NO STEM
2025,Universidad de Costa Rica,Evaluación de Programas y Proyectos de Desarrollo,2,Región Central,GAM,Maestría,Posgrado,CINE 7,Ciencias Económicas,Administración Pública,Administración de Empresas y Derecho,Educación Comercial y Administración,NO STEM
2025,Universidad de Costa Rica,Farmacia,639,Región Central,GAM,Licenciatura,Grado,CINE 6,Ciencias de la Salud,Farmacia,Salud y Bienestar,Salud,STEM
2025,Universidad de Costa Rica,Filología Clásica,176,Región Central,GAM,Licenciatura,Grado,CINE 6,Artes y Letras,Literatura y Lingüística (Español),Artes y Humanidades,Idiomas,NO STEM
2025,Universidad de Costa Rica,Filología Española,318,Región Central,GAM,Licenciatura,Grado,CINE 6,Artes y Letras,Literatura y Lingüística (Español),Artes y Humanidades,Idiomas,NO STEM
2025,Universidad de Costa Rica,Filosofía,227,Región Central,GAM,Licenciatura,Grado,CINE 6,Artes y Letras,Filosofía,Artes y Humanidades,Humanidades,NO STEM
2025,Universidad de Costa Rica,Finanzas y Riesgo,3,Región Central,GAM,Maestría,Posgrado,CINE 7,Ciencias Económicas,Economía,"Ciencias Sociales, Periodismo e Información",Ciencias Sociales y del Comportamiento,NO STEM
2025,Universidad de Costa Rica,Formación en ambientes de aprendizaje mediados con tecnología,12,Región Central,No GAM,Licenciatura,Grado,CINE 6,Educación,Tecnología Educativa,Educación,Educación,NO STEM
2025,Universidad de Costa Rica,Francés,210,Región Central,GAM,Bachillerato,Grado,CINE 6,Artes y Letras,Francés,Artes y Humanidades,Idiomas,NO STEM
2025,Universidad de Costa Rica,Física,340,Región Central,GAM,Bachillerato,Grado,CINE 6,Ciencias Básicas,Física,"Ciencias Naturales, Matemáticas y Estadística",Ciencias Físicas,STEM
2025,Universidad de Costa Rica,Física Médica,20,Región Central,GAM,Maestría,Posgrado,CINE 7,Ciencias de la Salud,Medicina,Salud y Bienestar,Salud,STEM
2025,Universidad de Costa Rica,Gastroenterología y Endoscopía Diagnóstica,12,Región Central,GAM,Especialidad Profesional,Posgrado,CINE 7,Ciencias de la Salud,Medicina,Salud y Bienestar,Salud,STEM
2025,Universidad de Costa Rica,Geografía,257,Región Central,GAM,Licenciatura,Grado,CINE 6,Recursos Naturales,Geografía,"Ciencias Naturales, Matemáticas y Estadística",Ciencias Físicas,STEM
2025,Universidad de Costa Rica,Geología,167,Región Central,GAM,Licenciatura,Grado,CINE 6,Ciencias Básicas,Geología,"Ciencias Naturales, Matemáticas y Estadística",Ciencias Físicas,STEM
2025,Universidad de Costa Rica,Gerencia Agroempresarial,36,Región Central,GAM,Maestría,Posgrado,CINE 7,Recursos Naturales,Ingeniería Agropecuaria Administrativa,"Agricultura, Silvicultura, Pesca y Veterinaria",Agricultura,STEM
2025,Universidad de Costa Rica,Geriatría y Gerontología,48,Región Central,GAM,Especialidad Profesional,Posgrado,CINE 7,Ciencias de la Salud,Medicina,Salud y Bienestar,Salud,STEM
2025,Universidad de Costa Rica,Gerontología,45,Región Central,GAM,Maestría,Posgrado,CINE 7,Ciencias Sociales,Gerontología,Salud y Bienestar,Bienestar,NO STEM
2025,Universidad de Costa Rica,Gestión Ambiental y Ecoturismo,1,Región Central,GAM,Maestría,Posgrado,CINE 7,Recursos Naturales,Ecología,"Ciencias Naturales, Matemáticas y Estadística",Medio Ambiente,STEM
2025,Universidad de Costa Rica,Gestión Cultural,89,Región Pacífico Central,No GAM,Bachillerato,Grado,CINE 6,Ciencias Sociales,Antropología,"Ciencias Sociales, Periodismo e Información",Ciencias Sociales y del Comportamiento,NO STEM
2025,Universidad de Costa Rica,Gestión Ecoturística,577,Región Central,No GAM,Licenciatura,Grado,CINE 6,Ciencias Sociales,Turismo,Servicios,Servicios Personales,NO STEM
2025,Universidad de Costa Rica,Gestión Habitacional Sostenible,5,Región Central,GAM,Maestría,Posgrado,CINE 7,Ingeniería,Arquitectura,"Ingeniería, Industria y Construcción",Arquitectura y Construcción,STEM
2025,Universidad de Costa Rica,Gestión Integrada Áreas Costeras,1,Región Central,GAM,Maestría,Posgrado,CINE 7,Recursos Naturales,Ecología,"Ciencias Naturales, Matemáticas y Estadística",Medio Ambiente,STEM
2025,Universidad de Costa Rica,Gestión Integral del Recurso Hídrico,107,Región Central,No GAM,Bachillerato,Grado,CINE 6,Recursos Naturales,Manejo de Recursos Hídricos,"Ciencias Naturales, Matemáticas y Estadística",Medio Ambiente,STEM
2025,Universidad de Costa Rica,Gestión de Empresas Turísticas Sostenibles,16,Región Central,No GAM,Licenciatura,Grado,CINE 6,Ciencias Sociales,Turismo,Servicios,Servicios Personales,NO STEM
2025,Universidad de Costa Rica,Gestión de Recursos Naturales,117,Región Central,No GAM,Bachillerato,Grado,CINE 6,Recursos Naturales,Ecología,"Ciencias Naturales, Matemáticas y Estadística",Medio Ambiente,STEM
2025,Universidad de Costa Rica,Gestión de la Calidad Microbiología y Química Clínica,13,Región Central,GAM,Especialidad Profesional,Posgrado,CINE 7,Ciencias de la Salud,Microbiología,"Ciencias Naturales, Matemáticas y Estadística",Ciencias Biológicas y Afines,STEM
2025,Universidad de Costa Rica,Gestión del Riesgo en Desastres y Atención de Emergencias,11,Región Central,GAM,Maestría,Posgrado,CINE 7,Ciencias de la Salud,Salud Pública,Salud y Bienestar,Salud,STEM
2025,Universidad de Costa Rica,Ginecología Oncológica,4,Región Central,GAM,Especialidad Profesional,Posgrado,CINE 7,Ciencias de la Salud,Medicina,Salud y Bienestar,Salud,STEM
2025,Universidad de Costa Rica,Ginecología y Obstetricia,53,Región Central,GAM,Especialidad Profesional,Posgrado,CINE 7,Ciencias de la Salud,Medicina,Salud y Bienestar,Salud,STEM
2025,Universidad de Costa Rica,Gobierno y Políticas Públicas,24,Región Central,GAM,Doctorado,Posgrado,CINE 8,Ciencias Sociales,Ciencias Políticas,"Ciencias Sociales, Periodismo e Información",Ciencias Sociales y del Comportamiento,NO STEM
2025,Universidad de Costa Rica,Hematología,8,Región Central,GAM,Especialidad Profesional,Posgrado,CINE 7,Ciencias de la Salud,Microbiología,"Ciencias Naturales, Matemáticas y Estadística",Ciencias Biológicas y Afines,STEM
2025,Universidad de Costa Rica,Hematología Pediátrica,1,Región Central,GAM,Especialidad Profesional,Posgrado,CINE 7,Ciencias de la Salud,Microbiología,"Ciencias Naturales, Matemáticas y Estadística",Ciencias Biológicas y Afines,STEM
2025,Universidad de Costa Rica,Hidrogeología y Manejo de Recursos Hídricos,13,Región Central,GAM,Maestría,Posgrado,CINE 7,Recursos Naturales,Manejo de Recursos Hídricos,"Ciencias Naturales, Matemáticas y Estadística",Ciencias Físicas,STEM
2025,Universidad de Costa Rica,Hidrología,2,Región Central,GAM,Maestría,Posgrado,CINE 7,Recursos Naturales,Manejo de Recursos Hídricos,"Ciencias Naturales, Matemáticas y Estadística",Medio Ambiente,STEM
2025,Universidad de Costa Rica,Historia,311,Región Central,GAM,Licenciatura,Grado,CINE 6,Ciencias Sociales,Historia,Artes y Humanidades,Humanidades,NO STEM
2025,Universidad de Costa Rica,Historia del Arte,69,Región Central,GAM,Licenciatura,Grado,CINE 6,Artes y Letras,Historia del Arte,Artes y Humanidades,Artes,NO STEM
2025,Universidad de Costa Rica,Imagenología Diagnóstica y Terapéutica,92,Región Central,GAM,Licenciatura,Grado,CINE 6,Ciencias de la Salud,Imagenología,Salud y Bienestar,Salud,STEM
2025,Universidad de Costa Rica,Infectología,11,Región Central,GAM,Especialidad Profesional,Posgrado,CINE 7,Ciencias de la Salud,Medicina,Salud y Bienestar,Salud,STEM
2025,Universidad de Costa Rica,Infectología Pediátrica,1,Región Central,GAM,Especialidad Profesional,Posgrado,CINE 7,Ciencias de la Salud,Medicina,Salud y Bienestar,Salud,STEM
2025,Universidad de Costa Rica,Informática Empresarial,2085,Región Huetar Caribe,No GAM,Bachillerato,Grado,CINE 6,Computación,Tecnologías de Información,Tecnologías de la Información y Comunicación,Tecnologías de la Información y la Comunicación (TIC),STEM
2025,Universidad de Costa Rica,Informática y Tecnología Multimedia,297,Región Pacífico Central,No GAM,Licenciatura,Grado,CINE 6,Artes y Letras,Diseño Gráfico,Artes y Humanidades,Artes,NO STEM
2025,Universidad de Costa Rica,Ingeniería,15,Región Central,GAM,Doctorado,Posgrado,CINE 8,Ingeniería,Ingeniería,"Ingeniería, Industria y Construcción",Ingeniería y Profesiones Afines,STEM
2025,Universidad de Costa Rica,Ingeniería Agronómica énfasis Fitotecnia,1,Región Central,GAM,Licenciatura,Grado,CINE 6,Recursos Naturales,Fitotecnia,"Agricultura, Silvicultura, Pesca y Veterinaria",Agricultura,STEM
2025,Universidad de Costa Rica,Ingeniería Agronómica énfasis Zootecnia,354,Región Central,GAM,Licenciatura,Grado,CINE 6,Recursos Naturales,Zootecnia,"Agricultura, Silvicultura, Pesca y Veterinaria",Agricultura,STEM
2025,Universidad de Costa Rica,Ingeniería Agrícola y de Biosistemas,542,Región Central,GAM,Licenciatura,Grado,CINE 6,Ingeniería,Ingeniería Agrícola,"Agricultura, Silvicultura, Pesca y Veterinaria",Agricultura,STEM
2025,Universidad de Costa Rica,Ingeniería Civil,1004,Región Central,GAM,Licenciatura,Grado,CINE 6,Ingeniería,Ingeniería Civil,"Ingeniería, Industria y Construcción",Arquitectura y Construcción,STEM
2025,Universidad de Costa Rica,Ingeniería Desarrollo Sostenible,197,Región Central,No GAM,Licenciatura,Grado,CINE 6,Ingeniería,Ingeniería Ambiental,"Ingeniería, Industria y Construcción",Ingeniería y Profesiones Afines,STEM
2025,Universidad de Costa Rica,Ingeniería Electromecánica Industrial,138,Región Pacífico Central,No GAM,Licenciatura,Grado,CINE 6,Ingeniería,Ingeniería Mecánica,"Ingeniería, Industria y Construcción",Ingeniería y Profesiones Afines,STEM
2025,Universidad de Costa Rica,Ingeniería Eléctrica,1405,Región Central,GAM,Licenciatura,Grado,CINE 6,Ingeniería,Ingeniería Eléctrica,"Ingeniería, Industria y Construcción",Ingeniería y Profesiones Afines,STEM
2025,Universidad de Costa Rica,Ingeniería Industrial,1103,Región Central,GAM,Licenciatura,Grado,CINE 6,Ingeniería,Ingeniería Industrial,"Ingeniería, Industria y Construcción",Industria y Producción,STEM
2025,Universidad de Costa Rica,Ingeniería Mecánica,617,Región Central,GAM,Licenciatura,Grado,CINE 6,Ingeniería,Ingeniería Mecánica,"Ingeniería, Industria y Construcción",Ingeniería y Profesiones Afines,STEM
2025,Universidad de Costa Rica,Ingeniería Mecánica énfasis Protección contra Incendios,204,Región Central,GAM,Licenciatura,Grado,CINE 6,Ingeniería,Ingeniería Mecánica,"Ingeniería, Industria y Construcción",Ingeniería y Profesiones Afines,STEM
2025,Universidad de Costa Rica,Ingeniería Mecánica énfasis Sistemas Térmicos y Energéticos,1,Región Central,GAM,Maestría,Posgrado,CINE 7,Ingeniería,Ingeniería Mecánica,"Ingeniería, Industria y Construcción",Ingeniería y Profesiones Afines,STEM
2025,Universidad de Costa Rica,Ingeniería Química,1000,Región Central,GAM,Licenciatura,Grado,CINE 6,Ingeniería,Ingeniería Química,"Ingeniería, Industria y Construcción",Ingeniería y Profesiones Afines,STEM
2025,Universidad de Costa Rica,Ingeniería Química énfasis Ingeniería Procesos Industriales,1,Región Central,GAM,Maestría,Posgrado,CINE 7,Ingeniería,Ingeniería Química,"Ingeniería, Industria y Construcción",Ingeniería y Profesiones Afines,STEM
2025,Universidad de Costa Rica,Ingeniería Topográfica,392,Región Central,GAM,Licenciatura,Grado,CINE 6,Ingeniería,Ingeniería Topográfica,"Ingeniería, Industria y Construcción",Arquitectura y Construcción,STEM
2025,Universidad de Costa Rica,Ingeniería de Alimentos,423,Región Central,GAM,Licenciatura,Grado,CINE 6,Ingeniería,Ingeniería de Alimentos,"Ingeniería, Industria y Construcción",Industria y Producción,STEM
2025,Universidad de Costa Rica,Ingeniería en Biosistemas,1,Región Central,GAM,Maestría,Posgrado,CINE 7,Ingeniería,Ingeniería Agrícola,"Agricultura, Silvicultura, Pesca y Veterinaria",Agricultura,STEM
2025,Universidad de Costa Rica,Inglés,922,Región Central,GAM,Bachillerato,Grado,CINE 6,Artes y Letras,Inglés,Artes y Humanidades,Idiomas,NO STEM
2025,Universidad de Costa Rica,Inglés Formación Gestión Empresarial,220,Región Pacífico Central,No GAM,Licenciatura,Grado,CINE 6,Artes y Letras,Inglés,Artes y Humanidades,Idiomas,NO STEM
2025,Universidad de Costa Rica,Inmunología,8,Región Central,GAM,Maestría,Posgrado,CINE 7,Ciencias de la Salud,Microbiología,"Ciencias Naturales, Matemáticas y Estadística",Ciencias Biológicas y Afines,STEM
2025,Universidad de Costa Rica,Inmunología Clínica Médica,1,Región Central,GAM,Especialidad Profesional,Posgrado,CINE 7,Ciencias de la Salud,Medicina,Salud y Bienestar,Salud,STEM
2025,Universidad de Costa Rica,Inocuidad de Alimentos,12,Región Central,GAM,Maestría,Posgrado,CINE 7,Ingeniería,Ingeniería de Alimentos,"Ingeniería, Industria y Construcción",Industria y Producción,STEM
2025,Universidad de Costa Rica,Laboratorista Químico,164,Región Central,No GAM,Licenciatura,Grado,CINE 6,Ciencias Básicas,Laboratorista Químico,"Ciencias Naturales, Matemáticas y Estadística",Ciencias Físicas,STEM
2025,Universidad de Costa Rica,Lingüística,40,Región Central,GAM,Maestría,Posgrado,CINE 7,Artes y Letras,Literatura y Lingüística (Español),Artes y Humanidades,Idiomas,NO STEM
2025,Universidad de Costa Rica,Literatura Clásica,17,Región Central,GAM,Maestría,Posgrado,CINE 7,Artes y Letras,Literatura y Lingüística (Español),Artes y Humanidades,Idiomas,NO STEM
2025,Universidad de Costa Rica,Literatura Francesa,10,Región Central,GAM,Maestría,Posgrado,CINE 7,Artes y Letras,Francés,Artes y Humanidades,Idiomas,NO STEM
2025,Universidad de Costa Rica,Literatura Inglesa,25,Región Central,GAM,Maestría,Posgrado,CINE 7,Artes y Letras,Inglés,Artes y Humanidades,Idiomas,NO STEM
2025,Universidad de Costa Rica,Literatura Latinoamericana,36,Región Central,GAM,Maestría,Posgrado,CINE 7,Artes y Letras,Literatura y Lingüística (Español),Artes y Humanidades,Idiomas,NO STEM
2025,Universidad de Costa Rica,Marina Civil énfasis Ingeniería Náutica y Transporte Marítimo,7,Región Huetar Caribe,No GAM,Licenciatura,Grado,CINE 6,Ingeniería,Ingeniería Naútica,"Ingeniería, Industria y Construcción",Ingeniería y Profesiones Afines,STEM
2025,Universidad de Costa Rica,Marina Civil énfasis Ingeniería Náutica y Transporte Marítimo e Ingeniería Marina,25,Región Huetar Caribe,No GAM,Licenciatura,Grado,CINE 6,Ingeniería,Ingeniería Naútica,"Ingeniería, Industria y Construcción",Ingeniería y Profesiones Afines,STEM
2025,Universidad de Costa Rica,Matemática énfasis Matemática Aplicada,21,Región Central,GAM,Maestría,Posgrado,CINE 7,Ciencias Básicas,Matemática,"Ciencias Naturales, Matemáticas y Estadística",Matemáticas y Estadística,STEM
2025,Universidad de Costa Rica,Matemática énfasis Matemática Pura,11,Región Central,GAM,Maestría,Posgrado,CINE 7,Ciencias Básicas,Matemática,"Ciencias Naturales, Matemáticas y Estadística",Matemáticas y Estadística,STEM
2025,Universidad de Costa Rica,Matemáticas,119,Región Central,GAM,Licenciatura,Grado,CINE 6,Ciencias Básicas,Matemática,"Ciencias Naturales, Matemáticas y Estadística",Matemáticas y Estadística,STEM
2025,Universidad de Costa Rica,Medicina Crítica Pediátrica,2,Región Central,GAM,Especialidad Profesional,Posgrado,CINE 7,Ciencias de la Salud,Medicina,Salud y Bienestar,Salud,STEM
2025,Universidad de Costa Rica,Medicina Crítica y Terapia Intensiva,7,Región Central,GAM,Especialidad Profesional,Posgrado,CINE 7,Ciencias de la Salud,Medicina,Salud y Bienestar,Salud,STEM
2025,Universidad de Costa Rica,Medicina Extracorpórea,2,Región Central,GAM,Especialidad Profesional,Posgrado,CINE 7,Ciencias de la Salud,Medicina,Salud y Bienestar,Salud,STEM
2025,Universidad de Costa Rica,Medicina Familiar y Comunitaria,32,Región Central,GAM,Especialidad Profesional,Posgrado,CINE 7,Ciencias de la Salud,Medicina,Salud y Bienestar,Salud,STEM
2025,Universidad de Costa Rica,Medicina Física y Rehabilitación,16,Región Central,GAM,Especialidad Profesional,Posgrado,CINE 7,Ciencias de la Salud,Medicina,Salud y Bienestar,Salud,STEM
2025,Universidad de Costa Rica,Medicina Interna,66,Región Central,GAM,Especialidad Profesional,Posgrado,CINE 7,Ciencias de la Salud,Medicina,Salud y Bienestar,Salud,STEM
2025,Universidad de Costa Rica,Medicina Legal,9,Región Central,GAM,Especialidad Profesional,Posgrado,CINE 7,Ciencias de la Salud,Medicina,Salud y Bienestar,Salud,STEM
2025,Universidad de Costa Rica,Medicina Materno Fetal,2,Región Central,GAM,Especialidad Profesional,Posgrado,CINE 7,Ciencias de la Salud,Medicina,Salud y Bienestar,Salud,STEM
2025,Universidad de Costa Rica,Medicina Paliativa,9,Región Central,GAM,Especialidad Profesional,Posgrado,CINE 7,Ciencias de la Salud,Medicina,Salud y Bienestar,Salud,STEM
2025,Universidad de Costa Rica,Medicina de Emergencias,27,Región Central,GAM,Especialidad Profesional,Posgrado,CINE 7,Ciencias de la Salud,Medicina,Salud y Bienestar,Salud,STEM
2025,Universidad de Costa Rica,Medicina y Cirugía,748,Región Central,GAM,Licenciatura,Grado,CINE 6,Ciencias de la Salud,Medicina,Salud y Bienestar,Salud,STEM
2025,Universidad de Costa Rica,Meteorología,28,Región Central,GAM,Licenciatura,Grado,CINE 6,Ciencias Básicas,Meteorología,"Ciencias Naturales, Matemáticas y Estadística",Ciencias Físicas,STEM
2025,Universidad de Costa Rica,Micología Médica,6,Región Central,GAM,Especialidad Profesional,Posgrado,CINE 7,Ciencias de la Salud,Microbiología,Salud y Bienestar,Salud,STEM
2025,Universidad de Costa Rica,Microbiología,11,Región Central,GAM,Maestría,Posgrado,CINE 7,Ciencias de la Salud,Microbiología,"Ciencias Naturales, Matemáticas y Estadística",Ciencias Biológicas y Afines,STEM
2025,Universidad de Costa Rica,Microbiología y Química Clínica,377,Región Central,GAM,Licenciatura,Grado,CINE 6,Ciencias de la Salud,Microbiología,"Ciencias Naturales, Matemáticas y Estadística",Ciencias Biológicas y Afines,STEM
2025,Universidad de Costa Rica,Microbiología énfasis Bacteriología,9,Región Central,GAM,Maestría,Posgrado,CINE 7,Ciencias de la Salud,Microbiología,"Ciencias Naturales, Matemáticas y Estadística",Ciencias Biológicas y Afines,STEM
2025,Universidad de Costa Rica,Modelación Matemática,79,Región Central,No GAM,Bachillerato,Grado,CINE 6,Ciencias Básicas,Matemática,"Ciencias Naturales, Matemáticas y Estadística",Matemáticas y Estadística,STEM
2025,Universidad de Costa Rica,Métodos Matemáticos y Aplicación,30,Región Central,GAM,Maestría,Posgrado,CINE 7,Ciencias Básicas,Matemática,"Ciencias Naturales, Matemáticas y Estadística",Matemáticas y Estadística,STEM
2025,Universidad de Costa Rica,Música énfasis Canto,23,Región Central,GAM,Licenciatura,Grado,CINE 6,Artes y Letras,Artes Musicales,Artes y Humanidades,Artes,NO STEM
2025,Universidad de Costa Rica,Música énfasis Composición,29,Región Central,GAM,Licenciatura,Grado,CINE 6,Artes y Letras,Artes Musicales,Artes y Humanidades,Artes,NO STEM
2025,Universidad de Costa Rica,Música énfasis Dirección,10,Región Central,GAM,Bachillerato,Grado,CINE 6,Artes y Letras,Artes Musicales,Artes y Humanidades,Artes,NO STEM
2025,Universidad de Costa Rica,Música énfasis Dirección Orquestal,3,Región Central,GAM,Licenciatura,Grado,CINE 6,Artes y Letras,Artes Musicales,Artes y Humanidades,Artes,NO STEM
2025,Universidad de Costa Rica,Música énfasis Enseñanza Instrumental o Vocal,10,Región Central,GAM,Licenciatura,Grado,CINE 6,Educación,Enseñanza de Música,Educación,Educación,NO STEM
2025,Universidad de Costa Rica,Música énfasis Flauta,1,Región Central,GAM,Maestría,Posgrado,CINE 7,Artes y Letras,Artes Musicales,Artes y Humanidades,Artes,NO STEM
2025,Universidad de Costa Rica,Música énfasis Guitarra,18,Región Central,GAM,Licenciatura,Grado,CINE 6,Artes y Letras,Artes Musicales,Artes y Humanidades,Artes,NO STEM
2025,Universidad de Costa Rica,Música énfasis Instrumentos de Cuerdas,36,Región Central,GAM,Licenciatura,Grado,CINE 6,Artes y Letras,Artes Musicales,Artes y Humanidades,Artes,NO STEM
2025,Universidad de Costa Rica,Música énfasis Instrumentos de Viento o Percusión,84,Región Central,GAM,Licenciatura,Grado,CINE 6,Artes y Letras,Artes Musicales,Artes y Humanidades,Artes,NO STEM
2025,Universidad de Costa Rica,Música énfasis Percusión,1,Región Central,GAM,Maestría,Posgrado,CINE 7,Artes y Letras,Artes Musicales,Artes y Humanidades,Artes,NO STEM
2025,Universidad de Costa Rica,Música énfasis Piano,18,Región Central,GAM,Licenciatura,Grado,CINE 6,Artes y Letras,Artes Musicales,Artes y Humanidades,Artes,NO STEM
2025,Universidad de Costa Rica,Música énfasis Trompeta,2,Región Central,GAM,Maestría,Posgrado,CINE 7,Artes y Letras,Artes Musicales,Artes y Humanidades,Artes,NO STEM
2025,Universidad de Costa Rica,Música énfasis Viola,2,Región Central,GAM,Maestría,Posgrado,CINE 7,Artes y Letras,Artes Musicales,Artes y Humanidades,Artes,NO STEM
2025,Universidad de Costa Rica,Música énfasis Violín,1,Región Central,GAM,Maestría,Posgrado,CINE 7,Artes y Letras,Artes Musicales,Artes y Humanidades,Artes,NO STEM
2025,Universidad de Costa Rica,Nefrología,9,Región Central,GAM,Especialidad Profesional,Posgrado,CINE 7,Ciencias de la Salud,Medicina,Salud y Bienestar,Salud,STEM
2025,Universidad de Costa Rica,Nefrología Pediátrica,1,Región Central,GAM,Especialidad Profesional,Posgrado,CINE 7,Ciencias de la Salud,Medicina,Salud y Bienestar,Salud,STEM
2025,Universidad de Costa Rica,Neonatología,4,Región Central,GAM,Especialidad Profesional,Posgrado,CINE 7,Ciencias de la Salud,Medicina,Salud y Bienestar,Salud,STEM
2025,Universidad de Costa Rica,Neumología,6,Región Central,GAM,Especialidad Profesional,Posgrado,CINE 7,Ciencias de la Salud,Medicina,Salud y Bienestar,Salud,STEM
2025,Universidad de Costa Rica,Neumología Pediátrica,2,Región Central,GAM,Especialidad Profesional,Posgrado,CINE 7,Ciencias de la Salud,Medicina,Salud y Bienestar,Salud,STEM
2025,Universidad de Costa Rica,Neurocirugía,15,Región Central,GAM,Especialidad Profesional,Posgrado,CINE 7,Ciencias de la Salud,Medicina,Salud y Bienestar,Salud,STEM
2025,Universidad de Costa Rica,Neurología,15,Región Central,GAM,Especialidad Profesional,Posgrado,CINE 7,Ciencias de la Salud,Medicina,Salud y Bienestar,Salud,STEM
2025,Universidad de Costa Rica,Nutrición,317,Región Central,GAM,Licenciatura,Grado,CINE 6,Ciencias de la Salud,Nutrición,Salud y Bienestar,Salud,STEM
2025,Universidad de Costa Rica,Odontología,535,Región Central,GAM,Licenciatura,Grado,CINE 6,Ciencias de la Salud,Odontología,Salud y Bienestar,Salud,STEM
2025,Universidad de Costa Rica,Odontología Odontopediatría,4,Región Central,GAM,Maestría,Posgrado,CINE 7,Ciencias de la Salud,Odontología,Salud y Bienestar,Salud,STEM
2025,Universidad de Costa Rica,Odontología en Endodoncia,4,Región Central,GAM,Maestría,Posgrado,CINE 7,Ciencias de la Salud,Odontología,Salud y Bienestar,Salud,STEM
2025,Universidad de Costa Rica,Odontología y Cirugía Dental,3,Región Central,GAM,Maestría,Posgrado,CINE 7,Ciencias de la Salud,Odontología,Salud y Bienestar,Salud,STEM
2025,Universidad de Costa Rica,Odontología énfasis Prostodoncia,9,Región Central,GAM,Maestría,Posgrado,CINE 7,Ciencias de la Salud,Odontología,Salud y Bienestar,Salud,STEM
2025,Universidad de Costa Rica,Oftalmología,19,Región Central,GAM,Especialidad Profesional,Posgrado,CINE 7,Ciencias de la Salud,Medicina,Salud y Bienestar,Salud,STEM
2025,Universidad de Costa Rica,Oncología Médica,5,Región Central,GAM,Especialidad Profesional,Posgrado,CINE 7,Ciencias de la Salud,Medicina,Salud y Bienestar,Salud,STEM
2025,Universidad de Costa Rica,Oncología Médica Pediátrica,1,Región Central,GAM,Especialidad Profesional,Posgrado,CINE 7,Ciencias de la Salud,Medicina,Salud y Bienestar,Salud,STEM
2025,Universidad de Costa Rica,Oncología Quirúrgica,1,Región Central,GAM,Especialidad Profesional,Posgrado,CINE 7,Ciencias de la Salud,Medicina,Salud y Bienestar,Salud,STEM
2025,Universidad de Costa Rica,Oncología Radioterápica,5,Región Central,GAM,Especialidad Profesional,Posgrado,CINE 7,Ciencias de la Salud,Medicina,Salud y Bienestar,Salud,STEM
2025,Universidad de Costa Rica,Ortopedia y Traumatología,51,Región Central,GAM,Especialidad Profesional,Posgrado,CINE 7,Ciencias de la Salud,Medicina,Salud y Bienestar,Salud,STEM
2025,Universidad de Costa Rica,Ortopedia y Traumatología Infantil,4,Región Central,GAM,Especialidad Profesional,Posgrado,CINE 7,Ciencias de la Salud,Medicina,Salud y Bienestar,Salud,STEM
2025,Universidad de Costa Rica,Ortoprotesis y Ortopedia,94,Región Central,GAM,Licenciatura,Grado,CINE 6,Ciencias de la Salud,Medicina,Salud y Bienestar,Salud,STEM
2025,Universidad de Costa Rica,Otorrinolaringología y Cirugía de Cabeza y Cuello,22,Región Central,GAM,Especialidad Profesional,Posgrado,CINE 7,Ciencias de la Salud,Medicina,Salud y Bienestar,Salud,STEM
2025,Universidad de Costa Rica,Paisajismo y Diseño de Sitio,15,Región Central,GAM,Maestría,Posgrado,CINE 7,Ingeniería,Arquitectura,"Ingeniería, Industria y Construcción",Arquitectura y Construcción,STEM
2025,Universidad de Costa Rica,Pediatría,40,Región Central,GAM,Especialidad Profesional,Posgrado,CINE 7,Ciencias de la Salud,Medicina,Salud y Bienestar,Salud,STEM
2025,Universidad de Costa Rica,Planificación Curricular,12,Región Central,GAM,Maestría,Posgrado,CINE 7,Educación,Currículo,Educación,Educación,NO STEM
2025,Universidad de Costa Rica,Promoción de la Salud,135,Región Central,GAM,Licenciatura,Grado,CINE 6,Ciencias de la Salud,Salud Pública,Salud y Bienestar,Salud,STEM
2025,Universidad de Costa Rica,Psicología,879,Región Central,GAM,Licenciatura,Grado,CINE 6,Ciencias Sociales,Psicología,"Ciencias Sociales, Periodismo e Información",Ciencias Sociales y del Comportamiento,NO STEM
2025,Universidad de Costa Rica,Psicología Clínica,8,Región Central,GAM,Especialidad Profesional,Posgrado,CINE 7,Ciencias Sociales,Psicología,"Ciencias Sociales, Periodismo e Información",Ciencias Sociales y del Comportamiento,NO STEM
2025,Universidad de Costa Rica,Psicología Clínica y de la Salud,16,Región Central,GAM,Maestría,Posgrado,CINE 7,Ciencias Sociales,Psicología,"Ciencias Sociales, Periodismo e Información",Ciencias Sociales y del Comportamiento,NO STEM
2025,Universidad de Costa Rica,Psicología Comunitaria,10,Región Central,GAM,Maestría,Posgrado,CINE 7,Ciencias Sociales,Psicología,"Ciencias Sociales, Periodismo e Información",Ciencias Sociales y del Comportamiento,NO STEM
2025,Universidad de Costa Rica,Psicología del Trabajo y de las Organizaciones,1,Región Central,GAM,Maestría,Posgrado,CINE 7,Ciencias Sociales,Psicología,"Ciencias Sociales, Periodismo e Información",Ciencias Sociales y del Comportamiento,NO STEM
2025,Universidad de Costa Rica,Psiquiatría,37,Región Central,GAM,Especialidad Profesional,Posgrado,CINE 7,Ciencias de la Salud,Medicina,Salud y Bienestar,Salud,STEM
2025,Universidad de Costa Rica,Psiquiatría Infantil,1,Región Central,GAM,Especialidad Profesional,Posgrado,CINE 7,Ciencias de la Salud,Medicina,Salud y Bienestar,Salud,STEM
2025,Universidad de Costa Rica,Química,462,Región Central,GAM,Licenciatura,Grado,CINE 6,Ciencias Básicas,Química,"Ciencias Naturales, Matemáticas y Estadística",Ciencias Físicas,STEM
2025,Universidad de Costa Rica,Radiología e Imágenes Médicas,42,Región Central,GAM,Especialidad Profesional,Posgrado,CINE 7,Ciencias de la Salud,Medicina,Salud y Bienestar,Salud,STEM
2025,Universidad de Costa Rica,Reumatología,2,Región Central,GAM,Especialidad Profesional,Posgrado,CINE 7,Ciencias de la Salud,Medicina,Salud y Bienestar,Salud,STEM
2025,Universidad de Costa Rica,Salud Ambiental,270,Región Central,GAM,Licenciatura,Grado,CINE 6,Ciencias de la Salud,Salud Pública,Salud y Bienestar,Salud,STEM
2025,Universidad de Costa Rica,Salud Pública énfasis Gerencia de la Salud,1,Región Central,GAM,Maestría,Posgrado,CINE 7,Ciencias de la Salud,Salud Pública,Salud y Bienestar,Salud,STEM
2025,Universidad de Costa Rica,Sistemas de Información Geográfica y Teledetección,1,Región Central,GAM,Maestría,Posgrado,CINE 7,Recursos Naturales,Geografía,"Ciencias Naturales, Matemáticas y Estadística",Ciencias Físicas,STEM
2025,Universidad de Costa Rica,Sociología,347,Región Central,GAM,Licenciatura,Grado,CINE 6,Ciencias Sociales,Sociología,"Ciencias Sociales, Periodismo e Información",Ciencias Sociales y del Comportamiento,NO STEM
2025,Universidad de Costa Rica,Tecnologías de Información y Comunicación para la Gestión Organizacional,1,Región Central,GAM,Maestría,Posgrado,CINE 7,Computación,Tecnologías de Información,Tecnologías de la Información y Comunicación,Tecnologías de la Información y la Comunicación (TIC),NO STEM
2025,Universidad de Costa Rica,Teoría Psicoanalítica,13,Región Central,GAM,Maestría,Posgrado,CINE 7,Ciencias Sociales,Psicología,"Ciencias Sociales, Periodismo e Información",Ciencias Sociales y del Comportamiento,NO STEM
2025,Universidad de Costa Rica,Terapia Física,255,Región Central,GAM,Licenciatura,Grado,CINE 6,Ciencias de la Salud,Terapia Física,Salud y Bienestar,Salud,STEM
2025,Universidad de Costa Rica,Trabajo Social,707,Región Central,GAM,Licenciatura,Grado,CINE 6,Ciencias Sociales,Trabajo Social,Salud y Bienestar,Bienestar,NO STEM
2025,Universidad de Costa Rica,Urología,22,Región Central,GAM,Especialidad Profesional,Posgrado,CINE 7,Ciencias de la Salud,Medicina,Salud y Bienestar,Salud,STEM
2025,Universidad de Costa Rica,Vascular Periférico,14,Región Central,GAM,Especialidad Profesional,Posgrado,CINE 7,Ciencias de la Salud,Medicina,Salud y Bienestar,Salud,STEM
